timestamp,hour_rain,instant_rain,last_hour_rain,max_24h_rain,max_24h_time,min_24h_rain,min_24h_time,today_rain,total_rain,yesterday_rain
1783562783.44,0.0,0.0,0.0,0.0,00:01,0.0,00:01,0.0,7.1,0.0
1783562784.488,0.0,0.0,0.0,0.0,00:01,0.0,00:01,0.0,7.1,0.0
1783562785.536,0.0,0.0,0.0,0.0,00:01,0.0,00:01,0.0,7.1,0.0
1783562786.584,0.0,0.0,0.0,0.0,00:01,0.0,00:01,0.0,7.1,0.0
1783562787.631,0.0,0.0,0.0,0.0,00:01,0.0,00:01,0.0,7.1,0.0
1783562788.678,0.0,0.0,0.0,0.0,00:01,0.0,00:01,0.0,7.1,0.0
1783562789.724,0.0,0.0,0.0,0.0,00:01,0.0,00:01,0.0,7.1,0.0
1783562790.771,0.0,0.0,0.0,0.0,00:01,0.0,00:01,0.0,7.1,0.0
1783562791.817,0.0,0.0,0.0,0.0,00:01,0.0,00:01,0.0,7.1,0.0
1783562792.864,0.0,0.0,0.0,0.0,00:01,0.0,00:01,0.0,7.1,0.0
1783562793.911,0.0,0.0,0.0,0.0,00:01,0.0,00:01,0.0,7.1,0.0
1783562794.958,0.0,0.0,0.0,0.0,00:01,0.0,00:01,0.0,7.1,0.0
1783562796.005,0.0,0.0,0.0,0.0,00:01,0.0,00:01,0.0,7.1,0.0
1783562797.051,0.0,0.0,0.0,0.0,00:01,0.0,00:01,0.0,7.1,0.0
1783562798.098,0.0,0.0,0.0,0.0,00:01,0.0,00:01,0.0,7.1,0.0
1783562799.145,0.0,0.0,0.0,0.0,00:01,0.0,00:01,0.0,7.1,0.0
1783562800.192,0.0,0.0,0.0,0.0,00:01,0.0,00:01,0.0,7.1,0.0
1783562801.239,0.0,0.0,0.0,0.0,00:01,0.0,00:01,0.0,7.1,0.0
1783562802.286,0.0,0.0,0.0,0.0,00:01,0.0,00:01,0.0,7.1,0.0
1783562803.333,0.0,0.0,0.0,0.0,00:01,0.0,00:01,0.0,7.1,0.0
1783562804.38,0.0,0.0,0.0,0.0,00:01,0.0,00:01,0.0,7.1,0.0
1783562805.427,0.0,0.0,0.0,0.0,00:01,0.0,00:01,0.0,7.1,0.0
1783562806.474,0.0,0.0,0.0,0.0,00:01,0.0,00:01,0.0,7.1,0.0
1783562807.521,0.0,0.0,0.0,0.0,00:01,0.0,00:01,0.0,7.1,0.0
1783562808.568,0.0,0.0,0.0,0.0,00:01,0.0,00:01,0.0,7.1,0.0
1783562809.615,0.0,0.0,0.0,0.0,00:01,0.0,00:01,0.0,7.1,0.0
1783562810.661,0.0,0.0,0.0,0.0,00:01,0.0,00:01,0.0,7.1,0.0
1783562811.708,0.0,0.0,0.0,0.0,00:01,0.0,00:01,0.0,7.1,0.0
1783562812.755,0.0,0.0,0.0,0.0,00:01,0.0,00:01,0.0,7.1,0.0
1783562813.804,0.0,0.0,0.0,0.0,00:01,0.0,00:01,0.0,7.1,0.0
1783562814.852,0.0,0.0,0.0,0.0,00:01,0.0,00:01,0.0,7.1,0.0
1783562815.898,0.0,0.0,0.0,0.0,00:01,0.0,00:01,0.0,7.1,0.0
1783562816.945,0.0,0.0,0.0,0.0,00:01,0.0,00:01,0.0,7.1,0.0
1783562817.995,0.0,0.0,0.0,0.0,00:01,0.0,00:01,0.0,7.1,0.0
1783562819.041,0.0,0.0,0.0,0.0,00:01,0.0,00:01,0.0,7.1,0.0
1783562820.088,0.0,0.0,0.0,0.0,00:01,0.0,00:01,0.0,7.1,0.0
1783562821.135,0.0,0.0,0.0,0.0,00:01,0.0,00:01,0.0,7.1,0.0
1783562822.182,0.0,0.0,0.0,0.0,00:01,0.0,00:01,0.0,7.1,0.0
1783562823.229,0.0,0.0,0.0,0.0,00:01,0.0,00:01,0.0,7.1,0.0
1783562824.276,0.0,0.0,0.0,0.0,00:01,0.0,00:01,0.0,7.1,0.0
1783562825.323,0.0,0.0,0.0,0.0,00:01,0.0,00:01,0.0,7.1,0.0
1783562826.37,0.0,0.0,0.0,0.0,00:01,0.0,00:01,0.0,7.1,0.0
1783562827.417,0.0,0.0,0.0,0.0,00:01,0.0,00:01,0.0,7.1,0.0
1783562828.466,0.0,0.0,0.0,0.0,00:01,0.0,00:01,0.0,7.1,0.0
1783562829.512,0.0,0.0,0.0,0.0,00:01,0.0,00:01,0.0,7.1,0.0
1783562830.559,0.0,0.0,0.0,0.0,00:01,0.0,00:01,0.0,7.1,0.0
1783562831.606,0.0,0.0,0.0,0.0,00:01,0.0,00:01,0.0,7.1,0.0
1783562832.653,0.0,0.0,0.0,0.0,00:01,0.0,00:01,0.0,7.1,0.0
1783562833.699,0.0,0.0,0.0,0.0,00:01,0.0,00:01,0.0,7.1,0.0
1783562834.746,0.0,0.0,0.0,0.0,00:01,0.0,00:01,0.0,7.1,0.0
1783562835.793,0.0,0.0,0.0,0.0,00:01,0.0,00:01,0.0,7.1,0.0
1783562836.84,0.0,0.0,0.0,0.0,00:01,0.0,00:01,0.0,7.1,0.0
1783562837.887,0.0,0.0,0.0,0.0,00:01,0.0,00:01,0.0,7.1,0.0
1783562838.933,0.0,0.0,0.0,0.0,00:01,0.0,00:01,0.0,7.1,0.0
1783562839.98,0.0,0.0,0.0,0.0,00:01,0.0,00:01,0.0,7.1,0.0
1783562841.027,0.0,0.0,0.0,0.0,00:01,0.0,00:01,0.0,7.1,0.0
1783562842.073,0.0,0.0,0.0,0.0,00:01,0.0,00:01,0.0,7.1,0.0
1783562843.12,0.0,0.0,0.0,0.0,00:01,0.0,00:01,0.0,7.1,0.0
1783562844.18,0.0,0.0,0.0,0.0,00:01,0.0,00:01,0.0,7.1,0.0
1783562845.248,0.0,0.0,0.0,0.0,00:01,0.0,00:01,0.0,7.1,0.0
1783562846.332,0.0,0.0,0.0,0.0,00:01,0.0,00:01,0.0,7.1,0.0
1783562847.403,0.0,0.0,0.0,0.0,00:01,0.0,00:01,0.0,7.1,0.0
1783562848.475,0.0,0.0,0.0,0.0,00:01,0.0,00:01,0.0,7.1,0.0
1783562849.546,0.0,0.0,0.0,0.0,00:01,0.0,00:01,0.0,7.1,0.0
1783562850.617,0.0,0.0,0.0,0.0,00:01,0.0,00:01,0.0,7.1,0.0
1783562851.718,0.0,0.0,0.0,0.0,00:01,0.0,00:01,0.0,7.1,0.0
1783562852.785,0.0,0.0,0.0,0.0,00:01,0.0,00:01,0.0,7.1,0.0
1783562853.904,0.0,0.0,0.0,0.0,00:01,0.0,00:01,0.0,7.1,0.0
1783562854.966,0.0,0.0,0.0,0.0,00:01,0.0,00:01,0.0,7.1,0.0
1783562856.055,0.0,0.0,0.0,0.0,00:01,0.0,00:01,0.0,7.1,0.0
1783562857.127,0.0,0.0,0.0,0.0,00:01,0.0,00:01,0.0,7.1,0.0
1783562858.199,0.0,0.0,0.0,0.0,00:01,0.0,00:01,0.0,7.1,0.0
1783562859.313,0.0,0.0,0.0,0.0,00:01,0.0,00:01,0.0,7.1,0.0
1783563016.793,0.0,0.0,0.0,0.0,00:01,0.0,00:01,0.0,7.1,0.0
1783563017.84,0.0,0.0,0.0,0.0,00:01,0.0,00:01,0.0,7.1,0.0
1783563018.889,0.0,0.0,0.0,0.0,00:01,0.0,00:01,0.0,7.1,0.0
1783563019.935,0.0,0.0,0.0,0.0,00:01,0.0,00:01,0.0,7.1,0.0
1783563020.982,0.0,0.0,0.0,0.0,00:01,0.0,00:01,0.0,7.1,0.0
1783563022.029,0.0,0.0,0.0,0.0,00:01,0.0,00:01,0.0,7.1,0.0
1783563023.075,0.0,0.0,0.0,0.0,00:01,0.0,00:01,0.0,7.1,0.0
1783563024.122,0.0,0.0,0.0,0.0,00:01,0.0,00:01,0.0,7.1,0.0
1783563025.168,0.0,0.0,0.0,0.0,00:01,0.0,00:01,0.0,7.1,0.0
1783563026.215,0.0,0.0,0.0,0.0,00:01,0.0,00:01,0.0,7.1,0.0
1783563027.261,0.0,0.0,0.0,0.0,00:01,0.0,00:01,0.0,7.1,0.0
1783563028.308,0.0,0.0,0.0,0.0,00:01,0.0,00:01,0.0,7.1,0.0
1783563029.354,0.0,0.0,0.0,0.0,00:01,0.0,00:01,0.0,7.1,0.0
1783563030.401,0.0,0.0,0.0,0.0,00:01,0.0,00:01,0.0,7.1,0.0
1783563031.447,0.0,0.0,0.0,0.0,00:01,0.0,00:01,0.0,7.1,0.0
1783563032.495,0.0,0.0,0.0,0.0,00:01,0.0,00:01,0.0,7.1,0.0
1783563033.542,0.0,0.0,0.0,0.0,00:01,0.0,00:01,0.0,7.1,0.0
1783563034.588,0.0,0.0,0.0,0.0,00:01,0.0,00:01,0.0,7.1,0.0
1783563035.635,0.0,0.0,0.0,0.0,00:01,0.0,00:01,0.0,7.1,0.0
1783563036.682,0.0,0.0,0.0,0.0,00:01,0.0,00:01,0.0,7.1,0.0
1783563037.729,0.0,0.0,0.0,0.0,00:01,0.0,00:01,0.0,7.1,0.0
1783563038.776,0.0,0.0,0.0,0.0,00:01,0.0,00:01,0.0,7.1,0.0
1783563039.823,0.0,0.0,0.0,0.0,00:01,0.0,00:01,0.0,7.1,0.0
1783563040.87,0.0,0.0,0.0,0.0,00:01,0.0,00:01,0.0,7.1,0.0
1783563041.917,0.0,0.0,0.0,0.0,00:01,0.0,00:01,0.0,7.1,0.0
1783563042.964,0.0,0.0,0.0,0.0,00:01,0.0,00:01,0.0,7.1,0.0
1783563044.011,0.0,0.0,0.0,0.0,00:01,0.0,00:01,0.0,7.1,0.0
1783563045.058,0.0,0.0,0.0,0.0,00:01,0.0,00:01,0.0,7.1,0.0
1783563046.105,0.0,0.0,0.0,0.0,00:01,0.0,00:01,0.0,7.1,0.0
1783563047.151,0.0,0.0,0.0,0.0,00:01,0.0,00:01,0.0,7.1,0.0
1783563048.199,0.0,0.0,0.0,0.0,00:01,0.0,00:01,0.0,7.1,0.0
1783563049.245,0.0,0.0,0.0,0.0,00:01,0.0,00:01,0.0,7.1,0.0
1783563050.293,0.0,0.0,0.0,0.0,00:01,0.0,00:01,0.0,7.1,0.0
1783563051.34,0.0,0.0,0.0,0.0,00:01,0.0,00:01,0.0,7.1,0.0
1783563052.387,0.0,0.0,0.0,0.0,00:01,0.0,00:01,0.0,7.1,0.0
1783563053.433,0.0,0.0,0.0,0.0,00:01,0.0,00:01,0.0,7.1,0.0
1783563054.48,0.0,0.0,0.0,0.0,00:01,0.0,00:01,0.0,7.1,0.0
1783563055.526,0.0,0.0,0.0,0.0,00:01,0.0,00:01,0.0,7.1,0.0
1783563056.573,0.0,0.0,0.0,0.0,00:01,0.0,00:01,0.0,7.1,0.0
1783563057.619,0.0,0.0,0.0,0.0,00:01,0.0,00:01,0.0,7.1,0.0
1783563058.666,0.0,0.0,0.0,0.0,00:01,0.0,00:01,0.0,7.1,0.0
1783563059.713,0.0,0.0,0.0,0.0,00:01,0.0,00:01,0.0,7.1,0.0
1783563060.762,0.0,0.0,0.0,0.0,00:01,0.0,00:01,0.0,7.1,0.0
1783563061.81,0.0,0.0,0.0,0.0,00:01,0.0,00:01,0.0,7.1,0.0
1783563062.858,0.0,0.0,0.0,0.0,00:01,0.0,00:01,0.0,7.1,0.0
1783563063.905,0.0,0.0,0.0,0.0,00:01,0.0,00:01,0.0,7.1,0.0
1783563064.952,0.0,0.0,0.0,0.0,00:01,0.0,00:01,0.0,7.1,0.0
1783563065.999,0.0,0.0,0.0,0.0,00:01,0.0,00:01,0.0,7.1,0.0
1783563067.045,0.0,0.0,0.0,0.0,00:01,0.0,00:01,0.0,7.1,0.0
1783563068.092,0.0,0.0,0.0,0.0,00:01,0.0,00:01,0.0,7.1,0.0
1783563069.138,0.0,0.0,0.0,0.0,00:01,0.0,00:01,0.0,7.1,0.0
1783563070.185,0.0,0.0,0.0,0.0,00:01,0.0,00:01,0.0,7.1,0.0
1783563071.23,0.0,0.0,0.0,0.0,00:01,0.0,00:01,0.0,7.1,0.0
1783563072.276,0.0,0.0,0.0,0.0,00:01,0.0,00:01,0.0,7.1,0.0
1783563073.322,0.0,0.0,0.0,0.0,00:01,0.0,00:01,0.0,7.1,0.0
1783563074.369,0.0,0.0,0.0,0.0,00:01,0.0,00:01,0.0,7.1,0.0
1783563075.415,0.0,0.0,0.0,0.0,00:01,0.0,00:01,0.0,7.1,0.0
1783563076.462,0.0,0.0,0.0,0.0,00:01,0.0,00:01,0.0,7.1,0.0
1783563077.546,0.0,0.0,0.0,0.0,00:01,0.0,00:01,0.0,7.1,0.0
1783563078.611,0.0,0.0,0.0,0.0,00:01,0.0,00:01,0.0,7.1,0.0
1783563079.67,0.0,0.0,0.0,0.0,00:01,0.0,00:01,0.0,7.1,0.0
1783563080.734,0.0,0.0,0.0,0.0,00:01,0.0,00:01,0.0,7.1,0.0
1783563081.8,0.0,0.0,0.0,0.0,00:01,0.0,00:01,0.0,7.1,0.0
1783563082.877,0.0,0.0,0.0,0.0,00:01,0.0,00:01,0.0,7.1,0.0
1783563083.964,0.0,0.0,0.0,0.0,00:01,0.0,00:01,0.0,7.1,0.0
1783563085.055,0.0,0.0,0.0,0.0,00:01,0.0,00:01,0.0,7.1,0.0
1783563086.151,0.0,0.0,0.0,0.0,00:01,0.0,00:01,0.0,7.1,0.0
1783563087.237,0.0,0.0,0.0,0.0,00:01,0.0,00:01,0.0,7.1,0.0
1783563088.328,0.0,0.0,0.0,0.0,00:01,0.0,00:01,0.0,7.1,0.0
1783563089.423,0.0,0.0,0.0,0.0,00:01,0.0,00:01,0.0,7.1,0.0
1783563090.51,0.0,0.0,0.0,0.0,00:01,0.0,00:01,0.0,7.1,0.0
1783563091.577,0.0,0.0,0.0,0.0,00:01,0.0,00:01,0.0,7.1,0.0
1783563092.642,0.0,0.0,0.0,0.0,00:01,0.0,00:01,0.0,7.1,0.0
1783563093.733,0.0,0.0,0.0,0.0,00:01,0.0,00:01,0.0,7.1,0.0
1783563094.815,0.0,0.0,0.0,0.0,00:01,0.0,00:01,0.0,7.1,0.0
1783563095.884,0.0,0.0,0.0,0.0,00:01,0.0,00:01,0.0,7.1,0.0
1783563096.961,0.0,0.0,0.0,0.0,00:01,0.0,00:01,0.0,7.1,0.0
1783563098.019,0.0,0.0,0.0,0.0,00:01,0.0,00:01,0.0,7.1,0.0
1783563099.102,0.0,0.0,0.0,0.0,00:01,0.0,00:01,0.0,7.1,0.0
1783563100.171,0.0,0.0,0.0,0.0,00:01,0.0,00:01,0.0,7.1,0.0
1783563101.248,0.0,0.0,0.0,0.0,00:01,0.0,00:01,0.0,7.1,0.0
1783563102.432,0.0,0.0,0.0,0.0,00:01,0.0,00:01,0.0,7.1,0.0
1783563103.506,0.0,0.0,0.0,0.0,00:01,0.0,00:01,0.0,7.1,0.0
1783563104.6,0.0,0.0,0.0,0.0,00:01,0.0,00:01,0.0,7.1,0.0
1783563105.667,0.0,0.0,0.0,0.0,00:01,0.0,00:01,0.0,7.1,0.0
1783563106.734,0.0,0.0,0.0,0.0,00:01,0.0,00:01,0.0,7.1,0.0
1783563107.83,0.0,0.0,0.0,0.0,00:01,0.0,00:01,0.0,7.1,0.0
1783563108.913,0.0,0.0,0.0,0.0,00:01,0.0,00:01,0.0,7.1,0.0
1783563109.979,0.0,0.0,0.0,0.0,00:01,0.0,00:01,0.0,7.1,0.0
1783563111.035,0.0,0.0,0.0,0.0,00:01,0.0,00:01,0.0,7.1,0.0
1783563112.098,0.0,0.0,0.0,0.0,00:01,0.0,00:01,0.0,7.1,0.0
1783563113.168,0.0,0.0,0.0,0.0,00:01,0.0,00:01,0.0,7.1,0.0
1783563114.254,0.0,0.0,0.0,0.0,00:01,0.0,00:01,0.0,7.1,0.0
1783563115.34,0.0,0.0,0.0,0.0,00:01,0.0,00:01,0.0,7.1,0.0
1783563116.419,0.0,0.0,0.0,0.0,00:01,0.0,00:01,0.0,7.1,0.0
1783563117.482,0.0,0.0,0.0,0.0,00:01,0.0,00:01,0.0,7.1,0.0
1783563118.568,0.0,0.0,0.0,0.0,00:01,0.0,00:01,0.0,7.1,0.0
1783563119.671,0.0,0.0,0.0,0.0,00:01,0.0,00:01,0.0,7.1,0.0
1783563120.763,0.0,0.0,0.0,0.0,00:01,0.0,00:01,0.0,7.1,0.0
1783563121.871,0.0,0.0,0.0,0.0,00:01,0.0,00:01,0.0,7.1,0.0
1783563122.951,0.0,0.0,0.0,0.0,00:01,0.0,00:01,0.0,7.1,0.0
1783563124.044,0.0,0.0,0.0,0.0,00:01,0.0,00:01,0.0,7.1,0.0
1783563125.132,0.0,0.0,0.0,0.0,00:01,0.0,00:01,0.0,7.1,0.0
1783563126.204,0.0,0.0,0.0,0.0,00:01,0.0,00:01,0.0,7.1,0.0
1783563127.252,0.0,0.0,0.0,0.0,00:01,0.0,00:01,0.0,7.1,0.0
1783563128.299,0.0,0.0,0.0,0.0,00:01,0.0,00:01,0.0,7.1,0.0
1783563129.346,0.0,0.0,0.0,0.0,00:01,0.0,00:01,0.0,7.1,0.0
1783563130.393,0.0,0.0,0.0,0.0,00:01,0.0,00:01,0.0,7.1,0.0
1783563131.44,0.0,0.0,0.0,0.0,00:01,0.0,00:01,0.0,7.1,0.0
1783563132.487,0.0,0.0,0.0,0.0,00:01,0.0,00:01,0.0,7.1,0.0
1783563133.534,0.0,0.0,0.0,0.0,00:01,0.0,00:01,0.0,7.1,0.0
1783563134.581,0.0,0.0,0.0,0.0,00:01,0.0,00:01,0.0,7.1,0.0
1783563135.628,0.0,0.0,0.0,0.0,00:01,0.0,00:01,0.0,7.1,0.0
1783563136.675,0.0,0.0,0.0,0.0,00:01,0.0,00:01,0.0,7.1,0.0
1783563137.722,0.0,0.0,0.0,0.0,00:01,0.0,00:01,0.0,7.1,0.0
1783563138.768,0.0,0.0,0.0,0.0,00:01,0.0,00:01,0.0,7.1,0.0
1783563139.815,0.0,0.0,0.0,0.0,00:01,0.0,00:01,0.0,7.1,0.0
1783563140.862,0.0,0.0,0.0,0.0,00:01,0.0,00:01,0.0,7.1,0.0
1783563141.908,0.0,0.0,0.0,0.0,00:01,0.0,00:01,0.0,7.1,0.0
1783563142.955,0.0,0.0,0.0,0.0,00:01,0.0,00:01,0.0,7.1,0.0
1783563144.002,0.0,0.0,0.0,0.0,00:01,0.0,00:01,0.0,7.1,0.0
1783563145.049,0.0,0.0,0.0,0.0,00:01,0.0,00:01,0.0,7.1,0.0
1783563146.096,0.0,0.0,0.0,0.0,00:01,0.0,00:01,0.0,7.1,0.0
1783563147.143,0.0,0.0,0.0,0.0,00:01,0.0,00:01,0.0,7.1,0.0
1783563148.19,0.0,0.0,0.0,0.0,00:01,0.0,00:01,0.0,7.1,0.0
1783563149.237,0.0,0.0,0.0,0.0,00:01,0.0,00:01,0.0,7.1,0.0
1783563150.284,0.0,0.0,0.0,0.0,00:01,0.0,00:01,0.0,7.1,0.0
1783563151.331,0.0,0.0,0.0,0.0,00:01,0.0,00:01,0.0,7.1,0.0
1783563152.379,0.0,0.0,0.0,0.0,00:01,0.0,00:01,0.0,7.1,0.0
1783563153.427,0.0,0.0,0.0,0.0,00:01,0.0,00:01,0.0,7.1,0.0
1783563154.474,0.0,0.0,0.0,0.0,00:01,0.0,00:01,0.0,7.1,0.0
1783563155.521,0.0,0.0,0.0,0.0,00:01,0.0,00:01,0.0,7.1,0.0
1783563156.568,0.0,0.0,0.0,0.0,00:01,0.0,00:01,0.0,7.1,0.0
1783563157.615,0.0,0.0,0.0,0.0,00:01,0.0,00:01,0.0,7.1,0.0
1783563158.662,0.0,0.0,0.0,0.0,00:01,0.0,00:01,0.0,7.1,0.0
1783563159.709,0.0,0.0,0.0,0.0,00:01,0.0,00:01,0.0,7.1,0.0
1783563160.756,0.0,0.0,0.0,0.0,00:01,0.0,00:01,0.0,7.1,0.0
1783563161.803,0.0,0.0,0.0,0.0,00:01,0.0,00:01,0.0,7.1,0.0
1783563162.852,0.0,0.0,0.0,0.0,00:01,0.0,00:01,0.0,7.1,0.0
1783563163.902,0.0,0.0,0.0,0.0,00:01,0.0,00:01,0.0,7.1,0.0
1783563164.951,0.0,0.0,0.0,0.0,00:01,0.0,00:01,0.0,7.1,0.0
1783563165.997,0.0,0.0,0.0,0.0,00:01,0.0,00:01,0.0,7.1,0.0
1783563167.044,0.0,0.0,0.0,0.0,00:01,0.0,00:01,0.0,7.1,0.0
1783563168.091,0.0,0.0,0.0,0.0,00:01,0.0,00:01,0.0,7.1,0.0
1783563169.138,0.0,0.0,0.0,0.0,00:01,0.0,00:01,0.0,7.1,0.0
1783563170.185,0.0,0.0,0.0,0.0,00:01,0.0,00:01,0.0,7.1,0.0
1783563171.232,0.0,0.0,0.0,0.0,00:01,0.0,00:01,0.0,7.1,0.0
1783563172.279,0.0,0.0,0.0,0.0,00:01,0.0,00:01,0.0,7.1,0.0
1783563173.325,0.0,0.0,0.0,0.0,00:01,0.0,00:01,0.0,7.1,0.0
1783563174.372,0.0,0.0,0.0,0.0,00:01,0.0,00:01,0.0,7.1,0.0
1783563175.419,0.0,0.0,0.0,0.0,00:01,0.0,00:01,0.0,7.1,0.0
1783563176.466,0.0,0.0,0.0,0.0,00:01,0.0,00:01,0.0,7.1,0.0
1783563177.513,0.0,0.0,0.0,0.0,00:01,0.0,00:01,0.0,7.1,0.0
1783563178.56,0.0,0.0,0.0,0.0,00:01,0.0,00:01,0.0,7.1,0.0
1783563179.606,0.0,0.0,0.0,0.0,00:01,0.0,00:01,0.0,7.1,0.0
1783563180.652,0.0,0.0,0.0,0.0,00:01,0.0,00:01,0.0,7.1,0.0
1783563181.699,0.0,0.0,0.0,0.0,00:01,0.0,00:01,0.0,7.1,0.0
1783563182.746,0.0,0.0,0.0,0.0,00:01,0.0,00:01,0.0,7.1,0.0
1783563183.793,0.0,0.0,0.0,0.0,00:01,0.0,00:01,0.0,7.1,0.0
1783563184.84,0.0,0.0,0.0,0.0,00:01,0.0,00:01,0.0,7.1,0.0
1783563185.887,0.0,0.0,0.0,0.0,00:01,0.0,00:01,0.0,7.1,0.0
1783563186.933,0.0,0.0,0.0,0.0,00:01,0.0,00:01,0.0,7.1,0.0
1783563187.98,0.0,0.0,0.0,0.0,00:01,0.0,00:01,0.0,7.1,0.0
1783563189.027,0.0,0.0,0.0,0.0,00:01,0.0,00:01,0.0,7.1,0.0
1783563190.074,0.0,0.0,0.0,0.0,00:01,0.0,00:01,0.0,7.1,0.0
1783563191.12,0.0,0.0,0.0,0.0,00:01,0.0,00:01,0.0,7.1,0.0
1783563192.168,0.0,0.0,0.0,0.0,00:01,0.0,00:01,0.0,7.1,0.0
1783563193.215,0.0,0.0,0.0,0.0,00:01,0.0,00:01,0.0,7.1,0.0
1783563194.261,0.0,0.0,0.0,0.0,00:01,0.0,00:01,0.0,7.1,0.0
1783563195.309,0.0,0.0,0.0,0.0,00:01,0.0,00:01,0.0,7.1,0.0
1783563196.359,0.0,0.0,0.0,0.0,00:01,0.0,00:01,0.0,7.1,0.0
1783563197.409,0.0,0.0,0.0,0.0,00:01,0.0,00:01,0.0,7.1,0.0
1783563198.458,0.0,0.0,0.0,0.0,00:01,0.0,00:01,0.0,7.1,0.0
1783563199.507,0.0,0.0,0.0,0.0,00:01,0.0,00:01,0.0,7.1,0.0
1783563200.554,0.0,0.0,0.0,0.0,00:01,0.0,00:01,0.0,7.1,0.0
1783563201.601,0.0,0.0,0.0,0.0,00:01,0.0,00:01,0.0,7.1,0.0
1783563202.648,0.0,0.0,0.0,0.0,00:01,0.0,00:01,0.0,7.1,0.0
1783563203.695,0.0,0.0,0.0,0.0,00:01,0.0,00:01,0.0,7.1,0.0
1783563204.742,0.0,0.0,0.0,0.0,00:01,0.0,00:01,0.0,7.1,0.0
1783563205.789,0.0,0.0,0.0,0.0,00:01,0.0,00:01,0.0,7.1,0.0
1783563206.836,0.0,0.0,0.0,0.0,00:01,0.0,00:01,0.0,7.1,0.0
1783563207.883,0.0,0.0,0.0,0.0,00:01,0.0,00:01,0.0,7.1,0.0
1783563208.93,0.0,0.0,0.0,0.0,00:01,0.0,00:01,0.0,7.1,0.0
1783563209.977,0.0,0.0,0.0,0.0,00:01,0.0,00:01,0.0,7.1,0.0
1783563211.023,0.0,0.0,0.0,0.0,00:01,0.0,00:01,0.0,7.1,0.0
1783563212.07,0.0,0.0,0.0,0.0,00:01,0.0,00:01,0.0,7.1,0.0
1783563213.117,0.0,0.0,0.0,0.0,00:01,0.0,00:01,0.0,7.1,0.0
1783563214.164,0.0,0.0,0.0,0.0,00:01,0.0,00:01,0.0,7.1,0.0
1783563215.211,0.0,0.0,0.0,0.0,00:01,0.0,00:01,0.0,7.1,0.0
1783563216.258,0.0,0.0,0.0,0.0,00:01,0.0,00:01,0.0,7.1,0.0
1783563217.304,0.0,0.0,0.0,0.0,00:01,0.0,00:01,0.0,7.1,0.0
1783563218.351,0.0,0.0,0.0,0.0,00:01,0.0,00:01,0.0,7.1,0.0
1783563219.397,0.0,0.0,0.0,0.0,00:01,0.0,00:01,0.0,7.1,0.0
1783563220.444,0.0,0.0,0.0,0.0,00:01,0.0,00:01,0.0,7.1,0.0
1783563221.491,0.0,0.0,0.0,0.0,00:01,0.0,00:01,0.0,7.1,0.0
1783563222.538,0.0,0.0,0.0,0.0,00:01,0.0,00:01,0.0,7.1,0.0
1783563223.585,0.0,0.0,0.0,0.0,00:01,0.0,00:01,0.0,7.1,0.0
1783563224.632,0.0,0.0,0.0,0.0,00:01,0.0,00:01,0.0,7.1,0.0
1783563225.679,0.0,0.0,0.0,0.0,00:01,0.0,00:01,0.0,7.1,0.0
1783563226.726,0.0,0.0,0.0,0.0,00:01,0.0,00:01,0.0,7.1,0.0
1783563227.773,0.0,0.0,0.0,0.0,00:01,0.0,00:01,0.0,7.1,0.0
1783563228.82,0.0,0.0,0.0,0.0,00:01,0.0,00:01,0.0,7.1,0.0
1783563229.867,0.0,0.0,0.0,0.0,00:01,0.0,00:01,0.0,7.1,0.0
1783563230.913,0.0,0.0,0.0,0.0,00:01,0.0,00:01,0.0,7.1,0.0
1783563231.96,0.0,0.0,0.0,0.0,00:01,0.0,00:01,0.0,7.1,0.0
1783563233.007,0.0,0.0,0.0,0.0,00:01,0.0,00:01,0.0,7.1,0.0
1783563234.053,0.0,0.0,0.0,0.0,00:01,0.0,00:01,0.0,7.1,0.0
1783563235.105,0.0,0.0,0.0,0.0,00:01,0.0,00:01,0.0,7.1,0.0
1783563236.153,0.0,0.0,0.0,0.0,00:01,0.0,00:01,0.0,7.1,0.0
1783563237.203,0.0,0.0,0.0,0.0,00:01,0.0,00:01,0.0,7.1,0.0
1783563238.251,0.0,0.0,0.0,0.0,00:01,0.0,00:01,0.0,7.1,0.0
1783563239.3,0.0,0.0,0.0,0.0,00:01,0.0,00:01,0.0,7.1,0.0
1783563240.348,0.0,0.0,0.0,0.0,00:01,0.0,00:01,0.0,7.1,0.0
1783563241.397,0.0,0.0,0.0,0.0,00:01,0.0,00:01,0.0,7.1,0.0
1783563242.444,0.0,0.0,0.0,0.0,00:01,0.0,00:01,0.0,7.1,0.0
1783563243.491,0.0,0.0,0.0,0.0,00:01,0.0,00:01,0.0,7.1,0.0
1783563244.537,0.0,0.0,0.0,0.0,00:01,0.0,00:01,0.0,7.1,0.0
1783563245.584,0.0,0.0,0.0,0.0,00:01,0.0,00:01,0.0,7.1,0.0
1783563246.631,0.0,0.0,0.0,0.0,00:01,0.0,00:01,0.0,7.1,0.0
1783563247.678,0.0,0.0,0.0,0.0,00:01,0.0,00:01,0.0,7.1,0.0
1783563248.725,0.0,0.0,0.0,0.0,00:01,0.0,00:01,0.0,7.1,0.0
1783563249.771,0.0,0.0,0.0,0.0,00:01,0.0,00:01,0.0,7.1,0.0
1783563250.817,0.0,0.0,0.0,0.0,00:01,0.0,00:01,0.0,7.1,0.0
1783563251.863,0.0,0.0,0.0,0.0,00:01,0.0,00:01,0.0,7.1,0.0
1783563252.91,0.0,0.0,0.0,0.0,00:01,0.0,00:01,0.0,7.1,0.0
1783563253.956,0.0,0.0,0.0,0.0,00:01,0.0,00:01,0.0,7.1,0.0
1783563255.002,0.0,0.0,0.0,0.0,00:01,0.0,00:01,0.0,7.1,0.0
1783563256.049,0.0,0.0,0.0,0.0,00:01,0.0,00:01,0.0,7.1,0.0
1783563257.096,0.0,0.0,0.0,0.0,00:01,0.0,00:01,0.0,7.1,0.0
1783563258.143,0.0,0.0,0.0,0.0,00:01,0.0,00:01,0.0,7.1,0.0
1783563259.189,0.0,0.0,0.0,0.0,00:01,0.0,00:01,0.0,7.1,0.0
1783563260.236,0.0,0.0,0.0,0.0,00:01,0.0,00:01,0.0,7.1,0.0
1783563261.283,0.0,0.0,0.0,0.0,00:01,0.0,00:01,0.0,7.1,0.0
1783563262.329,0.0,0.0,0.0,0.0,00:01,0.0,00:01,0.0,7.1,0.0
1783563263.376,0.0,0.0,0.0,0.0,00:01,0.0,00:01,0.0,7.1,0.0
1783563264.422,0.0,0.0,0.0,0.0,00:01,0.0,00:01,0.0,7.1,0.0
1783563265.469,0.0,0.0,0.0,0.0,00:01,0.0,00:01,0.0,7.1,0.0
1783563266.516,0.0,0.0,0.0,0.0,00:01,0.0,00:01,0.0,7.1,0.0
1783563267.563,0.0,0.0,0.0,0.0,00:01,0.0,00:01,0.0,7.1,0.0
1783563268.61,0.0,0.0,0.0,0.0,00:01,0.0,00:01,0.0,7.1,0.0
1783563269.657,0.0,0.0,0.0,0.0,00:01,0.0,00:01,0.0,7.1,0.0
1783563270.704,0.0,0.0,0.0,0.0,00:01,0.0,00:01,0.0,7.1,0.0
1783563271.753,0.0,0.0,0.0,0.0,00:01,0.0,00:01,0.0,7.1,0.0
1783563272.8,0.0,0.0,0.0,0.0,00:01,0.0,00:01,0.0,7.1,0.0
1783563273.846,0.0,0.0,0.0,0.0,00:01,0.0,00:01,0.0,7.1,0.0
1783563274.894,0.0,0.0,0.0,0.0,00:01,0.0,00:01,0.0,7.1,0.0
1783563275.94,0.0,0.0,0.0,0.0,00:01,0.0,00:01,0.0,7.1,0.0
1783563276.987,0.0,0.0,0.0,0.0,00:01,0.0,00:01,0.0,7.1,0.0
1783563278.034,0.0,0.0,0.0,0.0,00:01,0.0,00:01,0.0,7.1,0.0
1783563279.081,0.0,0.0,0.0,0.0,00:01,0.0,00:01,0.0,7.1,0.0
1783563280.128,0.0,0.0,0.0,0.0,00:01,0.0,00:01,0.0,7.1,0.0
1783563281.175,0.0,0.0,0.0,0.0,00:01,0.0,00:01,0.0,7.1,0.0
1783563282.222,0.0,0.0,0.0,0.0,00:01,0.0,00:01,0.0,7.1,0.0
1783563283.271,0.0,0.0,0.0,0.0,00:01,0.0,00:01,0.0,7.1,0.0
1783563284.321,0.0,0.0,0.0,0.0,00:01,0.0,00:01,0.0,7.1,0.0
1783563285.368,0.0,0.0,0.0,0.0,00:01,0.0,00:01,0.0,7.1,0.0
1783563286.415,0.0,0.0,0.0,0.0,00:01,0.0,00:01,0.0,7.1,0.0
1783563287.462,0.0,0.0,0.0,0.0,00:01,0.0,00:01,0.0,7.1,0.0
1783563288.509,0.0,0.0,0.0,0.0,00:01,0.0,00:01,0.0,7.1,0.0
1783563289.556,0.0,0.0,0.0,0.0,00:01,0.0,00:01,0.0,7.1,0.0
1783563290.603,0.0,0.0,0.0,0.0,00:01,0.0,00:01,0.0,7.1,0.0
1783563291.648,0.0,0.0,0.0,0.0,00:01,0.0,00:01,0.0,7.1,0.0
1783563292.696,0.0,0.0,0.0,0.0,00:01,0.0,00:01,0.0,7.1,0.0
1783563293.742,0.0,0.0,0.0,0.0,00:01,0.0,00:01,0.0,7.1,0.0
1783563294.789,0.0,0.0,0.0,0.0,00:01,0.0,00:01,0.0,7.1,0.0
1783563295.836,0.0,0.0,0.0,0.0,00:01,0.0,00:01,0.0,7.1,0.0
1783563296.883,0.0,0.0,0.0,0.0,00:01,0.0,00:01,0.0,7.1,0.0
1783563297.93,0.0,0.0,0.0,0.0,00:01,0.0,00:01,0.0,7.1,0.0
1783563298.977,0.0,0.0,0.0,0.0,00:01,0.0,00:01,0.0,7.1,0.0
1783563300.024,0.0,0.0,0.0,0.0,00:01,0.0,00:01,0.0,7.1,0.0
1783563301.071,0.0,0.0,0.0,0.0,00:01,0.0,00:01,0.0,7.1,0.0
1783563302.118,0.0,0.0,0.0,0.0,00:01,0.0,00:01,0.0,7.1,0.0
1783563303.165,0.0,0.0,0.0,0.0,00:01,0.0,00:01,0.0,7.1,0.0
1783563304.212,0.0,0.0,0.0,0.0,00:01,0.0,00:01,0.0,7.1,0.0
1783563305.259,0.0,0.0,0.0,0.0,00:01,0.0,00:01,0.0,7.1,0.0
1783563306.307,0.0,0.0,0.0,0.0,00:01,0.0,00:01,0.0,7.1,0.0
1783563307.355,0.0,0.0,0.0,0.0,00:01,0.0,00:01,0.0,7.1,0.0
1783563308.401,0.0,0.0,0.0,0.0,00:01,0.0,00:01,0.0,7.1,0.0
1783563309.448,0.0,0.0,0.0,0.0,00:01,0.0,00:01,0.0,7.1,0.0
1783563310.495,0.0,0.0,0.0,0.0,00:01,0.0,00:01,0.0,7.1,0.0
1783563311.541,0.0,0.0,0.0,0.0,00:01,0.0,00:01,0.0,7.1,0.0
1783563312.588,0.0,0.0,0.0,0.0,00:01,0.0,00:01,0.0,7.1,0.0
1783563313.634,0.0,0.0,0.0,0.0,00:01,0.0,00:01,0.0,7.1,0.0
1783563314.681,0.0,0.0,0.0,0.0,00:01,0.0,00:01,0.0,7.1,0.0
1783563315.728,0.0,0.0,0.0,0.0,00:01,0.0,00:01,0.0,7.1,0.0
1783563316.775,0.0,0.0,0.0,0.0,00:01,0.0,00:01,0.0,7.1,0.0
1783563317.822,0.0,0.0,0.0,0.0,00:01,0.0,00:01,0.0,7.1,0.0
1783563318.869,0.0,0.0,0.0,0.0,00:01,0.0,00:01,0.0,7.1,0.0
1783563319.916,0.0,0.0,0.0,0.0,00:01,0.0,00:01,0.0,7.1,0.0
1783563320.962,0.0,0.0,0.0,0.0,00:01,0.0,00:01,0.0,7.1,0.0
1783563322.008,0.0,0.0,0.0,0.0,00:01,0.0,00:01,0.0,7.1,0.0
1783563323.056,0.0,0.0,0.0,0.0,00:01,0.0,00:01,0.0,7.1,0.0
1783563324.103,0.0,0.0,0.0,0.0,00:01,0.0,00:01,0.0,7.1,0.0
1783563325.15,0.0,0.0,0.0,0.0,00:01,0.0,00:01,0.0,7.1,0.0
1783563326.2,0.0,0.0,0.0,0.0,00:01,0.0,00:01,0.0,7.1,0.0
1783563327.249,0.0,0.0,0.0,0.0,00:01,0.0,00:01,0.0,7.1,0.0
1783563328.296,0.0,0.0,0.0,0.0,00:01,0.0,00:01,0.0,7.1,0.0
1783563329.343,0.0,0.0,0.0,0.0,00:01,0.0,00:01,0.0,7.1,0.0
1783563330.39,0.0,0.0,0.0,0.0,00:01,0.0,00:01,0.0,7.1,0.0
1783563331.436,0.0,0.0,0.0,0.0,00:01,0.0,00:01,0.0,7.1,0.0
1783563332.483,0.0,0.0,0.0,0.0,00:01,0.0,00:01,0.0,7.1,0.0
1783563333.53,0.0,0.0,0.0,0.0,00:01,0.0,00:01,0.0,7.1,0.0
1783563334.577,0.0,0.0,0.0,0.0,00:01,0.0,00:01,0.0,7.1,0.0
1783563335.624,0.0,0.0,0.0,0.0,00:01,0.0,00:01,0.0,7.1,0.0
1783563336.671,0.0,0.0,0.0,0.0,00:01,0.0,00:01,0.0,7.1,0.0
1783563337.718,0.0,0.0,0.0,0.0,00:01,0.0,00:01,0.0,7.1,0.0
1783563338.765,0.0,0.0,0.0,0.0,00:01,0.0,00:01,0.0,7.1,0.0
1783563339.812,0.0,0.0,0.0,0.0,00:01,0.0,00:01,0.0,7.1,0.0
1783563340.861,0.0,0.0,0.0,0.0,00:01,0.0,00:01,0.0,7.1,0.0
1783563341.909,0.0,0.0,0.0,0.0,00:01,0.0,00:01,0.0,7.1,0.0
1783563342.956,0.0,0.0,0.0,0.0,00:01,0.0,00:01,0.0,7.1,0.0
1783563344.003,0.0,0.0,0.0,0.0,00:01,0.0,00:01,0.0,7.1,0.0
1783563345.051,0.0,0.0,0.0,0.0,00:01,0.0,00:01,0.0,7.1,0.0
1783563346.098,0.0,0.0,0.0,0.0,00:01,0.0,00:01,0.0,7.1,0.0
1783563347.144,0.0,0.0,0.0,0.0,00:01,0.0,00:01,0.0,7.1,0.0
1783563348.191,0.0,0.0,0.0,0.0,00:01,0.0,00:01,0.0,7.1,0.0
1783563349.238,0.0,0.0,0.0,0.0,00:01,0.0,00:01,0.0,7.1,0.0
1783563350.285,0.0,0.0,0.0,0.0,00:01,0.0,00:01,0.0,7.1,0.0
1783563351.332,0.0,0.0,0.0,0.0,00:01,0.0,00:01,0.0,7.1,0.0
1783563352.379,0.0,0.0,0.0,0.0,00:01,0.0,00:01,0.0,7.1,0.0
1783563353.425,0.0,0.0,0.0,0.0,00:01,0.0,00:01,0.0,7.1,0.0
1783563354.472,0.0,0.0,0.0,0.0,00:01,0.0,00:01,0.0,7.1,0.0
1783563355.519,0.0,0.0,0.0,0.0,00:01,0.0,00:01,0.0,7.1,0.0
1783563356.566,0.0,0.0,0.0,0.0,00:01,0.0,00:01,0.0,7.1,0.0
1783563357.613,0.0,0.0,0.0,0.0,00:01,0.0,00:01,0.0,7.1,0.0
1783563358.659,0.0,0.0,0.0,0.0,00:01,0.0,00:01,0.0,7.1,0.0
1783563359.706,0.0,0.0,0.0,0.0,00:01,0.0,00:01,0.0,7.1,0.0
1783563360.753,0.0,0.0,0.0,0.0,00:01,0.0,00:01,0.0,7.1,0.0
1783563361.8,0.0,0.0,0.0,0.0,00:01,0.0,00:01,0.0,7.1,0.0
1783563362.847,0.0,0.0,0.0,0.0,00:01,0.0,00:01,0.0,7.1,0.0
1783563363.894,0.0,0.0,0.0,0.0,00:01,0.0,00:01,0.0,7.1,0.0
1783563364.941,0.0,0.0,0.0,0.0,00:01,0.0,00:01,0.0,7.1,0.0
1783563365.988,0.0,0.0,0.0,0.0,00:01,0.0,00:01,0.0,7.1,0.0
1783563367.035,0.0,0.0,0.0,0.0,00:01,0.0,00:01,0.0,7.1,0.0
1783563368.081,0.0,0.0,0.0,0.0,00:01,0.0,00:01,0.0,7.1,0.0
1783563369.128,0.0,0.0,0.0,0.0,00:01,0.0,00:01,0.0,7.1,0.0
1783563370.177,0.0,0.0,0.0,0.0,00:01,0.0,00:01,0.0,7.1,0.0
1783563371.226,0.0,0.0,0.0,0.0,00:01,0.0,00:01,0.0,7.1,0.0
1783563372.273,0.0,0.0,0.0,0.0,00:01,0.0,00:01,0.0,7.1,0.0
1783563373.32,0.0,0.0,0.0,0.0,00:01,0.0,00:01,0.0,7.1,0.0
1783563374.368,0.0,0.0,0.0,0.0,00:01,0.0,00:01,0.0,7.1,0.0
1783563375.416,0.0,0.0,0.0,0.0,00:01,0.0,00:01,0.0,7.1,0.0
1783563376.463,0.0,0.0,0.0,0.0,00:01,0.0,00:01,0.0,7.1,0.0
1783563377.51,0.0,0.0,0.0,0.0,00:01,0.0,00:01,0.0,7.1,0.0
1783563378.56,0.0,0.0,0.0,0.0,00:01,0.0,00:01,0.0,7.1,0.0
1783563379.607,0.0,0.0,0.0,0.0,00:01,0.0,00:01,0.0,7.1,0.0
1783563380.654,0.0,0.0,0.0,0.0,00:01,0.0,00:01,0.0,7.1,0.0
1783563381.701,0.0,0.0,0.0,0.0,00:01,0.0,00:01,0.0,7.1,0.0
1783563382.748,0.0,0.0,0.0,0.0,00:01,0.0,00:01,0.0,7.1,0.0
1783563383.795,0.0,0.0,0.0,0.0,00:01,0.0,00:01,0.0,7.1,0.0
1783563384.842,0.0,0.0,0.0,0.0,00:01,0.0,00:01,0.0,7.1,0.0
1783563385.889,0.0,0.0,0.0,0.0,00:01,0.0,00:01,0.0,7.1,0.0
1783563386.936,0.0,0.0,0.0,0.0,00:01,0.0,00:01,0.0,7.1,0.0
1783563387.983,0.0,0.0,0.0,0.0,00:01,0.0,00:01,0.0,7.1,0.0
1783563389.029,0.0,0.0,0.0,0.0,00:01,0.0,00:01,0.0,7.1,0.0
1783563390.076,0.0,0.0,0.0,0.0,00:01,0.0,00:01,0.0,7.1,0.0
1783563391.123,0.0,0.0,0.0,0.0,00:01,0.0,00:01,0.0,7.1,0.0
1783563392.17,0.0,0.0,0.0,0.0,00:01,0.0,00:01,0.0,7.1,0.0
1783563393.216,0.0,0.0,0.0,0.0,00:01,0.0,00:01,0.0,7.1,0.0
1783563394.263,0.0,0.0,0.0,0.0,00:01,0.0,00:01,0.0,7.1,0.0
1783563395.31,0.0,0.0,0.0,0.0,00:01,0.0,00:01,0.0,7.1,0.0
1783563396.356,0.0,0.0,0.0,0.0,00:01,0.0,00:01,0.0,7.1,0.0
1783563397.403,0.0,0.0,0.0,0.0,00:01,0.0,00:01,0.0,7.1,0.0
1783563398.449,0.0,0.0,0.0,0.0,00:01,0.0,00:01,0.0,7.1,0.0
1783563399.496,0.0,0.0,0.0,0.0,00:01,0.0,00:01,0.0,7.1,0.0
1783563400.543,0.0,0.0,0.0,0.0,00:01,0.0,00:01,0.0,7.1,0.0
1783563401.59,0.0,0.0,0.0,0.0,00:01,0.0,00:01,0.0,7.1,0.0
1783563402.637,0.0,0.0,0.0,0.0,00:01,0.0,00:01,0.0,7.1,0.0
1783563403.684,0.0,0.0,0.0,0.0,00:01,0.0,00:01,0.0,7.1,0.0
1783563404.731,0.0,0.0,0.0,0.0,00:01,0.0,00:01,0.0,7.1,0.0
1783563405.778,0.0,0.0,0.0,0.0,00:01,0.0,00:01,0.0,7.1,0.0
1783563406.825,0.0,0.0,0.0,0.0,00:01,0.0,00:01,0.0,7.1,0.0
1783563407.871,0.0,0.0,0.0,0.0,00:01,0.0,00:01,0.0,7.1,0.0
1783563408.918,0.0,0.0,0.0,0.0,00:01,0.0,00:01,0.0,7.1,0.0
1783563409.965,0.0,0.0,0.0,0.0,00:01,0.0,00:01,0.0,7.1,0.0
1783563411.012,0.0,0.0,0.0,0.0,00:01,0.0,00:01,0.0,7.1,0.0
1783563412.058,0.0,0.0,0.0,0.0,00:01,0.0,00:01,0.0,7.1,0.0
1783563413.107,0.0,0.0,0.0,0.0,00:01,0.0,00:01,0.0,7.1,0.0
1783563414.154,0.0,0.0,0.0,0.0,00:01,0.0,00:01,0.0,7.1,0.0
1783563415.203,0.0,0.0,0.0,0.0,00:01,0.0,00:01,0.0,7.1,0.0
1783563416.253,0.0,0.0,0.0,0.0,00:01,0.0,00:01,0.0,7.1,0.0
1783563417.303,0.0,0.0,0.0,0.0,00:01,0.0,00:01,0.0,7.1,0.0
1783563418.349,0.0,0.0,0.0,0.0,00:01,0.0,00:01,0.0,7.1,0.0
1783563419.396,0.0,0.0,0.0,0.0,00:01,0.0,00:01,0.0,7.1,0.0
1783563420.443,0.0,0.0,0.0,0.0,00:01,0.0,00:01,0.0,7.1,0.0
1783563421.489,0.0,0.0,0.0,0.0,00:01,0.0,00:01,0.0,7.1,0.0
1783563422.536,0.0,0.0,0.0,0.0,00:01,0.0,00:01,0.0,7.1,0.0
1783563423.582,0.0,0.0,0.0,0.0,00:01,0.0,00:01,0.0,7.1,0.0
1783563424.629,0.0,0.0,0.0,0.0,00:01,0.0,00:01,0.0,7.1,0.0
1783564745.764,0.0,0.0,0.0,0.0,00:01,0.0,00:01,0.0,7.1,0.0
1783564746.812,0.0,0.0,0.0,0.0,00:01,0.0,00:01,0.0,7.1,0.0
1783564747.859,0.0,0.0,0.0,0.0,00:01,0.0,00:01,0.0,7.1,0.0
1783564748.907,0.0,0.0,0.0,0.0,00:01,0.0,00:01,0.0,7.1,0.0
1783564749.953,0.0,0.0,0.0,0.0,00:01,0.0,00:01,0.0,7.1,0.0
1783564751.0,0.0,0.0,0.0,0.0,00:01,0.0,00:01,0.0,7.1,0.0
1783564752.047,0.0,0.0,0.0,0.0,00:01,0.0,00:01,0.0,7.1,0.0
1783564753.093,0.0,0.0,0.0,0.0,00:01,0.0,00:01,0.0,7.1,0.0
1783564754.14,0.0,0.0,0.0,0.0,00:01,0.0,00:01,0.0,7.1,0.0
1783564755.187,0.0,0.0,0.0,0.0,00:01,0.0,00:01,0.0,7.1,0.0
1783564756.234,0.0,0.0,0.0,0.0,00:01,0.0,00:01,0.0,7.1,0.0
1783564757.281,0.0,0.0,0.0,0.0,00:01,0.0,00:01,0.0,7.1,0.0
1783564758.328,0.0,0.0,0.0,0.0,00:01,0.0,00:01,0.0,7.1,0.0
1783564759.374,0.0,0.0,0.0,0.0,00:01,0.0,00:01,0.0,7.1,0.0
1783564760.42,0.0,0.0,0.0,0.0,00:01,0.0,00:01,0.0,7.1,0.0
1783564761.467,0.0,0.0,0.0,0.0,00:01,0.0,00:01,0.0,7.1,0.0
1783564762.513,0.0,0.0,0.0,0.0,00:01,0.0,00:01,0.0,7.1,0.0
1783564763.56,0.0,0.0,0.0,0.0,00:01,0.0,00:01,0.0,7.1,0.0
1783564764.606,0.0,0.0,0.0,0.0,00:01,0.0,00:01,0.0,7.1,0.0
1783564765.653,0.0,0.0,0.0,0.0,00:01,0.0,00:01,0.0,7.1,0.0
1783564766.699,0.0,0.0,0.0,0.0,00:01,0.0,00:01,0.0,7.1,0.0
1783564767.746,0.0,0.0,0.0,0.0,00:01,0.0,00:01,0.0,7.1,0.0
1783564768.792,0.0,0.0,0.0,0.0,00:01,0.0,00:01,0.0,7.1,0.0
1783564769.838,0.0,0.0,0.0,0.0,00:01,0.0,00:01,0.0,7.1,0.0
1783564770.884,0.0,0.0,0.0,0.0,00:01,0.0,00:01,0.0,7.1,0.0
1783564771.931,0.0,0.0,0.0,0.0,00:01,0.0,00:01,0.0,7.1,0.0
1783564772.977,0.0,0.0,0.0,0.0,00:01,0.0,00:01,0.0,7.1,0.0
1783564774.024,0.0,0.0,0.0,0.0,00:01,0.0,00:01,0.0,7.1,0.0
1783564775.071,0.0,0.0,0.0,0.0,00:01,0.0,00:01,0.0,7.1,0.0
1783564776.117,0.0,0.0,0.0,0.0,00:01,0.0,00:01,0.0,7.1,0.0
1783564777.164,0.0,0.0,0.0,0.0,00:01,0.0,00:01,0.0,7.1,0.0
1783564778.213,0.0,0.0,0.0,0.0,00:01,0.0,00:01,0.0,7.1,0.0
1783564779.261,0.0,0.0,0.0,0.0,00:01,0.0,00:01,0.0,7.1,0.0
1783564780.309,0.0,0.0,0.0,0.0,00:01,0.0,00:01,0.0,7.1,0.0
1783564781.356,0.0,0.0,0.0,0.0,00:01,0.0,00:01,0.0,7.1,0.0
1783564782.403,0.0,0.0,0.0,0.0,00:01,0.0,00:01,0.0,7.1,0.0
1783564783.451,0.0,0.0,0.0,0.0,00:01,0.0,00:01,0.0,7.1,0.0
1783564784.497,0.0,0.0,0.0,0.0,00:01,0.0,00:01,0.0,7.1,0.0
1783564785.544,0.0,0.0,0.0,0.0,00:01,0.0,00:01,0.0,7.1,0.0
1783564786.591,0.0,0.0,0.0,0.0,00:01,0.0,00:01,0.0,7.1,0.0
1783564787.638,0.0,0.0,0.0,0.0,00:01,0.0,00:01,0.0,7.1,0.0
1783564788.685,0.0,0.0,0.0,0.0,00:01,0.0,00:01,0.0,7.1,0.0
1783564789.733,0.0,0.0,0.0,0.0,00:01,0.0,00:01,0.0,7.1,0.0
1783564790.781,0.0,0.0,0.0,0.0,00:01,0.0,00:01,0.0,7.1,0.0
1783564791.828,0.0,0.0,0.0,0.0,00:01,0.0,00:01,0.0,7.1,0.0
1783564792.875,0.0,0.0,0.0,0.0,00:01,0.0,00:01,0.0,7.1,0.0
1783564793.922,0.0,0.0,0.0,0.0,00:01,0.0,00:01,0.0,7.1,0.0
1783564794.969,0.0,0.0,0.0,0.0,00:01,0.0,00:01,0.0,7.1,0.0
1783564796.016,0.0,0.0,0.0,0.0,00:01,0.0,00:01,0.0,7.1,0.0
1783564797.063,0.0,0.0,0.0,0.0,00:01,0.0,00:01,0.0,7.1,0.0
1783564798.11,0.0,0.0,0.0,0.0,00:01,0.0,00:01,0.0,7.1,0.0
1783564799.157,0.0,0.0,0.0,0.0,00:01,0.0,00:01,0.0,7.1,0.0
1783564800.203,0.0,0.0,0.0,0.0,00:01,0.0,00:01,0.0,7.1,0.0
1783564801.25,0.0,0.0,0.0,0.0,00:01,0.0,00:01,0.0,7.1,0.0
1783564802.297,0.0,0.0,0.0,0.0,00:01,0.0,00:01,0.0,7.1,0.0
1783564803.344,0.0,0.0,0.0,0.0,00:01,0.0,00:01,0.0,7.1,0.0
1783564804.391,0.0,0.0,0.0,0.0,00:01,0.0,00:01,0.0,7.1,0.0
1783564805.438,0.0,0.0,0.0,0.0,00:01,0.0,00:01,0.0,7.1,0.0
1783569019.572,0.0,0.0,0.0,0.0,00:01,0.0,00:01,0.0,7.1,0.0
1783569020.62,0.0,0.0,0.0,0.0,00:01,0.0,00:01,0.0,7.1,0.0
1783569021.669,0.0,0.0,0.0,0.0,00:01,0.0,00:01,0.0,7.1,0.0
1783569022.718,0.0,0.0,0.0,0.0,00:01,0.0,00:01,0.0,7.1,0.0
1783569023.764,0.0,0.0,0.0,0.0,00:01,0.0,00:01,0.0,7.1,0.0
1783569024.811,0.0,0.0,0.0,0.0,00:01,0.0,00:01,0.0,7.1,0.0
1783569025.858,0.0,0.0,0.0,0.0,00:01,0.0,00:01,0.0,7.1,0.0
1783569026.905,0.0,0.0,0.0,0.0,00:01,0.0,00:01,0.0,7.1,0.0
1783569027.952,0.0,0.0,0.0,0.0,00:01,0.0,00:01,0.0,7.1,0.0
1783569028.999,0.0,0.0,0.0,0.0,00:01,0.0,00:01,0.0,7.1,0.0
1783569030.045,0.0,0.0,0.0,0.0,00:01,0.0,00:01,0.0,7.1,0.0
1783569031.093,0.0,0.0,0.0,0.0,00:01,0.0,00:01,0.0,7.1,0.0
1783569032.139,0.0,0.0,0.0,0.0,00:01,0.0,00:01,0.0,7.1,0.0
1783569033.186,0.0,0.0,0.0,0.0,00:01,0.0,00:01,0.0,7.1,0.0
1783569034.233,0.0,0.0,0.0,0.0,00:01,0.0,00:01,0.0,7.1,0.0
1783569035.28,0.0,0.0,0.0,0.0,00:01,0.0,00:01,0.0,7.1,0.0
1783569036.327,0.0,0.0,0.0,0.0,00:01,0.0,00:01,0.0,7.1,0.0
1783569037.374,0.0,0.0,0.0,0.0,00:01,0.0,00:01,0.0,7.1,0.0
1783569038.421,0.0,0.0,0.0,0.0,00:01,0.0,00:01,0.0,7.1,0.0
1783569039.467,0.0,0.0,0.0,0.0,00:01,0.0,00:01,0.0,7.1,0.0
1783569040.513,0.0,0.0,0.0,0.0,00:01,0.0,00:01,0.0,7.1,0.0
1783569041.559,0.0,0.0,0.0,0.0,00:01,0.0,00:01,0.0,7.1,0.0
1783569042.606,0.0,0.0,0.0,0.0,00:01,0.0,00:01,0.0,7.1,0.0
1783569043.652,0.0,0.0,0.0,0.0,00:01,0.0,00:01,0.0,7.1,0.0
1783569044.699,0.0,0.0,0.0,0.0,00:01,0.0,00:01,0.0,7.1,0.0
1783569045.745,0.0,0.0,0.0,0.0,00:01,0.0,00:01,0.0,7.1,0.0
1783569046.792,0.0,0.0,0.0,0.0,00:01,0.0,00:01,0.0,7.1,0.0
1783569047.839,0.0,0.0,0.0,0.0,00:01,0.0,00:01,0.0,7.1,0.0
1783569048.885,0.0,0.0,0.0,0.0,00:01,0.0,00:01,0.0,7.1,0.0
1783569049.932,0.0,0.0,0.0,0.0,00:01,0.0,00:01,0.0,7.1,0.0
1783569050.981,0.0,0.0,0.0,0.0,00:01,0.0,00:01,0.0,7.1,0.0
1783569052.029,0.0,0.0,0.0,0.0,00:01,0.0,00:01,0.0,7.1,0.0
1783569053.078,0.0,0.0,0.0,0.0,00:01,0.0,00:01,0.0,7.1,0.0
1783569054.127,0.0,0.0,0.0,0.0,00:01,0.0,00:01,0.0,7.1,0.0
1783569055.177,0.0,0.0,0.0,0.0,00:01,0.0,00:01,0.0,7.1,0.0
1783569056.224,0.0,0.0,0.0,0.0,00:01,0.0,00:01,0.0,7.1,0.0
1783569057.27,0.0,0.0,0.0,0.0,00:01,0.0,00:01,0.0,7.1,0.0
1783569058.317,0.0,0.0,0.0,0.0,00:01,0.0,00:01,0.0,7.1,0.0
1783569059.363,0.0,0.0,0.0,0.0,00:01,0.0,00:01,0.0,7.1,0.0
1783569060.41,0.0,0.0,0.0,0.0,00:01,0.0,00:01,0.0,7.1,0.0
1783569061.456,0.0,0.0,0.0,0.0,00:01,0.0,00:01,0.0,7.1,0.0
1783569062.505,0.0,0.0,0.0,0.0,00:01,0.0,00:01,0.0,7.1,0.0
1783569063.553,0.0,0.0,0.0,0.0,00:01,0.0,00:01,0.0,7.1,0.0
1783569064.601,0.0,0.0,0.0,0.0,00:01,0.0,00:01,0.0,7.1,0.0
1783569065.649,0.0,0.0,0.0,0.0,00:01,0.0,00:01,0.0,7.1,0.0
1783569066.696,0.0,0.0,0.0,0.0,00:01,0.0,00:01,0.0,7.1,0.0
1783569067.743,0.0,0.0,0.0,0.0,00:01,0.0,00:01,0.0,7.1,0.0
1783569068.789,0.0,0.0,0.0,0.0,00:01,0.0,00:01,0.0,7.1,0.0
1783569069.835,0.0,0.0,0.0,0.0,00:01,0.0,00:01,0.0,7.1,0.0
1783569070.882,0.0,0.0,0.0,0.0,00:01,0.0,00:01,0.0,7.1,0.0
1783569071.928,0.0,0.0,0.0,0.0,00:01,0.0,00:01,0.0,7.1,0.0
1783569072.974,0.0,0.0,0.0,0.0,00:01,0.0,00:01,0.0,7.1,0.0
1783569074.021,0.0,0.0,0.0,0.0,00:01,0.0,00:01,0.0,7.1,0.0
1783569075.068,0.0,0.0,0.0,0.0,00:01,0.0,00:01,0.0,7.1,0.0
1783569076.114,0.0,0.0,0.0,0.0,00:01,0.0,00:01,0.0,7.1,0.0
1783569077.161,0.0,0.0,0.0,0.0,00:01,0.0,00:01,0.0,7.1,0.0
1783569078.208,0.0,0.0,0.0,0.0,00:01,0.0,00:01,0.0,7.1,0.0
1783569079.255,0.0,0.0,0.0,0.0,00:01,0.0,00:01,0.0,7.1,0.0
1783569831.507,0.0,0.0,0.0,0.0,00:01,0.0,00:01,0.0,7.1,0.0
1783569832.557,0.0,0.0,0.0,0.0,00:01,0.0,00:01,0.0,7.1,0.0
1783569833.605,0.0,0.0,0.0,0.0,00:01,0.0,00:01,0.0,7.1,0.0
1783569834.654,0.0,0.0,0.0,0.0,00:01,0.0,00:01,0.0,7.1,0.0
1783569835.701,0.0,0.0,0.0,0.0,00:01,0.0,00:01,0.0,7.1,0.0
1783569836.748,0.0,0.0,0.0,0.0,00:01,0.0,00:01,0.0,7.1,0.0
1783569837.795,0.0,0.0,0.0,0.0,00:01,0.0,00:01,0.0,7.1,0.0
1783569838.842,0.0,0.0,0.0,0.0,00:01,0.0,00:01,0.0,7.1,0.0
1783569839.889,0.0,0.0,0.0,0.0,00:01,0.0,00:01,0.0,7.1,0.0
1783569840.935,0.0,0.0,0.0,0.0,00:01,0.0,00:01,0.0,7.1,0.0
1783569841.982,0.0,0.0,0.0,0.0,00:01,0.0,00:01,0.0,7.1,0.0
1783569843.029,0.0,0.0,0.0,0.0,00:01,0.0,00:01,0.0,7.1,0.0
1783569844.076,0.0,0.0,0.0,0.0,00:01,0.0,00:01,0.0,7.1,0.0
1783569845.123,0.0,0.0,0.0,0.0,00:01,0.0,00:01,0.0,7.1,0.0
1783569846.169,0.0,0.0,0.0,0.0,00:01,0.0,00:01,0.0,7.1,0.0
1783569847.216,0.0,0.0,0.0,0.0,00:01,0.0,00:01,0.0,7.1,0.0
1783569848.263,0.0,0.0,0.0,0.0,00:01,0.0,00:01,0.0,7.1,0.0
1783569849.309,0.0,0.0,0.0,0.0,00:01,0.0,00:01,0.0,7.1,0.0
1783569850.355,0.0,0.0,0.0,0.0,00:01,0.0,00:01,0.0,7.1,0.0
1783569851.402,0.0,0.0,0.0,0.0,00:01,0.0,00:01,0.0,7.1,0.0
1783569852.448,0.0,0.0,0.0,0.0,00:01,0.0,00:01,0.0,7.1,0.0
1783569853.495,0.0,0.0,0.0,0.0,00:01,0.0,00:01,0.0,7.1,0.0
1783569854.541,0.0,0.0,0.0,0.0,00:01,0.0,00:01,0.0,7.1,0.0
1783569855.587,0.0,0.0,0.0,0.0,00:01,0.0,00:01,0.0,7.1,0.0
1783569856.633,0.0,0.0,0.0,0.0,00:01,0.0,00:01,0.0,7.1,0.0
1783569857.679,0.0,0.0,0.0,0.0,00:01,0.0,00:01,0.0,7.1,0.0
1783569858.725,0.0,0.0,0.0,0.0,00:01,0.0,00:01,0.0,7.1,0.0
1783569859.771,0.0,0.0,0.0,0.0,00:01,0.0,00:01,0.0,7.1,0.0
1783569860.818,0.0,0.0,0.0,0.0,00:01,0.0,00:01,0.0,7.1,0.0
1783569861.865,0.0,0.0,0.0,0.0,00:01,0.0,00:01,0.0,7.1,0.0
1783569862.913,0.0,0.0,0.0,0.0,00:01,0.0,00:01,0.0,7.1,0.0
1783569863.962,0.0,0.0,0.0,0.0,00:01,0.0,00:01,0.0,7.1,0.0
1783569865.011,0.0,0.0,0.0,0.0,00:01,0.0,00:01,0.0,7.1,0.0
1783569866.058,0.0,0.0,0.0,0.0,00:01,0.0,00:01,0.0,7.1,0.0
1783569867.105,0.0,0.0,0.0,0.0,00:01,0.0,00:01,0.0,7.1,0.0
1783569868.152,0.0,0.0,0.0,0.0,00:01,0.0,00:01,0.0,7.1,0.0
1783569869.199,0.0,0.0,0.0,0.0,00:01,0.0,00:01,0.0,7.1,0.0
1783569870.245,0.0,0.0,0.0,0.0,00:01,0.0,00:01,0.0,7.1,0.0
1783569871.292,0.0,0.0,0.0,0.0,00:01,0.0,00:01,0.0,7.1,0.0
1783569872.339,0.0,0.0,0.0,0.0,00:01,0.0,00:01,0.0,7.1,0.0
1783569873.385,0.0,0.0,0.0,0.0,00:01,0.0,00:01,0.0,7.1,0.0
1783569874.431,0.0,0.0,0.0,0.0,00:01,0.0,00:01,0.0,7.1,0.0
1783569875.478,0.0,0.0,0.0,0.0,00:01,0.0,00:01,0.0,7.1,0.0
1783569876.531,0.0,0.0,0.0,0.0,00:01,0.0,00:01,0.0,7.1,0.0
1783569877.577,0.0,0.0,0.0,0.0,00:01,0.0,00:01,0.0,7.1,0.0
1783569878.625,0.0,0.0,0.0,0.0,00:01,0.0,00:01,0.0,7.1,0.0
1783569879.672,0.0,0.0,0.0,0.0,00:01,0.0,00:01,0.0,7.1,0.0
1783569880.718,0.0,0.0,0.0,0.0,00:01,0.0,00:01,0.0,7.1,0.0
1783569881.765,0.0,0.0,0.0,0.0,00:01,0.0,00:01,0.0,7.1,0.0
1783569882.812,0.0,0.0,0.0,0.0,00:01,0.0,00:01,0.0,7.1,0.0
1783569883.858,0.0,0.0,0.0,0.0,00:01,0.0,00:01,0.0,7.1,0.0
1783569884.905,0.0,0.0,0.0,0.0,00:01,0.0,00:01,0.0,7.1,0.0
1783569885.95,0.0,0.0,0.0,0.0,00:01,0.0,00:01,0.0,7.1,0.0
1783569886.997,0.0,0.0,0.0,0.0,00:01,0.0,00:01,0.0,7.1,0.0
1783569888.043,0.0,0.0,0.0,0.0,00:01,0.0,00:01,0.0,7.1,0.0
1783569889.089,0.0,0.0,0.0,0.0,00:01,0.0,00:01,0.0,7.1,0.0
1783570727.18,0.0,0.0,0.0,0.0,00:01,0.0,00:01,0.0,7.1,0.0
1783570728.228,0.0,0.0,0.0,0.0,00:01,0.0,00:01,0.0,7.1,0.0
1783570729.274,0.0,0.0,0.0,0.0,00:01,0.0,00:01,0.0,7.1,0.0
1783570730.323,0.0,0.0,0.0,0.0,00:01,0.0,00:01,0.0,7.1,0.0
1783570731.369,0.0,0.0,0.0,0.0,00:01,0.0,00:01,0.0,7.1,0.0
1783570732.415,0.0,0.0,0.0,0.0,00:01,0.0,00:01,0.0,7.1,0.0
1783570733.462,0.0,0.0,0.0,0.0,00:01,0.0,00:01,0.0,7.1,0.0
1783570734.509,0.0,0.0,0.0,0.0,00:01,0.0,00:01,0.0,7.1,0.0
1783570735.556,0.0,0.0,0.0,0.0,00:01,0.0,00:01,0.0,7.1,0.0
1783570736.603,0.0,0.0,0.0,0.0,00:01,0.0,00:01,0.0,7.1,0.0
1783570737.649,0.0,0.0,0.0,0.0,00:01,0.0,00:01,0.0,7.1,0.0
1783570738.696,0.0,0.0,0.0,0.0,00:01,0.0,00:01,0.0,7.1,0.0
1783570739.743,0.0,0.0,0.0,0.0,00:01,0.0,00:01,0.0,7.1,0.0
1783570740.789,0.0,0.0,0.0,0.0,00:01,0.0,00:01,0.0,7.1,0.0
1783570741.835,0.0,0.0,0.0,0.0,00:01,0.0,00:01,0.0,7.1,0.0
1783570742.881,0.0,0.0,0.0,0.0,00:01,0.0,00:01,0.0,7.1,0.0
1783570743.928,0.0,0.0,0.0,0.0,00:01,0.0,00:01,0.0,7.1,0.0
1783570744.975,0.0,0.0,0.0,0.0,00:01,0.0,00:01,0.0,7.1,0.0
1783570746.021,0.0,0.0,0.0,0.0,00:01,0.0,00:01,0.0,7.1,0.0
1783570747.067,0.0,0.0,0.0,0.0,00:01,0.0,00:01,0.0,7.1,0.0
1783570748.114,0.0,0.0,0.0,0.0,00:01,0.0,00:01,0.0,7.1,0.0
1783570749.161,0.0,0.0,0.0,0.0,00:01,0.0,00:01,0.0,7.1,0.0
1783570750.208,0.0,0.0,0.0,0.0,00:01,0.0,00:01,0.0,7.1,0.0
1783570751.255,0.0,0.0,0.0,0.0,00:01,0.0,00:01,0.0,7.1,0.0
1783570752.302,0.0,0.0,0.0,0.0,00:01,0.0,00:01,0.0,7.1,0.0
1783570753.349,0.0,0.0,0.0,0.0,00:01,0.0,00:01,0.0,7.1,0.0
1783570754.396,0.0,0.0,0.0,0.0,00:01,0.0,00:01,0.0,7.1,0.0
1783570755.443,0.0,0.0,0.0,0.0,00:01,0.0,00:01,0.0,7.1,0.0
1783570756.49,0.0,0.0,0.0,0.0,00:01,0.0,00:01,0.0,7.1,0.0
1783570757.537,0.0,0.0,0.0,0.0,00:01,0.0,00:01,0.0,7.1,0.0
1783570758.584,0.0,0.0,0.0,0.0,00:01,0.0,00:01,0.0,7.1,0.0
1783570759.632,0.0,0.0,0.0,0.0,00:01,0.0,00:01,0.0,7.1,0.0
1783570760.681,0.0,0.0,0.0,0.0,00:01,0.0,00:01,0.0,7.1,0.0
1783570761.727,0.0,0.0,0.0,0.0,00:01,0.0,00:01,0.0,7.1,0.0
1783570762.774,0.0,0.0,0.0,0.0,00:01,0.0,00:01,0.0,7.1,0.0
1783570763.82,0.0,0.0,0.0,0.0,00:01,0.0,00:01,0.0,7.1,0.0
1783570764.866,0.0,0.0,0.0,0.0,00:01,0.0,00:01,0.0,7.1,0.0
1783570765.913,0.0,0.0,0.0,0.0,00:01,0.0,00:01,0.0,7.1,0.0
1783570766.959,0.0,0.0,0.0,0.0,00:01,0.0,00:01,0.0,7.1,0.0
1783570768.005,0.0,0.0,0.0,0.0,00:01,0.0,00:01,0.0,7.1,0.0
1783570769.051,0.0,0.0,0.0,0.0,00:01,0.0,00:01,0.0,7.1,0.0
1783570770.097,0.0,0.0,0.0,0.0,00:01,0.0,00:01,0.0,7.1,0.0
1783570771.143,0.0,0.0,0.0,0.0,00:01,0.0,00:01,0.0,7.1,0.0
1783570772.189,0.0,0.0,0.0,0.0,00:01,0.0,00:01,0.0,7.1,0.0
1783570773.237,0.0,0.0,0.0,0.0,00:01,0.0,00:01,0.0,7.1,0.0
1783570774.285,0.0,0.0,0.0,0.0,00:01,0.0,00:01,0.0,7.1,0.0
1783570775.333,0.0,0.0,0.0,0.0,00:01,0.0,00:01,0.0,7.1,0.0
1783570776.38,0.0,0.0,0.0,0.0,00:01,0.0,00:01,0.0,7.1,0.0
1783570777.427,0.0,0.0,0.0,0.0,00:01,0.0,00:01,0.0,7.1,0.0
1783570778.473,0.0,0.0,0.0,0.0,00:01,0.0,00:01,0.0,7.1,0.0
1783570779.519,0.0,0.0,0.0,0.0,00:01,0.0,00:01,0.0,7.1,0.0
1783570780.565,0.0,0.0,0.0,0.0,00:01,0.0,00:01,0.0,7.1,0.0
1783570781.611,0.0,0.0,0.0,0.0,00:01,0.0,00:01,0.0,7.1,0.0
1783570782.658,0.0,0.0,0.0,0.0,00:01,0.0,00:01,0.0,7.1,0.0
1783570783.705,0.0,0.0,0.0,0.0,00:01,0.0,00:01,0.0,7.1,0.0
1783570784.752,0.0,0.0,0.0,0.0,00:01,0.0,00:01,0.0,7.1,0.0
1783570785.799,0.0,0.0,0.0,0.0,00:01,0.0,00:01,0.0,7.1,0.0
1783570853.538,0.0,0.0,0.0,0.0,00:01,0.0,00:01,0.0,7.1,0.0
1783570854.585,0.0,0.0,0.0,0.0,00:01,0.0,00:01,0.0,7.1,0.0
1783570855.631,0.0,0.0,0.0,0.0,00:01,0.0,00:01,0.0,7.1,0.0
1783570856.679,0.0,0.0,0.0,0.0,00:01,0.0,00:01,0.0,7.1,0.0
1783570857.726,0.0,0.0,0.0,0.0,00:01,0.0,00:01,0.0,7.1,0.0
1783570858.772,0.0,0.0,0.0,0.0,00:01,0.0,00:01,0.0,7.1,0.0
1783570859.819,0.0,0.0,0.0,0.0,00:01,0.0,00:01,0.0,7.1,0.0
1783570860.865,0.0,0.0,0.0,0.0,00:01,0.0,00:01,0.0,7.1,0.0
1783570861.912,0.0,0.0,0.0,0.0,00:01,0.0,00:01,0.0,7.1,0.0
1783570862.958,0.0,0.0,0.0,0.0,00:01,0.0,00:01,0.0,7.1,0.0
1783570864.005,0.0,0.0,0.0,0.0,00:01,0.0,00:01,0.0,7.1,0.0
1783570865.052,0.0,0.0,0.0,0.0,00:01,0.0,00:01,0.0,7.1,0.0
1783570866.099,0.0,0.0,0.0,0.0,00:01,0.0,00:01,0.0,7.1,0.0
1783570867.146,0.0,0.0,0.0,0.0,00:01,0.0,00:01,0.0,7.1,0.0
1783570868.194,0.0,0.0,0.0,0.0,00:01,0.0,00:01,0.0,7.1,0.0
1783570869.24,0.0,0.0,0.0,0.0,00:01,0.0,00:01,0.0,7.1,0.0
1783570870.286,0.0,0.0,0.0,0.0,00:01,0.0,00:01,0.0,7.1,0.0
1783570871.332,0.0,0.0,0.0,0.0,00:01,0.0,00:01,0.0,7.1,0.0
1783570872.379,0.0,0.0,0.0,0.0,00:01,0.0,00:01,0.0,7.1,0.0
1783570873.426,0.0,0.0,0.0,0.0,00:01,0.0,00:01,0.0,7.1,0.0
1783570874.473,0.0,0.0,0.0,0.0,00:01,0.0,00:01,0.0,7.1,0.0
1783570875.52,0.0,0.0,0.0,0.0,00:01,0.0,00:01,0.0,7.1,0.0
1783570876.567,0.0,0.0,0.0,0.0,00:01,0.0,00:01,0.0,7.1,0.0
1783570877.614,0.0,0.0,0.0,0.0,00:01,0.0,00:01,0.0,7.1,0.0
1783570878.66,0.0,0.0,0.0,0.0,00:01,0.0,00:01,0.0,7.1,0.0
1783570879.707,0.0,0.0,0.0,0.0,00:01,0.0,00:01,0.0,7.1,0.0
1783570880.754,0.0,0.0,0.0,0.0,00:01,0.0,00:01,0.0,7.1,0.0
1783570881.8,0.0,0.0,0.0,0.0,00:01,0.0,00:01,0.0,7.1,0.0
1783570882.847,0.0,0.0,0.0,0.0,00:01,0.0,00:01,0.0,7.1,0.0
1783570883.895,0.0,0.0,0.0,0.0,00:01,0.0,00:01,0.0,7.1,0.0
1783570884.942,0.0,0.0,0.0,0.0,00:01,0.0,00:01,0.0,7.1,0.0
1783570885.991,0.0,0.0,0.0,0.0,00:01,0.0,00:01,0.0,7.1,0.0
1783570887.039,0.0,0.0,0.0,0.0,00:01,0.0,00:01,0.0,7.1,0.0
1783570888.086,0.0,0.0,0.0,0.0,00:01,0.0,00:01,0.0,7.1,0.0
1783570889.133,0.0,0.0,0.0,0.0,00:01,0.0,00:01,0.0,7.1,0.0
1783570890.18,0.0,0.0,0.0,0.0,00:01,0.0,00:01,0.0,7.1,0.0
1783570891.226,0.0,0.0,0.0,0.0,00:01,0.0,00:01,0.0,7.1,0.0
1783570892.273,0.0,0.0,0.0,0.0,00:01,0.0,00:01,0.0,7.1,0.0
1783570893.32,0.0,0.0,0.0,0.0,00:01,0.0,00:01,0.0,7.1,0.0
1783570894.366,0.0,0.0,0.0,0.0,00:01,0.0,00:01,0.0,7.1,0.0
1783570895.412,0.0,0.0,0.0,0.0,00:01,0.0,00:01,0.0,7.1,0.0
1783570896.459,0.0,0.0,0.0,0.0,00:01,0.0,00:01,0.0,7.1,0.0
1783570897.505,0.0,0.0,0.0,0.0,00:01,0.0,00:01,0.0,7.1,0.0
1783570898.552,0.0,0.0,0.0,0.0,00:01,0.0,00:01,0.0,7.1,0.0
1783570899.601,0.0,0.0,0.0,0.0,00:01,0.0,00:01,0.0,7.1,0.0
1783570900.647,0.0,0.0,0.0,0.0,00:01,0.0,00:01,0.0,7.1,0.0
1783570901.693,0.0,0.0,0.0,0.0,00:01,0.0,00:01,0.0,7.1,0.0
1783570902.74,0.0,0.0,0.0,0.0,00:01,0.0,00:01,0.0,7.1,0.0
1783570903.787,0.0,0.0,0.0,0.0,00:01,0.0,00:01,0.0,7.1,0.0
1783570904.833,0.0,0.0,0.0,0.0,00:01,0.0,00:01,0.0,7.1,0.0
1783570905.88,0.0,0.0,0.0,0.0,00:01,0.0,00:01,0.0,7.1,0.0
1783570906.927,0.0,0.0,0.0,0.0,00:01,0.0,00:01,0.0,7.1,0.0
1783570907.973,0.0,0.0,0.0,0.0,00:01,0.0,00:01,0.0,7.1,0.0
1783570909.019,0.0,0.0,0.0,0.0,00:01,0.0,00:01,0.0,7.1,0.0
1783570910.065,0.0,0.0,0.0,0.0,00:01,0.0,00:01,0.0,7.1,0.0
1783570911.111,0.0,0.0,0.0,0.0,00:01,0.0,00:01,0.0,7.1,0.0
1783571313.234,0.0,0.0,0.0,0.0,00:01,0.0,00:01,0.0,7.1,0.0
1783571314.281,0.0,0.0,0.0,0.0,00:01,0.0,00:01,0.0,7.1,0.0
1783571315.33,0.0,0.0,0.0,0.0,00:01,0.0,00:01,0.0,7.1,0.0
1783571316.378,0.0,0.0,0.0,0.0,00:01,0.0,00:01,0.0,7.1,0.0
1783571317.424,0.0,0.0,0.0,0.0,00:01,0.0,00:01,0.0,7.1,0.0
1783571318.471,0.0,0.0,0.0,0.0,00:01,0.0,00:01,0.0,7.1,0.0
1783571319.518,0.0,0.0,0.0,0.0,00:01,0.0,00:01,0.0,7.1,0.0
1783571320.564,0.0,0.0,0.0,0.0,00:01,0.0,00:01,0.0,7.1,0.0
1783571321.611,0.0,0.0,0.0,0.0,00:01,0.0,00:01,0.0,7.1,0.0
1783571322.658,0.0,0.0,0.0,0.0,00:01,0.0,00:01,0.0,7.1,0.0
1783571323.705,0.0,0.0,0.0,0.0,00:01,0.0,00:01,0.0,7.1,0.0
1783571324.751,0.0,0.0,0.0,0.0,00:01,0.0,00:01,0.0,7.1,0.0
1783571325.798,0.0,0.0,0.0,0.0,00:01,0.0,00:01,0.0,7.1,0.0
1783571326.845,0.0,0.0,0.0,0.0,00:01,0.0,00:01,0.0,7.1,0.0
1783571327.892,0.0,0.0,0.0,0.0,00:01,0.0,00:01,0.0,7.1,0.0
1783571328.938,0.0,0.0,0.0,0.0,00:01,0.0,00:01,0.0,7.1,0.0
1783571329.985,0.0,0.0,0.0,0.0,00:01,0.0,00:01,0.0,7.1,0.0
1783571331.032,0.0,0.0,0.0,0.0,00:01,0.0,00:01,0.0,7.1,0.0
1783571332.079,0.0,0.0,0.0,0.0,00:01,0.0,00:01,0.0,7.1,0.0
1783571333.125,0.0,0.0,0.0,0.0,00:01,0.0,00:01,0.0,7.1,0.0
1783571334.172,0.0,0.0,0.0,0.0,00:01,0.0,00:01,0.0,7.1,0.0
1783571335.219,0.0,0.0,0.0,0.0,00:01,0.0,00:01,0.0,7.1,0.0
1783571336.266,0.0,0.0,0.0,0.0,00:01,0.0,00:01,0.0,7.1,0.0
1783571337.313,0.0,0.0,0.0,0.0,00:01,0.0,00:01,0.0,7.1,0.0
1783571338.359,0.0,0.0,0.0,0.0,00:01,0.0,00:01,0.0,7.1,0.0
1783571339.406,0.0,0.0,0.0,0.0,00:01,0.0,00:01,0.0,7.1,0.0
1783571340.453,0.0,0.0,0.0,0.0,00:01,0.0,00:01,0.0,7.1,0.0
1783571341.5,0.0,0.0,0.0,0.0,00:01,0.0,00:01,0.0,7.1,0.0
1783571342.546,0.0,0.0,0.0,0.0,00:01,0.0,00:01,0.0,7.1,0.0
1783571343.593,0.0,0.0,0.0,0.0,00:01,0.0,00:01,0.0,7.1,0.0
1783571344.639,0.0,0.0,0.0,0.0,00:01,0.0,00:01,0.0,7.1,0.0
1783571345.688,0.0,0.0,0.0,0.0,00:01,0.0,00:01,0.0,7.1,0.0
1783571346.736,0.0,0.0,0.0,0.0,00:01,0.0,00:01,0.0,7.1,0.0
1783571347.783,0.0,0.0,0.0,0.0,00:01,0.0,00:01,0.0,7.1,0.0
1783571348.829,0.0,0.0,0.0,0.0,00:01,0.0,00:01,0.0,7.1,0.0
1783571349.876,0.0,0.0,0.0,0.0,00:01,0.0,00:01,0.0,7.1,0.0
1783571350.923,0.0,0.0,0.0,0.0,00:01,0.0,00:01,0.0,7.1,0.0
1783571351.97,0.0,0.0,0.0,0.0,00:01,0.0,00:01,0.0,7.1,0.0
1783571353.017,0.0,0.0,0.0,0.0,00:01,0.0,00:01,0.0,7.1,0.0
1783571354.064,0.0,0.0,0.0,0.0,00:01,0.0,00:01,0.0,7.1,0.0
1783571355.11,0.0,0.0,0.0,0.0,00:01,0.0,00:01,0.0,7.1,0.0
1783571356.157,0.0,0.0,0.0,0.0,00:01,0.0,00:01,0.0,7.1,0.0
1783571357.206,0.0,0.0,0.0,0.0,00:01,0.0,00:01,0.0,7.1,0.0
1783571358.255,0.0,0.0,0.0,0.0,00:01,0.0,00:01,0.0,7.1,0.0
1783571359.304,0.0,0.0,0.0,0.0,00:01,0.0,00:01,0.0,7.1,0.0
1783571360.351,0.0,0.0,0.0,0.0,00:01,0.0,00:01,0.0,7.1,0.0
1783571361.397,0.0,0.0,0.0,0.0,00:01,0.0,00:01,0.0,7.1,0.0
1783571362.444,0.0,0.0,0.0,0.0,00:01,0.0,00:01,0.0,7.1,0.0
1783571363.491,0.0,0.0,0.0,0.0,00:01,0.0,00:01,0.0,7.1,0.0
1783571364.537,0.0,0.0,0.0,0.0,00:01,0.0,00:01,0.0,7.1,0.0
1783571365.584,0.0,0.0,0.0,0.0,00:01,0.0,00:01,0.0,7.1,0.0
1783571366.63,0.0,0.0,0.0,0.0,00:01,0.0,00:01,0.0,7.1,0.0
1783571367.677,0.0,0.0,0.0,0.0,00:01,0.0,00:01,0.0,7.1,0.0
1783571368.724,0.0,0.0,0.0,0.0,00:01,0.0,00:01,0.0,7.1,0.0
1783571369.771,0.0,0.0,0.0,0.0,00:01,0.0,00:01,0.0,7.1,0.0
1783571370.817,0.0,0.0,0.0,0.0,00:01,0.0,00:01,0.0,7.1,0.0
1783571371.864,0.0,0.0,0.0,0.0,00:01,0.0,00:01,0.0,7.1,0.0
1783571372.911,0.0,0.0,0.0,0.0,00:01,0.0,00:01,0.0,7.1,0.0
1783571594.563,0.0,0.0,0.0,0.0,00:01,0.0,00:01,0.0,7.1,0.0
1783571595.616,0.0,0.0,0.0,0.0,00:01,0.0,00:01,0.0,7.1,0.0
1783571596.663,0.0,0.0,0.0,0.0,00:01,0.0,00:01,0.0,7.1,0.0
1783571597.709,0.0,0.0,0.0,0.0,00:01,0.0,00:01,0.0,7.1,0.0
1783571598.756,0.0,0.0,0.0,0.0,00:01,0.0,00:01,0.0,7.1,0.0
1783571599.803,0.0,0.0,0.0,0.0,00:01,0.0,00:01,0.0,7.1,0.0
1783571600.85,0.0,0.0,0.0,0.0,00:01,0.0,00:01,0.0,7.1,0.0
1783571601.896,0.0,0.0,0.0,0.0,00:01,0.0,00:01,0.0,7.1,0.0
1783571602.943,0.0,0.0,0.0,0.0,00:01,0.0,00:01,0.0,7.1,0.0
1783571603.989,0.0,0.0,0.0,0.0,00:01,0.0,00:01,0.0,7.1,0.0
1783571605.036,0.0,0.0,0.0,0.0,00:01,0.0,00:01,0.0,7.1,0.0
1783571606.083,0.0,0.0,0.0,0.0,00:01,0.0,00:01,0.0,7.1,0.0
1783571607.129,0.0,0.0,0.0,0.0,00:01,0.0,00:01,0.0,7.1,0.0
1783571608.176,0.0,0.0,0.0,0.0,00:01,0.0,00:01,0.0,7.1,0.0
1783571609.223,0.0,0.0,0.0,0.0,00:01,0.0,00:01,0.0,7.1,0.0
1783571610.27,0.0,0.0,0.0,0.0,00:01,0.0,00:01,0.0,7.1,0.0
1783571611.317,0.0,0.0,0.0,0.0,00:01,0.0,00:01,0.0,7.1,0.0
1783571612.364,0.0,0.0,0.0,0.0,00:01,0.0,00:01,0.0,7.1,0.0
1783571613.411,0.0,0.0,0.0,0.0,00:01,0.0,00:01,0.0,7.1,0.0
1783571614.458,0.0,0.0,0.0,0.0,00:01,0.0,00:01,0.0,7.1,0.0
1783571615.505,0.0,0.0,0.0,0.0,00:01,0.0,00:01,0.0,7.1,0.0
1783571616.552,0.0,0.0,0.0,0.0,00:01,0.0,00:01,0.0,7.1,0.0
1783571617.599,0.0,0.0,0.0,0.0,00:01,0.0,00:01,0.0,7.1,0.0
1783571618.645,0.0,0.0,0.0,0.0,00:01,0.0,00:01,0.0,7.1,0.0
1783571619.692,0.0,0.0,0.0,0.0,00:01,0.0,00:01,0.0,7.1,0.0
1783571620.739,0.0,0.0,0.0,0.0,00:01,0.0,00:01,0.0,7.1,0.0
1783571621.786,0.0,0.0,0.0,0.0,00:01,0.0,00:01,0.0,7.1,0.0
1783571622.833,0.0,0.0,0.0,0.0,00:01,0.0,00:01,0.0,7.1,0.0
1783571623.879,0.0,0.0,0.0,0.0,00:01,0.0,00:01,0.0,7.1,0.0
1783571624.925,0.0,0.0,0.0,0.0,00:01,0.0,00:01,0.0,7.1,0.0
1783571625.972,0.0,0.0,0.0,0.0,00:01,0.0,00:01,0.0,7.1,0.0
1783571627.023,0.0,0.0,0.0,0.0,00:01,0.0,00:01,0.0,7.1,0.0
1783571628.073,0.0,0.0,0.0,0.0,00:01,0.0,00:01,0.0,7.1,0.0
1783571629.123,0.0,0.0,0.0,0.0,00:01,0.0,00:01,0.0,7.1,0.0
1783571630.17,0.0,0.0,0.0,0.0,00:01,0.0,00:01,0.0,7.1,0.0
1783571631.217,0.0,0.0,0.0,0.0,00:01,0.0,00:01,0.0,7.1,0.0
1783571632.263,0.0,0.0,0.0,0.0,00:01,0.0,00:01,0.0,7.1,0.0
1783571633.31,0.0,0.0,0.0,0.0,00:01,0.0,00:01,0.0,7.1,0.0
1783571634.357,0.0,0.0,0.0,0.0,00:01,0.0,00:01,0.0,7.1,0.0
1783571635.404,0.0,0.0,0.0,0.0,00:01,0.0,00:01,0.0,7.1,0.0
1783571636.451,0.0,0.0,0.0,0.0,00:01,0.0,00:01,0.0,7.1,0.0
1783571637.498,0.0,0.0,0.0,0.0,00:01,0.0,00:01,0.0,7.1,0.0
1783571638.546,0.0,0.0,0.0,0.0,00:01,0.0,00:01,0.0,7.1,0.0
1783571639.594,0.0,0.0,0.0,0.0,00:01,0.0,00:01,0.0,7.1,0.0
1783571640.641,0.0,0.0,0.0,0.0,00:01,0.0,00:01,0.0,7.1,0.0
1783571641.688,0.0,0.0,0.0,0.0,00:01,0.0,00:01,0.0,7.1,0.0
1783571642.735,0.0,0.0,0.0,0.0,00:01,0.0,00:01,0.0,7.1,0.0
1783571643.782,0.0,0.0,0.0,0.0,00:01,0.0,00:01,0.0,7.1,0.0
1783571644.828,0.0,0.0,0.0,0.0,00:01,0.0,00:01,0.0,7.1,0.0
1783571645.875,0.0,0.0,0.0,0.0,00:01,0.0,00:01,0.0,7.1,0.0
1783571646.922,0.0,0.0,0.0,0.0,00:01,0.0,00:01,0.0,7.1,0.0
1783571647.969,0.0,0.0,0.0,0.0,00:01,0.0,00:01,0.0,7.1,0.0
1783571649.016,0.0,0.0,0.0,0.0,00:01,0.0,00:01,0.0,7.1,0.0
1783571650.063,0.0,0.0,0.0,0.0,00:01,0.0,00:01,0.0,7.1,0.0
1783571651.11,0.0,0.0,0.0,0.0,00:01,0.0,00:01,0.0,7.1,0.0
1783572305.735,0.0,0.0,0.0,0.0,00:01,0.0,00:01,0.0,7.1,0.0
1783572306.782,0.0,0.0,0.0,0.0,00:01,0.0,00:01,0.0,7.1,0.0
1783572307.83,0.0,0.0,0.0,0.0,00:01,0.0,00:01,0.0,7.1,0.0
1783572308.877,0.0,0.0,0.0,0.0,00:01,0.0,00:01,0.0,7.1,0.0
1783572309.923,0.0,0.0,0.0,0.0,00:01,0.0,00:01,0.0,7.1,0.0
1783572310.97,0.0,0.0,0.0,0.0,00:01,0.0,00:01,0.0,7.1,0.0
1783572312.016,0.0,0.0,0.0,0.0,00:01,0.0,00:01,0.0,7.1,0.0
1783572313.062,0.0,0.0,0.0,0.0,00:01,0.0,00:01,0.0,7.1,0.0
1783572314.109,0.0,0.0,0.0,0.0,00:01,0.0,00:01,0.0,7.1,0.0
1783572315.155,0.0,0.0,0.0,0.0,00:01,0.0,00:01,0.0,7.1,0.0
1783572316.201,0.0,0.0,0.0,0.0,00:01,0.0,00:01,0.0,7.1,0.0
1783572317.247,0.0,0.0,0.0,0.0,00:01,0.0,00:01,0.0,7.1,0.0
1783572318.293,0.0,0.0,0.0,0.0,00:01,0.0,00:01,0.0,7.1,0.0
1783572319.339,0.0,0.0,0.0,0.0,00:01,0.0,00:01,0.0,7.1,0.0
1783572320.386,0.0,0.0,0.0,0.0,00:01,0.0,00:01,0.0,7.1,0.0
1783572321.432,0.0,0.0,0.0,0.0,00:01,0.0,00:01,0.0,7.1,0.0
1783572322.479,0.0,0.0,0.0,0.0,00:01,0.0,00:01,0.0,7.1,0.0
1783572323.525,0.0,0.0,0.0,0.0,00:01,0.0,00:01,0.0,7.1,0.0
1783572324.572,0.0,0.0,0.0,0.0,00:01,0.0,00:01,0.0,7.1,0.0
1783572325.619,0.0,0.0,0.0,0.0,00:01,0.0,00:01,0.0,7.1,0.0
1783572326.665,0.0,0.0,0.0,0.0,00:01,0.0,00:01,0.0,7.1,0.0
1783572327.712,0.0,0.0,0.0,0.0,00:01,0.0,00:01,0.0,7.1,0.0
1783572328.759,0.0,0.0,0.0,0.0,00:01,0.0,00:01,0.0,7.1,0.0
1783572329.806,0.0,0.0,0.0,0.0,00:01,0.0,00:01,0.0,7.1,0.0
1783572330.853,0.0,0.0,0.0,0.0,00:01,0.0,00:01,0.0,7.1,0.0
1783572331.899,0.0,0.0,0.0,0.0,00:01,0.0,00:01,0.0,7.1,0.0
1783572332.946,0.0,0.0,0.0,0.0,00:01,0.0,00:01,0.0,7.1,0.0
1783572333.992,0.0,0.0,0.0,0.0,00:01,0.0,00:01,0.0,7.1,0.0
1783572335.039,0.0,0.0,0.0,0.0,00:01,0.0,00:01,0.0,7.1,0.0
1783572336.086,0.0,0.0,0.0,0.0,00:01,0.0,00:01,0.0,7.1,0.0
1783572337.136,0.0,0.0,0.0,0.0,00:01,0.0,00:01,0.0,7.1,0.0
1783572338.183,0.0,0.0,0.0,0.0,00:01,0.0,00:01,0.0,7.1,0.0
1783572339.23,0.0,0.0,0.0,0.0,00:01,0.0,00:01,0.0,7.1,0.0
1783572340.278,0.0,0.0,0.0,0.0,00:01,0.0,00:01,0.0,7.1,0.0
1783572341.326,0.0,0.0,0.0,0.0,00:01,0.0,00:01,0.0,7.1,0.0
1783572342.373,0.0,0.0,0.0,0.0,00:01,0.0,00:01,0.0,7.1,0.0
1783572343.42,0.0,0.0,0.0,0.0,00:01,0.0,00:01,0.0,7.1,0.0
1783572344.467,0.0,0.0,0.0,0.0,00:01,0.0,00:01,0.0,7.1,0.0
1783572345.514,0.0,0.0,0.0,0.0,00:01,0.0,00:01,0.0,7.1,0.0
1783572346.561,0.0,0.0,0.0,0.0,00:01,0.0,00:01,0.0,7.1,0.0
1783572347.608,0.0,0.0,0.0,0.0,00:01,0.0,00:01,0.0,7.1,0.0
1783572348.655,0.0,0.0,0.0,0.0,00:01,0.0,00:01,0.0,7.1,0.0
1783572349.701,0.0,0.0,0.0,0.0,00:01,0.0,00:01,0.0,7.1,0.0
1783572350.75,0.0,0.0,0.0,0.0,00:01,0.0,00:01,0.0,7.1,0.0
1783572351.799,0.0,0.0,0.0,0.0,00:01,0.0,00:01,0.0,7.1,0.0
1783572352.847,0.0,0.0,0.0,0.0,00:01,0.0,00:01,0.0,7.1,0.0
1783572353.893,0.0,0.0,0.0,0.0,00:01,0.0,00:01,0.0,7.1,0.0
1783572354.94,0.0,0.0,0.0,0.0,00:01,0.0,00:01,0.0,7.1,0.0
1783572355.987,0.0,0.0,0.0,0.0,00:01,0.0,00:01,0.0,7.1,0.0
1783572357.034,0.0,0.0,0.0,0.0,00:01,0.0,00:01,0.0,7.1,0.0
1783572358.081,0.0,0.0,0.0,0.0,00:01,0.0,00:01,0.0,7.1,0.0
1783572359.127,0.0,0.0,0.0,0.0,00:01,0.0,00:01,0.0,7.1,0.0
1783572360.174,0.0,0.0,0.0,0.0,00:01,0.0,00:01,0.0,7.1,0.0
1783572361.222,0.0,0.0,0.0,0.0,00:01,0.0,00:01,0.0,7.1,0.0
1783572362.269,0.0,0.0,0.0,0.0,00:01,0.0,00:01,0.0,7.1,0.0
1783572363.316,0.0,0.0,0.0,0.0,00:01,0.0,00:01,0.0,7.1,0.0
1783572603.09,0.0,0.0,0.0,0.0,00:01,0.0,00:01,0.0,7.1,0.0
1783572604.137,0.0,0.0,0.0,0.0,00:01,0.0,00:01,0.0,7.1,0.0
1783572605.184,0.0,0.0,0.0,0.0,00:01,0.0,00:01,0.0,7.1,0.0
1783572606.232,0.0,0.0,0.0,0.0,00:01,0.0,00:01,0.0,7.1,0.0
1783572607.279,0.0,0.0,0.0,0.0,00:01,0.0,00:01,0.0,7.1,0.0
1783572608.325,0.0,0.0,0.0,0.0,00:01,0.0,00:01,0.0,7.1,0.0
1783572609.372,0.0,0.0,0.0,0.0,00:01,0.0,00:01,0.0,7.1,0.0
1783572610.419,0.0,0.0,0.0,0.0,00:01,0.0,00:01,0.0,7.1,0.0
1783572611.466,0.0,0.0,0.0,0.0,00:01,0.0,00:01,0.0,7.1,0.0
1783572612.513,0.0,0.0,0.0,0.0,00:01,0.0,00:01,0.0,7.1,0.0
1783572613.56,0.0,0.0,0.0,0.0,00:01,0.0,00:01,0.0,7.1,0.0
1783572614.607,0.0,0.0,0.0,0.0,00:01,0.0,00:01,0.0,7.1,0.0
1783572615.653,0.0,0.0,0.0,0.0,00:01,0.0,00:01,0.0,7.1,0.0
1783572616.7,0.0,0.0,0.0,0.0,00:01,0.0,00:01,0.0,7.1,0.0
1783572617.747,0.0,0.0,0.0,0.0,00:01,0.0,00:01,0.0,7.1,0.0
1783572618.794,0.0,0.0,0.0,0.0,00:01,0.0,00:01,0.0,7.1,0.0
1783572619.841,0.0,0.0,0.0,0.0,00:01,0.0,00:01,0.0,7.1,0.0
1783572620.887,0.0,0.0,0.0,0.0,00:01,0.0,00:01,0.0,7.1,0.0
1783572621.934,0.0,0.0,0.0,0.0,00:01,0.0,00:01,0.0,7.1,0.0
1783572622.98,0.0,0.0,0.0,0.0,00:01,0.0,00:01,0.0,7.1,0.0
1783572624.027,0.0,0.0,0.0,0.0,00:01,0.0,00:01,0.0,7.1,0.0
1783572625.073,0.0,0.0,0.0,0.0,00:01,0.0,00:01,0.0,7.1,0.0
1783572626.12,0.0,0.0,0.0,0.0,00:01,0.0,00:01,0.0,7.1,0.0
1783572627.168,0.0,0.0,0.0,0.0,00:01,0.0,00:01,0.0,7.1,0.0
1783572628.214,0.0,0.0,0.0,0.0,00:01,0.0,00:01,0.0,7.1,0.0
1783572629.261,0.0,0.0,0.0,0.0,00:01,0.0,00:01,0.0,7.1,0.0
1783572630.307,0.0,0.0,0.0,0.0,00:01,0.0,00:01,0.0,7.1,0.0
1783572631.353,0.0,0.0,0.0,0.0,00:01,0.0,00:01,0.0,7.1,0.0
1783572632.399,0.0,0.0,0.0,0.0,00:01,0.0,00:01,0.0,7.1,0.0
1783572633.445,0.0,0.0,0.0,0.0,00:01,0.0,00:01,0.0,7.1,0.0
1783572634.492,0.0,0.0,0.0,0.0,00:01,0.0,00:01,0.0,7.1,0.0
1783572635.541,0.0,0.0,0.0,0.0,00:01,0.0,00:01,0.0,7.1,0.0
1783572636.588,0.0,0.0,0.0,0.0,00:01,0.0,00:01,0.0,7.1,0.0
1783572637.636,0.0,0.0,0.0,0.0,00:01,0.0,00:01,0.0,7.1,0.0
1783572638.681,0.0,0.0,0.0,0.0,00:01,0.0,00:01,0.0,7.1,0.0
1783572639.727,0.0,0.0,0.0,0.0,00:01,0.0,00:01,0.0,7.1,0.0
1783572640.773,0.0,0.0,0.0,0.0,00:01,0.0,00:01,0.0,7.1,0.0
1783572641.82,0.0,0.0,0.0,0.0,00:01,0.0,00:01,0.0,7.1,0.0
1783572642.867,0.0,0.0,0.0,0.0,00:01,0.0,00:01,0.0,7.1,0.0
1783572643.913,0.0,0.0,0.0,0.0,00:01,0.0,00:01,0.0,7.1,0.0
1783572644.96,0.0,0.0,0.0,0.0,00:01,0.0,00:01,0.0,7.1,0.0
1783572646.008,0.0,0.0,0.0,0.0,00:01,0.0,00:01,0.0,7.1,0.0
1783572647.055,0.0,0.0,0.0,0.0,00:01,0.0,00:01,0.0,7.1,0.0
1783572648.105,0.0,0.0,0.0,0.0,00:01,0.0,00:01,0.0,7.1,0.0
1783572649.156,0.0,0.0,0.0,0.0,00:01,0.0,00:01,0.0,7.1,0.0
1783572650.203,0.0,0.0,0.0,0.0,00:01,0.0,00:01,0.0,7.1,0.0
1783572651.249,0.0,0.0,0.0,0.0,00:01,0.0,00:01,0.0,7.1,0.0
1783572652.295,0.0,0.0,0.0,0.0,00:01,0.0,00:01,0.0,7.1,0.0
1783572653.341,0.0,0.0,0.0,0.0,00:01,0.0,00:01,0.0,7.1,0.0
1783572654.388,0.0,0.0,0.0,0.0,00:01,0.0,00:01,0.0,7.1,0.0
1783572655.435,0.0,0.0,0.0,0.0,00:01,0.0,00:01,0.0,7.1,0.0
1783572656.481,0.0,0.0,0.0,0.0,00:01,0.0,00:01,0.0,7.1,0.0
1783572657.528,0.0,0.0,0.0,0.0,00:01,0.0,00:01,0.0,7.1,0.0
1783572658.575,0.0,0.0,0.0,0.0,00:01,0.0,00:01,0.0,7.1,0.0
1783572828.636,0.0,0.0,0.0,0.0,00:01,0.0,00:01,0.0,7.1,0.0
1783572829.685,0.0,0.0,0.0,0.0,00:01,0.0,00:01,0.0,7.1,0.0
1783572830.734,0.0,0.0,0.0,0.0,00:01,0.0,00:01,0.0,7.1,0.0
1783572831.78,0.0,0.0,0.0,0.0,00:01,0.0,00:01,0.0,7.1,0.0
1783572832.827,0.0,0.0,0.0,0.0,00:01,0.0,00:01,0.0,7.1,0.0
1783572833.873,0.0,0.0,0.0,0.0,00:01,0.0,00:01,0.0,7.1,0.0
1783572834.919,0.0,0.0,0.0,0.0,00:01,0.0,00:01,0.0,7.1,0.0
1783572835.965,0.0,0.0,0.0,0.0,00:01,0.0,00:01,0.0,7.1,0.0
1783572837.012,0.0,0.0,0.0,0.0,00:01,0.0,00:01,0.0,7.1,0.0
1783572838.058,0.0,0.0,0.0,0.0,00:01,0.0,00:01,0.0,7.1,0.0
1783572839.104,0.0,0.0,0.0,0.0,00:01,0.0,00:01,0.0,7.1,0.0
1783572840.151,0.0,0.0,0.0,0.0,00:01,0.0,00:01,0.0,7.1,0.0
1783572841.197,0.0,0.0,0.0,0.0,00:01,0.0,00:01,0.0,7.1,0.0
1783572842.243,0.0,0.0,0.0,0.0,00:01,0.0,00:01,0.0,7.1,0.0
1783572843.29,0.0,0.0,0.0,0.0,00:01,0.0,00:01,0.0,7.1,0.0
1783572844.337,0.0,0.0,0.0,0.0,00:01,0.0,00:01,0.0,7.1,0.0
1783572845.383,0.0,0.0,0.0,0.0,00:01,0.0,00:01,0.0,7.1,0.0
1783572846.429,0.0,0.0,0.0,0.0,00:01,0.0,00:01,0.0,7.1,0.0
1783572847.476,0.0,0.0,0.0,0.0,00:01,0.0,00:01,0.0,7.1,0.0
1783572848.522,0.0,0.0,0.0,0.0,00:01,0.0,00:01,0.0,7.1,0.0
1783572849.568,0.0,0.0,0.0,0.0,00:01,0.0,00:01,0.0,7.1,0.0
1783572850.615,0.0,0.0,0.0,0.0,00:01,0.0,00:01,0.0,7.1,0.0
1783572851.661,0.0,0.0,0.0,0.0,00:01,0.0,00:01,0.0,7.1,0.0
1783572852.707,0.0,0.0,0.0,0.0,00:01,0.0,00:01,0.0,7.1,0.0
1783572853.753,0.0,0.0,0.0,0.0,00:01,0.0,00:01,0.0,7.1,0.0
1783572854.799,0.0,0.0,0.0,0.0,00:01,0.0,00:01,0.0,7.1,0.0
1783572855.845,0.0,0.0,0.0,0.0,00:01,0.0,00:01,0.0,7.1,0.0
1783572856.892,0.0,0.0,0.0,0.0,00:01,0.0,00:01,0.0,7.1,0.0
1783572857.939,0.0,0.0,0.0,0.0,00:01,0.0,00:01,0.0,7.1,0.0
1783572858.986,0.0,0.0,0.0,0.0,00:01,0.0,00:01,0.0,7.1,0.0
1783572860.036,0.0,0.0,0.0,0.0,00:01,0.0,00:01,0.0,7.1,0.0
1783572861.084,0.0,0.0,0.0,0.0,00:01,0.0,00:01,0.0,7.1,0.0
1783572862.131,0.0,0.0,0.0,0.0,00:01,0.0,00:01,0.0,7.1,0.0
1783572863.178,0.0,0.0,0.0,0.0,00:01,0.0,00:01,0.0,7.1,0.0
1783572864.225,0.0,0.0,0.0,0.0,00:01,0.0,00:01,0.0,7.1,0.0
1783572865.272,0.0,0.0,0.0,0.0,00:01,0.0,00:01,0.0,7.1,0.0
1783572866.319,0.0,0.0,0.0,0.0,00:01,0.0,00:01,0.0,7.1,0.0
1783572867.365,0.0,0.0,0.0,0.0,00:01,0.0,00:01,0.0,7.1,0.0
1783572868.412,0.0,0.0,0.0,0.0,00:01,0.0,00:01,0.0,7.1,0.0
1783572869.459,0.0,0.0,0.0,0.0,00:01,0.0,00:01,0.0,7.1,0.0
1783572870.505,0.0,0.0,0.0,0.0,00:01,0.0,00:01,0.0,7.1,0.0
1783572871.551,0.0,0.0,0.0,0.0,00:01,0.0,00:01,0.0,7.1,0.0
1783572872.599,0.0,0.0,0.0,0.0,00:01,0.0,00:01,0.0,7.1,0.0
1783572873.645,0.0,0.0,0.0,0.0,00:01,0.0,00:01,0.0,7.1,0.0
1783572874.694,0.0,0.0,0.0,0.0,00:01,0.0,00:01,0.0,7.1,0.0
1783572875.742,0.0,0.0,0.0,0.0,00:01,0.0,00:01,0.0,7.1,0.0
1783572876.79,0.0,0.0,0.0,0.0,00:01,0.0,00:01,0.0,7.1,0.0
1783572877.836,0.0,0.0,0.0,0.0,00:01,0.0,00:01,0.0,7.1,0.0
1783572878.883,0.0,0.0,0.0,0.0,00:01,0.0,00:01,0.0,7.1,0.0
1783572879.93,0.0,0.0,0.0,0.0,00:01,0.0,00:01,0.0,7.1,0.0
1783572880.977,0.0,0.0,0.0,0.0,00:01,0.0,00:01,0.0,7.1,0.0
1783572882.024,0.0,0.0,0.0,0.0,00:01,0.0,00:01,0.0,7.1,0.0
1783572883.07,0.0,0.0,0.0,0.0,00:01,0.0,00:01,0.0,7.1,0.0
1783572884.116,0.0,0.0,0.0,0.0,00:01,0.0,00:01,0.0,7.1,0.0
1783572885.163,0.0,0.0,0.0,0.0,00:01,0.0,00:01,0.0,7.1,0.0
1783572886.209,0.0,0.0,0.0,0.0,00:01,0.0,00:01,0.0,7.1,0.0
1783572887.255,0.0,0.0,0.0,0.0,00:01,0.0,00:01,0.0,7.1,0.0
1783572888.301,0.0,0.0,0.0,0.0,00:01,0.0,00:01,0.0,7.1,0.0
1783581046.641,0.0,0.0,0.0,0.0,00:01,0.0,00:01,0.0,7.1,0.0
1783581047.687,0.0,0.0,0.0,0.0,00:01,0.0,00:01,0.0,7.1,0.0
1783581048.733,0.0,0.0,0.0,0.0,00:01,0.0,00:01,0.0,7.1,0.0
1783581049.78,0.0,0.0,0.0,0.0,00:01,0.0,00:01,0.0,7.1,0.0
1783581050.827,0.0,0.0,0.0,0.0,00:01,0.0,00:01,0.0,7.1,0.0
1783581051.873,0.0,0.0,0.0,0.0,00:01,0.0,00:01,0.0,7.1,0.0
1783581052.92,0.0,0.0,0.0,0.0,00:01,0.0,00:01,0.0,7.1,0.0
1783581053.966,0.0,0.0,0.0,0.0,00:01,0.0,00:01,0.0,7.1,0.0
1783581055.013,0.0,0.0,0.0,0.0,00:01,0.0,00:01,0.0,7.1,0.0
1783581056.059,0.0,0.0,0.0,0.0,00:01,0.0,00:01,0.0,7.1,0.0
1783581057.105,0.0,0.0,0.0,0.0,00:01,0.0,00:01,0.0,7.1,0.0
1783581058.152,0.0,0.0,0.0,0.0,00:01,0.0,00:01,0.0,7.1,0.0
1783581059.199,0.0,0.0,0.0,0.0,00:01,0.0,00:01,0.0,7.1,0.0
1783581060.245,0.0,0.0,0.0,0.0,00:01,0.0,00:01,0.0,7.1,0.0
1783581061.292,0.0,0.0,0.0,0.0,00:01,0.0,00:01,0.0,7.1,0.0
1783581062.338,0.0,0.0,0.0,0.0,00:01,0.0,00:01,0.0,7.1,0.0
1783581063.385,0.0,0.0,0.0,0.0,00:01,0.0,00:01,0.0,7.1,0.0
1783581064.432,0.0,0.0,0.0,0.0,00:01,0.0,00:01,0.0,7.1,0.0
1783581065.479,0.0,0.0,0.0,0.0,00:01,0.0,00:01,0.0,7.1,0.0
1783581066.526,0.0,0.0,0.0,0.0,00:01,0.0,00:01,0.0,7.1,0.0
1783581067.573,0.0,0.0,0.0,0.0,00:01,0.0,00:01,0.0,7.1,0.0
1783581068.62,0.0,0.0,0.0,0.0,00:01,0.0,00:01,0.0,7.1,0.0
1783581069.667,0.0,0.0,0.0,0.0,00:01,0.0,00:01,0.0,7.1,0.0
1783581070.714,0.0,0.0,0.0,0.0,00:01,0.0,00:01,0.0,7.1,0.0
1783581071.76,0.0,0.0,0.0,0.0,00:01,0.0,00:01,0.0,7.1,0.0
1783581072.807,0.0,0.0,0.0,0.0,00:01,0.0,00:01,0.0,7.1,0.0
1783581073.854,0.0,0.0,0.0,0.0,00:01,0.0,00:01,0.0,7.1,0.0
1783581074.9,0.0,0.0,0.0,0.0,00:01,0.0,00:01,0.0,7.1,0.0
1783581075.947,0.0,0.0,0.0,0.0,00:01,0.0,00:01,0.0,7.1,0.0
1783581082.232,0.0,0.0,0.0,0.0,00:01,0.0,00:01,0.0,7.1,0.0
1783581434.599,0.0,0.0,0.0,0.0,00:01,0.0,00:01,0.0,7.1,0.0
1783581435.647,0.0,0.0,0.0,0.0,00:01,0.0,00:01,0.0,7.1,0.0
1783581436.693,0.0,0.0,0.0,0.0,00:01,0.0,00:01,0.0,7.1,0.0
1783581437.741,0.0,0.0,0.0,0.0,00:01,0.0,00:01,0.0,7.1,0.0
1783581438.787,0.0,0.0,0.0,0.0,00:01,0.0,00:01,0.0,7.1,0.0
1783581439.835,0.0,0.0,0.0,0.0,00:01,0.0,00:01,0.0,7.1,0.0
1783581440.881,0.0,0.0,0.0,0.0,00:01,0.0,00:01,0.0,7.1,0.0
1783581441.928,0.0,0.0,0.0,0.0,00:01,0.0,00:01,0.0,7.1,0.0
1783581442.975,0.0,0.0,0.0,0.0,00:01,0.0,00:01,0.0,7.1,0.0
1783581444.021,0.0,0.0,0.0,0.0,00:01,0.0,00:01,0.0,7.1,0.0
1783581445.068,0.0,0.0,0.0,0.0,00:01,0.0,00:01,0.0,7.1,0.0
1783581446.115,0.0,0.0,0.0,0.0,00:01,0.0,00:01,0.0,7.1,0.0
1783581447.161,0.0,0.0,0.0,0.0,00:01,0.0,00:01,0.0,7.1,0.0
1783581448.208,0.0,0.0,0.0,0.0,00:01,0.0,00:01,0.0,7.1,0.0
1783581449.255,0.0,0.0,0.0,0.0,00:01,0.0,00:01,0.0,7.1,0.0
1783581450.302,0.0,0.0,0.0,0.0,00:01,0.0,00:01,0.0,7.1,0.0
1783581451.349,0.0,0.0,0.0,0.0,00:01,0.0,00:01,0.0,7.1,0.0
1783581452.396,0.0,0.0,0.0,0.0,00:01,0.0,00:01,0.0,7.1,0.0
1783581453.443,0.0,0.0,0.0,0.0,00:01,0.0,00:01,0.0,7.1,0.0
1783581454.49,0.0,0.0,0.0,0.0,00:01,0.0,00:01,0.0,7.1,0.0
1783581455.537,0.0,0.0,0.0,0.0,00:01,0.0,00:01,0.0,7.1,0.0
1783581456.584,0.0,0.0,0.0,0.0,00:01,0.0,00:01,0.0,7.1,0.0
1783581457.63,0.0,0.0,0.0,0.0,00:01,0.0,00:01,0.0,7.1,0.0
1783581458.677,0.0,0.0,0.0,0.0,00:01,0.0,00:01,0.0,7.1,0.0
1783581459.724,0.0,0.0,0.0,0.0,00:01,0.0,00:01,0.0,7.1,0.0
1783581460.771,0.0,0.0,0.0,0.0,00:01,0.0,00:01,0.0,7.1,0.0
1783581461.817,0.0,0.0,0.0,0.0,00:01,0.0,00:01,0.0,7.1,0.0
1783581462.864,0.0,0.0,0.0,0.0,00:01,0.0,00:01,0.0,7.1,0.0
1783581463.91,0.0,0.0,0.0,0.0,00:01,0.0,00:01,0.0,7.1,0.0
1783581464.957,0.0,0.0,0.0,0.0,00:01,0.0,00:01,0.0,7.1,0.0
1783581466.003,0.0,0.0,0.0,0.0,00:01,0.0,00:01,0.0,7.1,0.0
1783581467.052,0.0,0.0,0.0,0.0,00:01,0.0,00:01,0.0,7.1,0.0
1783581468.1,0.0,0.0,0.0,0.0,00:01,0.0,00:01,0.0,7.1,0.0
1783581469.147,0.0,0.0,0.0,0.0,00:01,0.0,00:01,0.0,7.1,0.0
1783581470.194,0.0,0.0,0.0,0.0,00:01,0.0,00:01,0.0,7.1,0.0
1783581471.241,0.0,0.0,0.0,0.0,00:01,0.0,00:01,0.0,7.1,0.0
1783581472.288,0.0,0.0,0.0,0.0,00:01,0.0,00:01,0.0,7.1,0.0
1783581473.335,0.0,0.0,0.0,0.0,00:01,0.0,00:01,0.0,7.1,0.0
1783581474.381,0.0,0.0,0.0,0.0,00:01,0.0,00:01,0.0,7.1,0.0
1783581475.428,0.0,0.0,0.0,0.0,00:01,0.0,00:01,0.0,7.1,0.0
1783581476.475,0.0,0.0,0.0,0.0,00:01,0.0,00:01,0.0,7.1,0.0
1783581477.521,0.0,0.0,0.0,0.0,00:01,0.0,00:01,0.0,7.1,0.0
1783581478.569,0.0,0.0,0.0,0.0,00:01,0.0,00:01,0.0,7.1,0.0
1783581479.616,0.0,0.0,0.0,0.0,00:01,0.0,00:01,0.0,7.1,0.0
1783581480.666,0.0,0.0,0.0,0.0,00:01,0.0,00:01,0.0,7.1,0.0
1783581481.713,0.0,0.0,0.0,0.0,00:01,0.0,00:01,0.0,7.1,0.0
1783581482.759,0.0,0.0,0.0,0.0,00:01,0.0,00:01,0.0,7.1,0.0
1783581483.806,0.0,0.0,0.0,0.0,00:01,0.0,00:01,0.0,7.1,0.0
1783581484.852,0.0,0.0,0.0,0.0,00:01,0.0,00:01,0.0,7.1,0.0
1783581485.899,0.0,0.0,0.0,0.0,00:01,0.0,00:01,0.0,7.1,0.0
1783581486.945,0.0,0.0,0.0,0.0,00:01,0.0,00:01,0.0,7.1,0.0
1783581487.992,0.0,0.0,0.0,0.0,00:01,0.0,00:01,0.0,7.1,0.0
1783581489.039,0.0,0.0,0.0,0.0,00:01,0.0,00:01,0.0,7.1,0.0
1783581490.085,0.0,0.0,0.0,0.0,00:01,0.0,00:01,0.0,7.1,0.0
1783581491.131,0.0,0.0,0.0,0.0,00:01,0.0,00:01,0.0,7.1,0.0
1783581492.177,0.0,0.0,0.0,0.0,00:01,0.0,00:01,0.0,7.1,0.0
1783581493.223,0.0,0.0,0.0,0.0,00:01,0.0,00:01,0.0,7.1,0.0
1783581494.27,0.0,0.0,0.0,0.0,00:01,0.0,00:01,0.0,7.1,0.0
1783581495.366,0.0,0.0,0.0,0.0,00:01,0.0,00:01,0.0,7.1,0.0
1783581496.441,0.0,0.0,0.0,0.0,00:01,0.0,00:01,0.0,7.1,0.0
1783581497.526,0.0,0.0,0.0,0.0,00:01,0.0,00:01,0.0,7.1,0.0
1783581498.592,0.0,0.0,0.0,0.0,00:01,0.0,00:01,0.0,7.1,0.0
1783581499.666,0.0,0.0,0.0,0.0,00:01,0.0,00:01,0.0,7.1,0.0
1783581500.748,0.0,0.0,0.0,0.0,00:01,0.0,00:01,0.0,7.1,0.0
1783581501.863,0.0,0.0,0.0,0.0,00:01,0.0,00:01,0.0,7.1,0.0
1783581502.933,0.0,0.0,0.0,0.0,00:01,0.0,00:01,0.0,7.1,0.0
1783581504.005,0.0,0.0,0.0,0.0,00:01,0.0,00:01,0.0,7.1,0.0
1783581505.08,0.0,0.0,0.0,0.0,00:01,0.0,00:01,0.0,7.1,0.0
1783581506.155,0.0,0.0,0.0,0.0,00:01,0.0,00:01,0.0,7.1,0.0
1783581507.286,0.0,0.0,0.0,0.0,00:01,0.0,00:01,0.0,7.1,0.0
1783581508.388,0.0,0.0,0.0,0.0,00:01,0.0,00:01,0.0,7.1,0.0
1783581509.451,0.0,0.0,0.0,0.0,00:01,0.0,00:01,0.0,7.1,0.0
1783581510.516,0.0,0.0,0.0,0.0,00:01,0.0,00:01,0.0,7.1,0.0
1783582841.638,0.0,0.0,0.0,0.0,00:01,0.0,00:01,0.0,7.1,0.0
1783582842.685,0.0,0.0,0.0,0.0,00:01,0.0,00:01,0.0,7.1,0.0
1783582843.734,0.0,0.0,0.0,0.0,00:01,0.0,00:01,0.0,7.1,0.0
1783582844.782,0.0,0.0,0.0,0.0,00:01,0.0,00:01,0.0,7.1,0.0
1783582845.828,0.0,0.0,0.0,0.0,00:01,0.0,00:01,0.0,7.1,0.0
1783582846.875,0.0,0.0,0.0,0.0,00:01,0.0,00:01,0.0,7.1,0.0
1783582847.922,0.0,0.0,0.0,0.0,00:01,0.0,00:01,0.0,7.1,0.0
1783582848.968,0.0,0.0,0.0,0.0,00:01,0.0,00:01,0.0,7.1,0.0
1783582850.015,0.0,0.0,0.0,0.0,00:01,0.0,00:01,0.0,7.1,0.0
1783582851.061,0.0,0.0,0.0,0.0,00:01,0.0,00:01,0.0,7.1,0.0
1783582852.107,0.0,0.0,0.0,0.0,00:01,0.0,00:01,0.0,7.1,0.0
1783582853.153,0.0,0.0,0.0,0.0,00:01,0.0,00:01,0.0,7.1,0.0
1783582854.2,0.0,0.0,0.0,0.0,00:01,0.0,00:01,0.0,7.1,0.0
1783582855.246,0.0,0.0,0.0,0.0,00:01,0.0,00:01,0.0,7.1,0.0
1783582856.292,0.0,0.0,0.0,0.0,00:01,0.0,00:01,0.0,7.1,0.0
1783582857.339,0.0,0.0,0.0,0.0,00:01,0.0,00:01,0.0,7.1,0.0
1783582858.385,0.0,0.0,0.0,0.0,00:01,0.0,00:01,0.0,7.1,0.0
1783582859.431,0.0,0.0,0.0,0.0,00:01,0.0,00:01,0.0,7.1,0.0
1783582860.478,0.0,0.0,0.0,0.0,00:01,0.0,00:01,0.0,7.1,0.0
1783582861.525,0.0,0.0,0.0,0.0,00:01,0.0,00:01,0.0,7.1,0.0
1783582862.572,0.0,0.0,0.0,0.0,00:01,0.0,00:01,0.0,7.1,0.0
1783582863.619,0.0,0.0,0.0,0.0,00:01,0.0,00:01,0.0,7.1,0.0
1783582864.665,0.0,0.0,0.0,0.0,00:01,0.0,00:01,0.0,7.1,0.0
1783582865.713,0.0,0.0,0.0,0.0,00:01,0.0,00:01,0.0,7.1,0.0
1783582866.76,0.0,0.0,0.0,0.0,00:01,0.0,00:01,0.0,7.1,0.0
1783582867.806,0.0,0.0,0.0,0.0,00:01,0.0,00:01,0.0,7.1,0.0
1783582868.853,0.0,0.0,0.0,0.0,00:01,0.0,00:01,0.0,7.1,0.0
1783582869.9,0.0,0.0,0.0,0.0,00:01,0.0,00:01,0.0,7.1,0.0
1783582870.947,0.0,0.0,0.0,0.0,00:01,0.0,00:01,0.0,7.1,0.0
1783582871.994,0.0,0.0,0.0,0.0,00:01,0.0,00:01,0.0,7.1,0.0
1783582873.042,0.0,0.0,0.0,0.0,00:01,0.0,00:01,0.0,7.1,0.0
1783582874.09,0.0,0.0,0.0,0.0,00:01,0.0,00:01,0.0,7.1,0.0
1783582875.137,0.0,0.0,0.0,0.0,00:01,0.0,00:01,0.0,7.1,0.0
1783582876.185,0.0,0.0,0.0,0.0,00:01,0.0,00:01,0.0,7.1,0.0
1783582877.231,0.0,0.0,0.0,0.0,00:01,0.0,00:01,0.0,7.1,0.0
1783582878.277,0.0,0.0,0.0,0.0,00:01,0.0,00:01,0.0,7.1,0.0
1783582879.324,0.0,0.0,0.0,0.0,00:01,0.0,00:01,0.0,7.1,0.0
1783582880.371,0.0,0.0,0.0,0.0,00:01,0.0,00:01,0.0,7.1,0.0
1783582881.417,0.0,0.0,0.0,0.0,00:01,0.0,00:01,0.0,7.1,0.0
1783582882.464,0.0,0.0,0.0,0.0,00:01,0.0,00:01,0.0,7.1,0.0
1783582883.51,0.0,0.0,0.0,0.0,00:01,0.0,00:01,0.0,7.1,0.0
1783582884.557,0.0,0.0,0.0,0.0,00:01,0.0,00:01,0.0,7.1,0.0
1783582885.604,0.0,0.0,0.0,0.0,00:01,0.0,00:01,0.0,7.1,0.0
1783582886.651,0.0,0.0,0.0,0.0,00:01,0.0,00:01,0.0,7.1,0.0
1783582887.698,0.0,0.0,0.0,0.0,00:01,0.0,00:01,0.0,7.1,0.0
1783582888.745,0.0,0.0,0.0,0.0,00:01,0.0,00:01,0.0,7.1,0.0
1783582889.792,0.0,0.0,0.0,0.0,00:01,0.0,00:01,0.0,7.1,0.0
1783582890.839,0.0,0.0,0.0,0.0,00:01,0.0,00:01,0.0,7.1,0.0
1783582891.885,0.0,0.0,0.0,0.0,00:01,0.0,00:01,0.0,7.1,0.0
1783582892.932,0.0,0.0,0.0,0.0,00:01,0.0,00:01,0.0,7.1,0.0
1783582893.978,0.0,0.0,0.0,0.0,00:01,0.0,00:01,0.0,7.1,0.0
1783582895.025,0.0,0.0,0.0,0.0,00:01,0.0,00:01,0.0,7.1,0.0
1783582896.072,0.0,0.0,0.0,0.0,00:01,0.0,00:01,0.0,7.1,0.0
1783582897.118,0.0,0.0,0.0,0.0,00:01,0.0,00:01,0.0,7.1,0.0
1783582898.165,0.0,0.0,0.0,0.0,00:01,0.0,00:01,0.0,7.1,0.0
1783592785.296,0.0,0.0,0.0,0.0,00:01,0.0,00:01,0.0,7.1,0.0
1783592786.344,0.0,0.0,0.0,0.0,00:01,0.0,00:01,0.0,7.1,0.0
1783592787.391,0.0,0.0,0.0,0.0,00:01,0.0,00:01,0.0,7.1,0.0
1783592788.437,0.0,0.0,0.0,0.0,00:01,0.0,00:01,0.0,7.1,0.0
1783592789.483,0.0,0.0,0.0,0.0,00:01,0.0,00:01,0.0,7.1,0.0
1783592790.529,0.0,0.0,0.0,0.0,00:01,0.0,00:01,0.0,7.1,0.0
1783592791.575,0.0,0.0,0.0,0.0,00:01,0.0,00:01,0.0,7.1,0.0
1783592792.621,0.0,0.0,0.0,0.0,00:01,0.0,00:01,0.0,7.1,0.0
1783592793.668,0.0,0.0,0.0,0.0,00:01,0.0,00:01,0.0,7.1,0.0
1783592794.715,0.0,0.0,0.0,0.0,00:01,0.0,00:01,0.0,7.1,0.0
1783592795.761,0.0,0.0,0.0,0.0,00:01,0.0,00:01,0.0,7.1,0.0
1783592796.808,0.0,0.0,0.0,0.0,00:01,0.0,00:01,0.0,7.1,0.0
1783592797.856,0.0,0.0,0.0,0.0,00:01,0.0,00:01,0.0,7.1,0.0
1783592798.903,0.0,0.0,0.0,0.0,00:01,0.0,00:01,0.0,7.1,0.0
1783592799.949,0.0,0.0,0.0,0.0,00:01,0.0,00:01,0.0,7.1,0.0
1783592800.996,0.0,0.0,0.0,0.0,00:01,0.0,00:01,0.0,7.1,0.0
1783592802.043,0.0,0.0,0.0,0.0,00:01,0.0,00:01,0.0,7.1,0.0
1783592803.089,0.0,0.0,0.0,0.0,00:01,0.0,00:01,0.0,7.1,0.0
1783592804.135,0.0,0.0,0.0,0.0,00:01,0.0,00:01,0.0,7.1,0.0
1783592805.182,0.0,0.0,0.0,0.0,00:01,0.0,00:01,0.0,7.1,0.0
1783592806.228,0.0,0.0,0.0,0.0,00:01,0.0,00:01,0.0,7.1,0.0
1783592807.275,0.0,0.0,0.0,0.0,00:01,0.0,00:01,0.0,7.1,0.0
1783592808.322,0.0,0.0,0.0,0.0,00:01,0.0,00:01,0.0,7.1,0.0
1783592809.369,0.0,0.0,0.0,0.0,00:01,0.0,00:01,0.0,7.1,0.0
1783592810.416,0.0,0.0,0.0,0.0,00:01,0.0,00:01,0.0,7.1,0.0
1783592811.463,0.0,0.0,0.0,0.0,00:01,0.0,00:01,0.0,7.1,0.0
1783592812.51,0.0,0.0,0.0,0.0,00:01,0.0,00:01,0.0,7.1,0.0
1783592813.557,0.0,0.0,0.0,0.0,00:01,0.0,00:01,0.0,7.1,0.0
1783592814.604,0.0,0.0,0.0,0.0,00:01,0.0,00:01,0.0,7.1,0.0
1783592815.651,0.0,0.0,0.0,0.0,00:01,0.0,00:01,0.0,7.1,0.0
1783592816.698,0.0,0.0,0.0,0.0,00:01,0.0,00:01,0.0,7.1,0.0
1783592817.747,0.0,0.0,0.0,0.0,00:01,0.0,00:01,0.0,7.1,0.0
1783592818.794,0.0,0.0,0.0,0.0,00:01,0.0,00:01,0.0,7.1,0.0
1783592819.843,0.0,0.0,0.0,0.0,00:01,0.0,00:01,0.0,7.1,0.0
1783592820.889,0.0,0.0,0.0,0.0,00:01,0.0,00:01,0.0,7.1,0.0
1783592821.936,0.0,0.0,0.0,0.0,00:01,0.0,00:01,0.0,7.1,0.0
1783592822.983,0.0,0.0,0.0,0.0,00:01,0.0,00:01,0.0,7.1,0.0
1783592824.029,0.0,0.0,0.0,0.0,00:01,0.0,00:01,0.0,7.1,0.0
1783592825.076,0.0,0.0,0.0,0.0,00:01,0.0,00:01,0.0,7.1,0.0
1783592826.122,0.0,0.0,0.0,0.0,00:01,0.0,00:01,0.0,7.1,0.0
1783592827.169,0.0,0.0,0.0,0.0,00:01,0.0,00:01,0.0,7.1,0.0
1783592828.215,0.0,0.0,0.0,0.0,00:01,0.0,00:01,0.0,7.1,0.0
1783592829.262,0.0,0.0,0.0,0.0,00:01,0.0,00:01,0.0,7.1,0.0
1783592830.31,0.0,0.0,0.0,0.0,00:01,0.0,00:01,0.0,7.1,0.0
1783592831.357,0.0,0.0,0.0,0.0,00:01,0.0,00:01,0.0,7.1,0.0
1783592832.404,0.0,0.0,0.0,0.0,00:01,0.0,00:01,0.0,7.1,0.0
1783592833.451,0.0,0.0,0.0,0.0,00:01,0.0,00:01,0.0,7.1,0.0
1783592834.499,0.0,0.0,0.0,0.0,00:01,0.0,00:01,0.0,7.1,0.0
1783592835.546,0.0,0.0,0.0,0.0,00:01,0.0,00:01,0.0,7.1,0.0
1783592836.593,0.0,0.0,0.0,0.0,00:01,0.0,00:01,0.0,7.1,0.0
1783592837.639,0.0,0.0,0.0,0.0,00:01,0.0,00:01,0.0,7.1,0.0
1783592838.686,0.0,0.0,0.0,0.0,00:01,0.0,00:01,0.0,7.1,0.0
1783592839.732,0.0,0.0,0.0,0.0,00:01,0.0,00:01,0.0,7.1,0.0
1783592840.779,0.0,0.0,0.0,0.0,00:01,0.0,00:01,0.0,7.1,0.0
1783592841.827,0.0,0.0,0.0,0.0,00:01,0.0,00:01,0.0,7.1,0.0
1783592842.873,0.0,0.0,0.0,0.0,00:01,0.0,00:01,0.0,7.1,0.0
1783592843.92,0.0,0.0,0.0,0.0,00:01,0.0,00:01,0.0,7.1,0.0
1783592844.967,0.0,0.0,0.0,0.0,00:01,0.0,00:01,0.0,7.1,0.0
1783592846.029,0.0,0.0,0.0,0.0,00:01,0.0,00:01,0.0,7.1,0.0
1783592847.131,0.0,0.0,0.0,0.0,00:01,0.0,00:01,0.0,7.1,0.0
1783592848.205,0.0,0.0,0.0,0.0,00:01,0.0,00:01,0.0,7.1,0.0
1783592849.276,0.0,0.0,0.0,0.0,00:01,0.0,00:01,0.0,7.1,0.0
1783592850.356,0.0,0.0,0.0,0.0,00:01,0.0,00:01,0.0,7.1,0.0
1783592851.458,0.0,0.0,0.0,0.0,00:01,0.0,00:01,0.0,7.1,0.0
1783592852.542,0.0,0.0,0.0,0.0,00:01,0.0,00:01,0.0,7.1,0.0
1783592853.613,0.0,0.0,0.0,0.0,00:01,0.0,00:01,0.0,7.1,0.0
1783592854.677,0.0,0.0,0.0,0.0,00:01,0.0,00:01,0.0,7.1,0.0
1783592855.746,0.0,0.0,0.0,0.0,00:01,0.0,00:01,0.0,7.1,0.0
1783592856.836,0.0,0.0,0.0,0.0,00:01,0.0,00:01,0.0,7.1,0.0
1783592857.913,0.0,0.0,0.0,0.0,00:01,0.0,00:01,0.0,7.1,0.0
1783592858.992,0.0,0.0,0.0,0.0,00:01,0.0,00:01,0.0,7.1,0.0
1783592860.062,0.0,0.0,0.0,0.0,00:01,0.0,00:01,0.0,7.1,0.0
1783592861.142,0.0,0.0,0.0,0.0,00:01,0.0,00:01,0.0,7.1,0.0
1783592862.22,0.0,0.0,0.0,0.0,00:01,0.0,00:01,0.0,7.1,0.0
