timestamp,wind_angle,wind_dir_code,wind_direction,wind_level,wind_speed_kmh,wind_speed_ms
1783562783.477,33.3,1.0,北东北,0.0,0.0,0.0
1783562784.555,33.3,1.0,北东北,0.0,0.0,0.0
1783562785.632,33.3,1.0,北东北,0.0,0.0,0.0
1783562786.71,33.3,1.0,北东北,0.0,0.0,0.0
1783562787.788,33.3,1.0,北东北,0.0,0.0,0.0
1783562788.867,33.3,1.0,北东北,0.0,0.0,0.0
1783562789.946,33.3,1.0,北东北,0.0,0.0,0.0
1783562791.024,33.3,1.0,北东北,0.0,0.0,0.0
1783562792.102,33.3,1.0,北东北,0.0,0.0,0.0
1783562793.18,33.3,1.0,北东北,0.0,0.0,0.0
1783562794.258,33.3,1.0,北东北,0.0,0.0,0.0
1783562795.336,33.3,1.0,北东北,0.0,0.0,0.0
1783562796.414,33.3,1.0,北东北,0.0,0.0,0.0
1783562797.491,33.3,1.0,北东北,0.0,0.0,0.0
1783562798.569,33.3,1.0,北东北,0.0,0.0,0.0
1783562799.646,33.3,1.0,北东北,0.0,0.0,0.0
1783562800.723,33.3,1.0,北东北,0.0,0.0,0.0
1783562801.8,33.3,1.0,北东北,0.0,0.0,0.0
1783562802.879,33.3,1.0,北东北,0.0,0.0,0.0
1783562803.958,33.3,1.0,北东北,0.0,0.0,0.0
1783562805.036,33.3,1.0,北东北,0.0,0.0,0.0
1783562806.114,33.3,1.0,北东北,0.0,0.0,0.0
1783562807.192,33.3,1.0,北东北,0.0,0.0,0.0
1783562808.27,33.3,1.0,北东北,0.0,0.0,0.0
1783562809.347,33.3,1.0,北东北,0.0,0.0,0.0
1783562810.424,33.3,1.0,北东北,0.0,0.0,0.0
1783562811.502,33.3,1.0,北东北,0.0,0.0,0.0
1783562812.581,33.3,1.0,北东北,0.0,0.0,0.0
1783562813.658,33.3,1.0,北东北,0.0,0.0,0.0
1783562814.736,33.3,1.0,北东北,0.0,0.0,0.0
1783562815.814,33.3,1.0,北东北,0.0,0.0,0.0
1783562816.892,33.3,1.0,北东北,0.0,0.0,0.0
1783562817.969,33.3,1.0,北东北,0.0,0.0,0.0
1783562819.047,33.3,1.0,北东北,0.0,0.0,0.0
1783562820.125,33.3,1.0,北东北,0.0,0.0,0.0
1783562821.203,33.3,1.0,北东北,0.0,0.0,0.0
1783562822.28,33.3,1.0,北东北,0.0,0.0,0.0
1783562823.36,33.3,1.0,北东北,0.0,0.0,0.0
1783562824.438,33.3,1.0,北东北,0.0,0.0,0.0
1783562825.515,33.3,1.0,北东北,0.0,0.0,0.0
1783562826.592,33.3,1.0,北东北,0.0,0.0,0.0
1783562827.67,33.3,1.0,北东北,0.0,0.0,0.0
1783562828.747,33.3,1.0,北东北,0.0,0.0,0.0
1783562829.825,33.3,1.0,北东北,0.0,0.0,0.0
1783562830.903,33.3,1.0,北东北,0.0,0.0,0.0
1783562831.981,33.3,1.0,北东北,0.0,0.0,0.0
1783562833.059,33.3,1.0,北东北,0.0,0.0,0.0
1783562834.137,33.3,1.0,北东北,0.0,0.0,0.0
1783562835.214,33.3,1.0,北东北,0.0,0.0,0.0
1783562836.292,33.3,1.0,北东北,0.0,0.0,0.0
1783562837.371,33.3,1.0,北东北,0.0,0.0,0.0
1783562838.45,33.3,1.0,北东北,0.0,0.0,0.0
1783562839.527,33.3,1.0,北东北,0.0,0.0,0.0
1783562840.606,33.3,1.0,北东北,0.0,0.0,0.0
1783562841.685,33.3,1.0,北东北,0.0,0.0,0.0
1783562842.763,33.3,1.0,北东北,0.0,0.0,0.0
1783562843.871,33.3,1.0,北东北,0.0,0.0,0.0
1783562844.994,33.3,1.0,北东北,0.0,0.0,0.0
1783562846.109,33.3,1.0,北东北,0.0,0.0,0.0
1783562847.214,33.3,1.0,北东北,0.0,0.0,0.0
1783562848.326,33.3,1.0,北东北,0.0,0.0,0.0
1783562849.446,33.3,1.0,北东北,0.0,0.0,0.0
1783562850.545,33.3,1.0,北东北,0.0,0.0,0.0
1783562851.675,33.3,1.0,北东北,0.0,0.0,0.0
1783562852.785,33.3,1.0,北东北,0.0,0.0,0.0
1783562853.877,33.3,1.0,北东北,0.0,0.0,0.0
1783563016.835,33.3,1.0,北东北,0.0,0.0,0.0
1783563017.912,33.3,1.0,北东北,0.0,0.0,0.0
1783563018.99,33.3,1.0,北东北,0.0,0.0,0.0
1783563020.068,33.3,1.0,北东北,0.0,0.0,0.0
1783563021.146,33.3,1.0,北东北,0.0,0.0,0.0
1783563022.225,33.3,1.0,北东北,0.0,0.0,0.0
1783563023.302,33.3,1.0,北东北,0.0,0.0,0.0
1783563024.38,33.3,1.0,北东北,0.0,0.0,0.0
1783563025.458,33.3,1.0,北东北,0.0,0.0,0.0
1783563026.536,33.3,1.0,北东北,0.0,0.0,0.0
1783563027.613,33.3,1.0,北东北,0.0,0.0,0.0
1783563028.691,33.3,1.0,北东北,0.0,0.0,0.0
1783563029.768,33.3,1.0,北东北,0.0,0.0,0.0
1783563030.846,33.3,1.0,北东北,0.0,0.0,0.0
1783563031.924,33.3,1.0,北东北,0.0,0.0,0.0
1783563033.002,33.3,1.0,北东北,0.0,0.0,0.0
1783563034.08,33.3,1.0,北东北,0.0,0.0,0.0
1783563035.157,33.3,1.0,北东北,0.0,0.0,0.0
1783563036.237,33.3,1.0,北东北,0.0,0.0,0.0
1783563037.314,33.3,1.0,北东北,0.0,0.0,0.0
1783563038.392,33.3,1.0,北东北,0.0,0.0,0.0
1783563039.47,33.3,1.0,北东北,0.0,0.0,0.0
1783563040.548,33.3,1.0,北东北,0.0,0.0,0.0
1783563041.626,33.3,1.0,北东北,0.0,0.0,0.0
1783563042.705,33.3,1.0,北东北,0.0,0.0,0.0
1783563043.784,33.3,1.0,北东北,0.0,0.0,0.0
1783563044.862,33.3,1.0,北东北,0.0,0.0,0.0
1783563045.941,33.3,1.0,北东北,0.0,0.0,0.0
1783563047.019,33.3,1.0,北东北,0.0,0.0,0.0
1783563048.098,33.3,1.0,北东北,0.0,0.0,0.0
1783563049.177,33.3,1.0,北东北,0.0,0.0,0.0
1783563050.256,33.3,1.0,北东北,0.0,0.0,0.0
1783563051.334,33.3,1.0,北东北,0.0,0.0,0.0
1783563052.412,33.3,1.0,北东北,0.0,0.0,0.0
1783563053.49,33.3,1.0,北东北,0.0,0.0,0.0
1783563054.567,33.3,1.0,北东北,0.0,0.0,0.0
1783563055.645,33.3,1.0,北东北,0.0,0.0,0.0
1783563056.724,33.3,1.0,北东北,0.0,0.0,0.0
1783563057.803,33.3,1.0,北东北,0.0,0.0,0.0
1783563058.881,33.3,1.0,北东北,0.0,0.0,0.0
1783563059.959,33.3,1.0,北东北,0.0,0.0,0.0
1783563061.036,33.3,1.0,北东北,0.0,0.0,0.0
1783563062.114,33.3,1.0,北东北,0.0,0.0,0.0
1783563063.193,33.3,1.0,北东北,0.0,0.0,0.0
1783563064.27,33.3,1.0,北东北,0.0,0.0,0.0
1783563065.348,33.3,1.0,北东北,0.0,0.0,0.0
1783563066.426,33.3,1.0,北东北,0.0,0.0,0.0
1783563067.505,33.3,1.0,北东北,0.0,0.0,0.0
1783563068.583,33.3,1.0,北东北,0.0,0.0,0.0
1783563069.662,33.3,1.0,北东北,0.0,0.0,0.0
1783563070.74,33.3,1.0,北东北,0.0,0.0,0.0
1783563071.818,33.3,1.0,北东北,0.0,0.0,0.0
1783563072.896,33.3,1.0,北东北,0.0,0.0,0.0
1783563073.975,33.3,1.0,北东北,0.0,0.0,0.0
1783563075.052,33.3,1.0,北东北,0.0,0.0,0.0
1783563076.131,33.3,1.0,北东北,0.0,0.0,0.0
1783563077.211,33.3,1.0,北东北,0.0,0.0,0.0
1783563078.297,33.3,1.0,北东北,0.0,0.0,0.0
1783563079.385,33.3,1.0,北东北,0.0,0.0,0.0
1783563080.498,33.3,1.0,北东北,0.0,0.0,0.0
1783563081.613,33.3,1.0,北东北,0.0,0.0,0.0
1783563082.698,33.3,1.0,北东北,0.0,0.0,0.0
1783563083.794,33.3,1.0,北东北,0.0,0.0,0.0
1783563084.882,33.3,1.0,北东北,0.0,0.0,0.0
1783563086.023,33.3,1.0,北东北,0.0,0.0,0.0
1783563087.126,33.3,1.0,北东北,0.0,0.0,0.0
1783563088.221,33.3,1.0,北东北,0.0,0.0,0.0
1783563089.341,33.3,1.0,北东北,0.0,0.0,0.0
1783563090.456,33.3,1.0,北东北,0.0,0.0,0.0
1783563091.595,33.3,1.0,北东北,0.0,0.0,0.0
1783563092.713,33.3,1.0,北东北,0.0,0.0,0.0
1783563093.834,33.3,1.0,北东北,0.0,0.0,0.0
1783563094.946,33.3,1.0,北东北,0.0,0.0,0.0
1783563096.042,33.3,1.0,北东北,0.0,0.0,0.0
1783563097.138,33.3,1.0,北东北,0.0,0.0,0.0
1783563098.242,33.3,1.0,北东北,0.0,0.0,0.0
1783563099.346,33.3,1.0,北东北,0.0,0.0,0.0
1783563100.452,33.3,1.0,北东北,0.0,0.0,0.0
1783563101.572,33.3,1.0,北东北,0.0,0.0,0.0
1783563102.695,33.3,1.0,北东北,0.0,0.0,0.0
1783563103.829,33.3,1.0,北东北,0.0,0.0,0.0
1783563104.92,33.3,1.0,北东北,0.0,0.0,0.0
1783563106.028,33.3,1.0,北东北,0.0,0.0,0.0
1783563107.122,33.3,1.0,北东北,0.0,0.0,0.0
1783563108.261,33.3,1.0,北东北,0.0,0.0,0.0
1783563109.406,33.3,1.0,北东北,0.0,0.0,0.0
1783563110.495,33.3,1.0,北东北,0.0,0.0,0.0
1783563111.613,33.3,1.0,北东北,0.0,0.0,0.0
1783563112.705,33.3,1.0,北东北,0.0,0.0,0.0
1783563113.844,33.3,1.0,北东北,0.0,0.0,0.0
1783563114.947,33.3,1.0,北东北,0.0,0.0,0.0
1783563116.075,33.3,1.0,北东北,0.0,0.0,0.0
1783563117.181,33.3,1.0,北东北,0.0,0.0,0.0
1783563118.289,33.3,1.0,北东北,0.0,0.0,0.0
1783563119.416,33.3,1.0,北东北,0.0,0.0,0.0
1783563120.536,33.3,1.0,北东北,0.0,0.0,0.0
1783563121.673,33.3,1.0,北东北,0.0,0.0,0.0
1783563122.789,33.3,1.0,北东北,0.0,0.0,0.0
1783563123.916,33.3,1.0,北东北,0.0,0.0,0.0
1783563125.019,33.3,1.0,北东北,0.0,0.0,0.0
1783563126.111,33.3,1.0,北东北,0.0,0.0,0.0
1783563127.192,33.3,1.0,北东北,0.0,0.0,0.0
1783563128.271,33.3,1.0,北东北,0.0,0.0,0.0
1783563129.35,33.3,1.0,北东北,0.0,0.0,0.0
1783563130.428,33.3,1.0,北东北,0.0,0.0,0.0
1783563131.506,33.3,1.0,北东北,0.0,0.0,0.0
1783563132.585,33.3,1.0,北东北,0.0,0.0,0.0
1783563133.663,33.3,1.0,北东北,0.0,0.0,0.0
1783563134.742,33.3,1.0,北东北,0.0,0.0,0.0
1783563135.82,33.3,1.0,北东北,0.0,0.0,0.0
1783563136.898,33.3,1.0,北东北,0.0,0.0,0.0
1783563137.977,33.3,1.0,北东北,0.0,0.0,0.0
1783563139.055,33.3,1.0,北东北,0.0,0.0,0.0
1783563140.134,33.3,1.0,北东北,0.0,0.0,0.0
1783563141.212,33.3,1.0,北东北,0.0,0.0,0.0
1783563142.291,33.3,1.0,北东北,0.0,0.0,0.0
1783563143.368,33.3,1.0,北东北,0.0,0.0,0.0
1783563144.446,33.3,1.0,北东北,0.0,0.0,0.0
1783563145.525,33.3,1.0,北东北,0.0,0.0,0.0
1783563146.603,33.3,1.0,北东北,0.0,0.0,0.0
1783563147.682,33.3,1.0,北东北,0.0,0.0,0.0
1783563148.76,33.3,1.0,北东北,0.0,0.0,0.0
1783563149.839,33.3,1.0,北东北,0.0,0.0,0.0
1783563150.917,33.3,1.0,北东北,0.0,0.0,0.0
1783563151.996,33.3,1.0,北东北,0.0,0.0,0.0
1783563153.074,33.3,1.0,北东北,0.0,0.0,0.0
1783563154.152,33.3,1.0,北东北,0.0,0.0,0.0
1783563155.231,33.3,1.0,北东北,0.0,0.0,0.0
1783563156.309,33.3,1.0,北东北,0.0,0.0,0.0
1783563157.388,33.3,1.0,北东北,0.0,0.0,0.0
1783563158.466,33.3,1.0,北东北,0.0,0.0,0.0
1783563159.546,33.3,1.0,北东北,0.0,0.0,0.0
1783563160.625,33.3,1.0,北东北,0.0,0.0,0.0
1783563161.703,33.3,1.0,北东北,0.0,0.0,0.0
1783563162.782,33.3,1.0,北东北,0.0,0.0,0.0
1783563163.86,33.3,1.0,北东北,0.0,0.0,0.0
1783563164.939,33.3,1.0,北东北,0.0,0.0,0.0
1783563166.018,33.3,1.0,北东北,0.0,0.0,0.0
1783563167.096,33.3,1.0,北东北,0.0,0.0,0.0
1783563168.175,33.3,1.0,北东北,0.0,0.0,0.0
1783563169.253,33.3,1.0,北东北,0.0,0.0,0.0
1783563170.331,33.3,1.0,北东北,0.0,0.0,0.0
1783563171.41,33.3,1.0,北东北,0.0,0.0,0.0
1783563172.489,33.3,1.0,北东北,0.0,0.0,0.0
1783563173.566,33.3,1.0,北东北,0.0,0.0,0.0
1783563174.645,33.3,1.0,北东北,0.0,0.0,0.0
1783563175.722,33.3,1.0,北东北,0.0,0.0,0.0
1783563176.8,33.3,1.0,北东北,0.0,0.0,0.0
1783563177.879,33.3,1.0,北东北,0.0,0.0,0.0
1783563178.958,33.3,1.0,北东北,0.0,0.0,0.0
1783563180.037,33.3,1.0,北东北,0.0,0.0,0.0
1783563181.115,33.3,1.0,北东北,0.0,0.0,0.0
1783563182.194,33.3,1.0,北东北,0.0,0.0,0.0
1783563183.272,33.3,1.0,北东北,0.0,0.0,0.0
1783563184.351,33.3,1.0,北东北,0.0,0.0,0.0
1783563185.429,33.3,1.0,北东北,0.0,0.0,0.0
1783563186.508,33.3,1.0,北东北,0.0,0.0,0.0
1783563187.586,33.3,1.0,北东北,0.0,0.0,0.0
1783563188.665,33.3,1.0,北东北,0.0,0.0,0.0
1783563189.743,33.3,1.0,北东北,0.0,0.0,0.0
1783563190.822,33.3,1.0,北东北,0.0,0.0,0.0
1783563191.9,33.3,1.0,北东北,0.0,0.0,0.0
1783563192.978,33.3,1.0,北东北,0.0,0.0,0.0
1783563194.057,33.3,1.0,北东北,0.0,0.0,0.0
1783563195.134,33.3,1.0,北东北,0.0,0.0,0.0
1783563196.213,33.3,1.0,北东北,0.0,0.0,0.0
1783563197.292,33.3,1.0,北东北,0.0,0.0,0.0
1783563198.371,33.3,1.0,北东北,0.0,0.0,0.0
1783563199.449,33.3,1.0,北东北,0.0,0.0,0.0
1783563200.527,33.3,1.0,北东北,0.0,0.0,0.0
1783563201.605,33.3,1.0,北东北,0.0,0.0,0.0
1783563202.683,33.3,1.0,北东北,0.0,0.0,0.0
1783563203.762,33.3,1.0,北东北,0.0,0.0,0.0
1783563204.84,33.3,1.0,北东北,0.0,0.0,0.0
1783563205.917,33.3,1.0,北东北,0.0,0.0,0.0
1783563206.996,33.3,1.0,北东北,0.0,0.0,0.0
1783563208.073,33.3,1.0,北东北,0.0,0.0,0.0
1783563209.152,33.3,1.0,北东北,0.0,0.0,0.0
1783563210.23,33.3,1.0,北东北,0.0,0.0,0.0
1783563211.309,33.3,1.0,北东北,0.0,0.0,0.0
1783563212.387,33.3,1.0,北东北,0.0,0.0,0.0
1783563213.466,33.3,1.0,北东北,0.0,0.0,0.0
1783563214.544,33.3,1.0,北东北,0.0,0.0,0.0
1783563215.622,33.3,1.0,北东北,0.0,0.0,0.0
1783563216.701,33.3,1.0,北东北,0.0,0.0,0.0
1783563217.779,33.3,1.0,北东北,0.0,0.0,0.0
1783563218.859,33.3,1.0,北东北,0.0,0.0,0.0
1783563219.938,33.3,1.0,北东北,0.0,0.0,0.0
1783563221.016,33.3,1.0,北东北,0.0,0.0,0.0
1783563222.094,33.3,1.0,北东北,0.0,0.0,0.0
1783563223.173,33.3,1.0,北东北,0.0,0.0,0.0
1783563224.251,33.3,1.0,北东北,0.0,0.0,0.0
1783563225.329,33.3,1.0,北东北,0.0,0.0,0.0
1783563226.408,33.3,1.0,北东北,0.0,0.0,0.0
1783563227.486,33.3,1.0,北东北,0.0,0.0,0.0
1783563228.564,33.3,1.0,北东北,0.0,0.0,0.0
1783563229.642,33.3,1.0,北东北,0.0,0.0,0.0
1783563230.721,33.3,1.0,北东北,0.0,0.0,0.0
1783563231.799,33.3,1.0,北东北,0.0,0.0,0.0
1783563232.877,33.3,1.0,北东北,0.0,0.0,0.0
1783563233.956,33.3,1.0,北东北,0.0,0.0,0.0
1783563235.034,33.3,1.0,北东北,0.0,0.0,0.0
1783563236.112,33.3,1.0,北东北,0.0,0.0,0.0
1783563237.19,33.3,1.0,北东北,0.0,0.0,0.0
1783563238.268,33.3,1.0,北东北,0.0,0.0,0.0
1783563239.346,33.3,1.0,北东北,0.0,0.0,0.0
1783563240.425,33.3,1.0,北东北,0.0,0.0,0.0
1783563241.503,33.3,1.0,北东北,0.0,0.0,0.0
1783563242.581,33.3,1.0,北东北,0.0,0.0,0.0
1783563243.66,33.3,1.0,北东北,0.0,0.0,0.0
1783563244.738,33.3,1.0,北东北,0.0,0.0,0.0
1783563245.816,33.3,1.0,北东北,0.0,0.0,0.0
1783563246.895,33.3,1.0,北东北,0.0,0.0,0.0
1783563247.973,33.3,1.0,北东北,0.0,0.0,0.0
1783563249.052,33.3,1.0,北东北,0.0,0.0,0.0
1783563250.13,33.3,1.0,北东北,0.0,0.0,0.0
1783563251.208,33.3,1.0,北东北,0.0,0.0,0.0
1783563252.285,33.3,1.0,北东北,0.0,0.0,0.0
1783563253.363,33.3,1.0,北东北,0.0,0.0,0.0
1783563254.441,33.3,1.0,北东北,0.0,0.0,0.0
1783563255.52,33.3,1.0,北东北,0.0,0.0,0.0
1783563256.598,33.3,1.0,北东北,0.0,0.0,0.0
1783563257.676,33.3,1.0,北东北,0.0,0.0,0.0
1783563258.761,33.3,1.0,北东北,0.0,0.0,0.0
1783563259.84,33.3,1.0,北东北,0.0,0.0,0.0
1783563260.918,33.3,1.0,北东北,0.0,0.0,0.0
1783563261.996,33.3,1.0,北东北,0.0,0.0,0.0
1783563263.075,33.3,1.0,北东北,0.0,0.0,0.0
1783563264.154,33.3,1.0,北东北,0.0,0.0,0.0
1783563265.231,33.3,1.0,北东北,0.0,0.0,0.0
1783563266.308,33.3,1.0,北东北,0.0,0.0,0.0
1783563267.387,33.3,1.0,北东北,0.0,0.0,0.0
1783563268.464,33.3,1.0,北东北,0.0,0.0,0.0
1783563269.542,33.3,1.0,北东北,0.0,0.0,0.0
1783563270.62,33.3,1.0,北东北,0.0,0.0,0.0
1783563271.698,33.3,1.0,北东北,0.0,0.0,0.0
1783563272.777,33.3,1.0,北东北,0.0,0.0,0.0
1783563273.855,33.3,1.0,北东北,0.0,0.0,0.0
1783563274.933,33.3,1.0,北东北,0.0,0.0,0.0
1783563276.011,33.3,1.0,北东北,0.0,0.0,0.0
1783563277.089,33.3,1.0,北东北,0.0,0.0,0.0
1783563278.17,33.3,1.0,北东北,0.0,0.0,0.0
1783563279.249,33.3,1.0,北东北,0.0,0.0,0.0
1783563280.327,33.3,1.0,北东北,0.0,0.0,0.0
1783563281.405,33.3,1.0,北东北,0.0,0.0,0.0
1783563282.484,33.3,1.0,北东北,0.0,0.0,0.0
1783563283.562,33.3,1.0,北东北,0.0,0.0,0.0
1783563284.641,33.3,1.0,北东北,0.0,0.0,0.0
1783563285.719,33.3,1.0,北东北,0.0,0.0,0.0
1783563286.798,33.3,1.0,北东北,0.0,0.0,0.0
1783563287.876,33.3,1.0,北东北,0.0,0.0,0.0
1783563288.954,33.3,1.0,北东北,0.0,0.0,0.0
1783563290.033,33.3,1.0,北东北,0.0,0.0,0.0
1783563291.111,33.3,1.0,北东北,0.0,0.0,0.0
1783563292.189,33.3,1.0,北东北,0.0,0.0,0.0
1783563293.268,33.3,1.0,北东北,0.0,0.0,0.0
1783563294.346,33.3,1.0,北东北,0.0,0.0,0.0
1783563295.424,33.3,1.0,北东北,0.0,0.0,0.0
1783563296.502,33.3,1.0,北东北,0.0,0.0,0.0
1783563297.582,33.3,1.0,北东北,0.0,0.0,0.0
1783563298.661,33.3,1.0,北东北,0.0,0.0,0.0
1783563299.739,33.3,1.0,北东北,0.0,0.0,0.0
1783563300.818,33.3,1.0,北东北,0.0,0.0,0.0
1783563301.896,33.3,1.0,北东北,0.0,0.0,0.0
1783563302.975,33.3,1.0,北东北,0.0,0.0,0.0
1783563304.053,33.3,1.0,北东北,0.0,0.0,0.0
1783563305.131,33.3,1.0,北东北,0.0,0.0,0.0
1783563306.21,33.3,1.0,北东北,0.0,0.0,0.0
1783563307.288,33.3,1.0,北东北,0.0,0.0,0.0
1783563308.367,33.3,1.0,北东北,0.0,0.0,0.0
1783563309.446,33.3,1.0,北东北,0.0,0.0,0.0
1783563310.524,33.3,1.0,北东北,0.0,0.0,0.0
1783563311.602,33.3,1.0,北东北,0.0,0.0,0.0
1783563312.679,33.3,1.0,北东北,0.0,0.0,0.0
1783563313.757,33.3,1.0,北东北,0.0,0.0,0.0
1783563314.835,33.3,1.0,北东北,0.0,0.0,0.0
1783563315.914,33.3,1.0,北东北,0.0,0.0,0.0
1783563316.994,33.3,1.0,北东北,0.0,0.0,0.0
1783563318.073,33.3,1.0,北东北,0.0,0.0,0.0
1783563319.151,33.3,1.0,北东北,0.0,0.0,0.0
1783563320.23,33.3,1.0,北东北,0.0,0.0,0.0
1783563321.309,33.3,1.0,北东北,0.0,0.0,0.0
1783563322.387,33.3,1.0,北东北,0.0,0.0,0.0
1783563323.465,33.3,1.0,北东北,0.0,0.0,0.0
1783563324.544,33.3,1.0,北东北,0.0,0.0,0.0
1783563325.623,33.3,1.0,北东北,0.0,0.0,0.0
1783563326.701,33.3,1.0,北东北,0.0,0.0,0.0
1783563327.78,33.3,1.0,北东北,0.0,0.0,0.0
1783563328.858,33.3,1.0,北东北,0.0,0.0,0.0
1783563329.937,33.3,1.0,北东北,0.0,0.0,0.0
1783563331.015,33.3,1.0,北东北,0.0,0.0,0.0
1783563332.093,33.3,1.0,北东北,0.0,0.0,0.0
1783563333.172,33.3,1.0,北东北,0.0,0.0,0.0
1783563334.25,33.3,1.0,北东北,0.0,0.0,0.0
1783563335.328,33.3,1.0,北东北,0.0,0.0,0.0
1783563336.409,33.3,1.0,北东北,0.0,0.0,0.0
1783563337.489,33.3,1.0,北东北,0.0,0.0,0.0
1783563338.568,33.3,1.0,北东北,0.0,0.0,0.0
1783563339.647,33.3,1.0,北东北,0.0,0.0,0.0
1783563340.725,33.3,1.0,北东北,0.0,0.0,0.0
1783563341.804,33.3,1.0,北东北,0.0,0.0,0.0
1783563342.881,33.3,1.0,北东北,0.0,0.0,0.0
1783563343.96,33.3,1.0,北东北,0.0,0.0,0.0
1783563345.038,33.3,1.0,北东北,0.0,0.0,0.0
1783563346.117,33.3,1.0,北东北,0.0,0.0,0.0
1783563347.195,33.3,1.0,北东北,0.0,0.0,0.0
1783563348.274,33.3,1.0,北东北,0.0,0.0,0.0
1783563349.352,33.3,1.0,北东北,0.0,0.0,0.0
1783563350.431,33.3,1.0,北东北,0.0,0.0,0.0
1783563351.509,33.3,1.0,北东北,0.0,0.0,0.0
1783563352.588,33.3,1.0,北东北,0.0,0.0,0.0
1783563353.666,33.3,1.0,北东北,0.0,0.0,0.0
1783563354.743,33.3,1.0,北东北,0.0,0.0,0.0
1783563355.822,33.3,1.0,北东北,0.0,0.0,0.0
1783563356.903,33.3,1.0,北东北,0.0,0.0,0.0
1783563357.983,33.3,1.0,北东北,0.0,0.0,0.0
1783563359.062,33.3,1.0,北东北,0.0,0.0,0.0
1783563360.14,33.3,1.0,北东北,0.0,0.0,0.0
1783563361.219,33.3,1.0,北东北,0.0,0.0,0.0
1783563362.296,33.3,1.0,北东北,0.0,0.0,0.0
1783563363.374,33.3,1.0,北东北,0.0,0.0,0.0
1783563364.453,33.3,1.0,北东北,0.0,0.0,0.0
1783563365.531,33.3,1.0,北东北,0.0,0.0,0.0
1783563366.609,33.3,1.0,北东北,0.0,0.0,0.0
1783563367.688,33.3,1.0,北东北,0.0,0.0,0.0
1783563368.766,33.3,1.0,北东北,0.0,0.0,0.0
1783563369.845,33.3,1.0,北东北,0.0,0.0,0.0
1783563370.924,33.3,1.0,北东北,0.0,0.0,0.0
1783563372.002,33.3,1.0,北东北,0.0,0.0,0.0
1783563373.081,33.3,1.0,北东北,0.0,0.0,0.0
1783563374.159,33.3,1.0,北东北,0.0,0.0,0.0
1783563375.237,33.3,1.0,北东北,0.0,0.0,0.0
1783563376.318,33.3,1.0,北东北,0.0,0.0,0.0
1783563377.396,33.3,1.0,北东北,0.0,0.0,0.0
1783563378.475,33.3,1.0,北东北,0.0,0.0,0.0
1783563379.554,33.3,1.0,北东北,0.0,0.0,0.0
1783563380.632,33.3,1.0,北东北,0.0,0.0,0.0
1783563381.711,33.3,1.0,北东北,0.0,0.0,0.0
1783563382.789,33.3,1.0,北东北,0.0,0.0,0.0
1783563383.868,33.3,1.0,北东北,0.0,0.0,0.0
1783563384.946,33.3,1.0,北东北,0.0,0.0,0.0
1783563386.025,33.3,1.0,北东北,0.0,0.0,0.0
1783563387.103,33.3,1.0,北东北,0.0,0.0,0.0
1783563388.182,33.3,1.0,北东北,0.0,0.0,0.0
1783563389.259,33.3,1.0,北东北,0.0,0.0,0.0
1783563390.336,33.3,1.0,北东北,0.0,0.0,0.0
1783563391.414,33.3,1.0,北东北,0.0,0.0,0.0
1783563392.491,33.3,1.0,北东北,0.0,0.0,0.0
1783563393.568,33.3,1.0,北东北,0.0,0.0,0.0
1783563394.646,33.3,1.0,北东北,0.0,0.0,0.0
1783563395.727,33.3,1.0,北东北,0.0,0.0,0.0
1783563396.809,33.3,1.0,北东北,0.0,0.0,0.0
1783563397.887,33.3,1.0,北东北,0.0,0.0,0.0
1783563398.966,33.3,1.0,北东北,0.0,0.0,0.0
1783563400.044,33.3,1.0,北东北,0.0,0.0,0.0
1783563401.123,33.3,1.0,北东北,0.0,0.0,0.0
1783563402.2,33.3,1.0,北东北,0.0,0.0,0.0
1783563403.279,33.3,1.0,北东北,0.0,0.0,0.0
1783563404.358,33.3,1.0,北东北,0.0,0.0,0.0
1783563405.436,33.3,1.0,北东北,0.0,0.0,0.0
1783563406.515,33.3,1.0,北东北,0.0,0.0,0.0
1783563407.593,33.3,1.0,北东北,0.0,0.0,0.0
1783563408.672,33.3,1.0,北东北,0.0,0.0,0.0
1783563409.749,33.3,1.0,北东北,0.0,0.0,0.0
1783563410.828,33.3,1.0,北东北,0.0,0.0,0.0
1783563411.907,33.3,1.0,北东北,0.0,0.0,0.0
1783563412.986,33.3,1.0,北东北,0.0,0.0,0.0
1783563414.065,33.3,1.0,北东北,0.0,0.0,0.0
1783563415.144,33.3,1.0,北东北,0.0,0.0,0.0
1783563416.223,33.3,1.0,北东北,0.0,0.0,0.0
1783563417.3,33.3,1.0,北东北,0.0,0.0,0.0
1783563418.379,33.3,1.0,北东北,0.0,0.0,0.0
1783563419.457,33.3,1.0,北东北,0.0,0.0,0.0
1783563420.536,33.3,1.0,北东北,0.0,0.0,0.0
1783563421.615,33.3,1.0,北东北,0.0,0.0,0.0
1783564745.798,33.3,1.0,北东北,0.0,0.0,0.0
1783564746.878,33.3,1.0,北东北,0.0,0.0,0.0
1783564747.955,33.3,1.0,北东北,0.0,0.0,0.0
1783564749.033,33.3,1.0,北东北,0.0,0.0,0.0
1783564750.112,33.3,1.0,北东北,0.0,0.0,0.0
1783564751.19,33.3,1.0,北东北,0.0,0.0,0.0
1783564752.269,33.3,1.0,北东北,0.0,0.0,0.0
1783564753.347,33.3,1.0,北东北,0.0,0.0,0.0
1783564754.424,33.3,1.0,北东北,0.0,0.0,0.0
1783564755.502,33.3,1.0,北东北,0.0,0.0,0.0
1783564756.58,33.3,1.0,北东北,0.0,0.0,0.0
1783564757.658,33.3,1.0,北东北,0.0,0.0,0.0
1783564758.736,33.3,1.0,北东北,0.0,0.0,0.0
1783564759.814,33.3,1.0,北东北,0.0,0.0,0.0
1783564760.893,33.3,1.0,北东北,0.0,0.0,0.0
1783564761.972,33.3,1.0,北东北,0.0,0.0,0.0
1783564763.05,33.3,1.0,北东北,0.0,0.0,0.0
1783564764.127,33.3,1.0,北东北,0.0,0.0,0.0
1783564765.206,33.3,1.0,北东北,0.0,0.0,0.0
1783564766.288,33.3,1.0,北东北,0.0,0.0,0.0
1783564767.366,33.3,1.0,北东北,0.0,0.0,0.0
1783564768.444,33.3,1.0,北东北,0.0,0.0,0.0
1783564769.523,33.3,1.0,北东北,0.0,0.0,0.0
1783564770.601,33.3,1.0,北东北,0.0,0.0,0.0
1783564771.679,33.3,1.0,北东北,0.0,0.0,0.0
1783564772.757,33.3,1.0,北东北,0.0,0.0,0.0
1783564773.835,33.3,1.0,北东北,0.0,0.0,0.0
1783564774.912,33.3,1.0,北东北,0.0,0.0,0.0
1783564775.989,33.3,1.0,北东北,0.0,0.0,0.0
1783564777.067,33.3,1.0,北东北,0.0,0.0,0.0
1783564778.145,33.3,1.0,北东北,0.0,0.0,0.0
1783564779.223,33.3,1.0,北东北,0.0,0.0,0.0
1783564780.3,33.3,1.0,北东北,0.0,0.0,0.0
1783564781.378,33.3,1.0,北东北,0.0,0.0,0.0
1783564782.456,33.3,1.0,北东北,0.0,0.0,0.0
1783564783.534,33.3,1.0,北东北,0.0,0.0,0.0
1783564784.613,33.3,1.0,北东北,0.0,0.0,0.0
1783564785.691,33.3,1.0,北东北,0.0,0.0,0.0
1783564786.769,33.3,1.0,北东北,0.0,0.0,0.0
1783564787.847,33.3,1.0,北东北,0.0,0.0,0.0
1783564788.925,33.3,1.0,北东北,0.0,0.0,0.0
1783564790.002,33.3,1.0,北东北,0.0,0.0,0.0
1783564791.08,33.3,1.0,北东北,0.0,0.0,0.0
1783564792.158,33.3,1.0,北东北,0.0,0.0,0.0
1783564793.236,33.3,1.0,北东北,0.0,0.0,0.0
1783564794.314,33.3,1.0,北东北,0.0,0.0,0.0
1783564795.392,33.3,1.0,北东北,0.0,0.0,0.0
1783564796.47,33.3,1.0,北东北,0.0,0.0,0.0
1783564797.548,33.3,1.0,北东北,0.0,0.0,0.0
1783564798.626,33.3,1.0,北东北,0.0,0.0,0.0
1783564799.705,33.3,1.0,北东北,0.0,0.0,0.0
1783564800.783,33.3,1.0,北东北,0.0,0.0,0.0
1783564801.861,33.3,1.0,北东北,0.0,0.0,0.0
1783564802.94,33.3,1.0,北东北,0.0,0.0,0.0
1783564804.018,33.3,1.0,北东北,0.0,0.0,0.0
1783564805.095,33.3,1.0,北东北,0.0,0.0,0.0
1783569019.604,33.8,2.0,东北,0.0,0.0,0.0
1783569020.682,33.8,2.0,东北,0.0,0.0,0.0
1783569021.76,33.8,2.0,东北,0.0,0.0,0.0
1783569022.839,33.8,2.0,东北,0.0,0.0,0.0
1783569023.916,33.8,2.0,东北,0.0,0.0,0.0
1783569024.994,33.8,2.0,东北,0.0,0.0,0.0
1783569026.073,33.8,2.0,东北,0.0,0.0,0.0
1783569027.151,33.8,2.0,东北,0.0,0.0,0.0
1783569028.23,33.8,2.0,东北,0.0,0.0,0.0
1783569029.308,33.8,2.0,东北,0.0,0.0,0.0
1783569030.386,33.8,2.0,东北,0.0,0.0,0.0
1783569031.465,33.8,2.0,东北,0.0,0.0,0.0
1783569032.544,33.8,2.0,东北,0.0,0.0,0.0
1783569033.622,33.8,2.0,东北,0.0,0.0,0.0
1783569034.701,33.8,2.0,东北,0.0,0.0,0.0
1783569035.779,33.8,2.0,东北,0.0,0.0,0.0
1783569036.856,33.8,2.0,东北,0.0,0.0,0.0
1783569037.934,33.8,2.0,东北,0.0,0.0,0.0
1783569039.013,33.8,2.0,东北,0.0,0.0,0.0
1783569040.09,33.8,2.0,东北,0.0,0.0,0.0
1783569041.168,33.8,2.0,东北,0.0,0.0,0.0
1783569042.246,33.8,2.0,东北,0.0,0.0,0.0
1783569043.324,33.8,2.0,东北,0.0,0.0,0.0
1783569044.402,33.8,2.0,东北,0.0,0.0,0.0
1783569045.48,33.8,2.0,东北,0.0,0.0,0.0
1783569046.559,33.8,2.0,东北,0.0,0.0,0.0
1783569047.638,33.8,2.0,东北,0.0,0.0,0.0
1783569048.716,33.8,2.0,东北,0.0,0.0,0.0
1783569049.794,33.8,2.0,东北,0.0,0.0,0.0
1783569050.872,33.8,2.0,东北,0.0,0.0,0.0
1783569051.95,33.8,2.0,东北,0.0,0.0,0.0
1783569053.029,33.8,2.0,东北,0.0,0.0,0.0
1783569054.107,33.8,2.0,东北,0.0,0.0,0.0
1783569055.186,33.8,2.0,东北,0.0,0.0,0.0
1783569056.263,33.8,2.0,东北,0.0,0.0,0.0
1783569057.342,33.8,2.0,东北,0.0,0.0,0.0
1783569058.42,33.8,2.0,东北,0.0,0.0,0.0
1783569059.499,33.8,2.0,东北,0.0,0.0,0.0
1783569060.577,33.8,2.0,东北,0.0,0.0,0.0
1783569061.656,33.8,2.0,东北,0.0,0.0,0.0
1783569062.734,33.8,2.0,东北,0.0,0.0,0.0
1783569063.812,33.8,2.0,东北,0.0,0.0,0.0
1783569064.89,33.8,2.0,东北,0.0,0.0,0.0
1783569065.969,33.8,2.0,东北,0.0,0.0,0.0
1783569067.048,33.8,2.0,东北,0.0,0.0,0.0
1783569068.126,33.8,2.0,东北,0.0,0.0,0.0
1783569069.205,33.8,2.0,东北,0.0,0.0,0.0
1783569070.284,33.8,2.0,东北,0.0,0.0,0.0
1783569071.362,33.8,2.0,东北,0.0,0.0,0.0
1783569072.441,33.8,2.0,东北,0.0,0.0,0.0
1783569073.519,33.8,2.0,东北,0.0,0.0,0.0
1783569074.597,33.8,2.0,东北,0.0,0.0,0.0
1783569075.675,33.8,2.0,东北,0.0,0.0,0.0
1783569076.753,33.8,2.0,东北,0.0,0.0,0.0
1783569077.832,33.8,2.0,东北,0.0,0.0,0.0
1783569078.912,33.8,2.0,东北,0.0,0.0,0.0
1783569831.537,33.8,2.0,东北,0.0,0.0,0.0
1783569832.615,33.8,2.0,东北,0.0,0.0,0.0
1783569833.692,33.8,2.0,东北,0.0,0.0,0.0
1783569834.77,33.8,2.0,东北,0.0,0.0,0.0
1783569835.848,33.8,2.0,东北,0.0,0.0,0.0
1783569836.927,33.8,2.0,东北,0.0,0.0,0.0
1783569838.005,33.8,2.0,东北,0.0,0.0,0.0
1783569839.082,33.8,2.0,东北,0.0,0.0,0.0
1783569840.161,33.8,2.0,东北,0.0,0.0,0.0
1783569841.238,33.8,2.0,东北,0.0,0.0,0.0
1783569842.316,33.8,2.0,东北,0.0,0.0,0.0
1783569843.395,33.8,2.0,东北,0.0,0.0,0.0
1783569844.473,33.8,2.0,东北,0.0,0.0,0.0
1783569845.552,33.8,2.0,东北,0.0,0.0,0.0
1783569846.629,33.8,2.0,东北,0.0,0.0,0.0
1783569847.707,33.8,2.0,东北,0.0,0.0,0.0
1783569848.785,33.8,2.0,东北,0.0,0.0,0.0
1783569849.863,33.8,2.0,东北,0.0,0.0,0.0
1783569850.943,33.8,2.0,东北,0.0,0.0,0.0
1783569852.021,33.8,2.0,东北,0.0,0.0,0.0
1783569853.102,33.8,2.0,东北,0.0,0.0,0.0
1783569854.18,33.8,2.0,东北,0.0,0.0,0.0
1783569855.258,33.8,2.0,东北,0.0,0.0,0.0
1783569856.337,33.8,2.0,东北,0.0,0.0,0.0
1783569857.416,33.8,2.0,东北,0.0,0.0,0.0
1783569858.494,33.8,2.0,东北,0.0,0.0,0.0
1783569859.573,33.8,2.0,东北,0.0,0.0,0.0
1783569860.651,33.8,2.0,东北,0.0,0.0,0.0
1783569861.73,33.8,2.0,东北,0.0,0.0,0.0
1783569862.808,33.8,2.0,东北,0.0,0.0,0.0
1783569863.887,33.8,2.0,东北,0.0,0.0,0.0
1783569864.966,33.8,2.0,东北,0.0,0.0,0.0
1783569866.044,33.8,2.0,东北,0.0,0.0,0.0
1783569867.123,33.8,2.0,东北,0.0,0.0,0.0
1783569868.2,33.8,2.0,东北,0.0,0.0,0.0
1783569869.279,33.8,2.0,东北,0.0,0.0,0.0
1783569870.358,33.8,2.0,东北,0.0,0.0,0.0
1783569871.437,33.8,2.0,东北,0.0,0.0,0.0
1783569872.515,33.8,2.0,东北,0.0,0.0,0.0
1783569873.594,33.8,2.0,东北,0.0,0.0,0.0
1783569874.672,33.8,2.0,东北,0.0,0.0,0.0
1783569875.75,33.8,2.0,东北,0.0,0.0,0.0
1783569876.829,33.8,2.0,东北,0.0,0.0,0.0
1783569877.907,33.8,2.0,东北,0.0,0.0,0.0
1783569878.985,33.8,2.0,东北,0.0,0.0,0.0
1783569880.063,33.8,2.0,东北,0.0,0.0,0.0
1783569881.142,33.8,2.0,东北,0.0,0.0,0.0
1783569882.22,33.8,2.0,东北,0.0,0.0,0.0
1783569883.298,33.8,2.0,东北,0.0,0.0,0.0
1783569884.376,33.8,2.0,东北,0.0,0.0,0.0
1783569885.455,33.8,2.0,东北,0.0,0.0,0.0
1783569886.533,33.8,2.0,东北,0.0,0.0,0.0
1783570727.214,33.8,2.0,东北,0.0,0.0,0.0
1783570728.292,33.8,2.0,东北,0.0,0.0,0.0
1783570729.369,33.8,2.0,东北,0.0,0.0,0.0
1783570730.448,33.8,2.0,东北,0.0,0.0,0.0
1783570731.526,33.8,2.0,东北,0.0,0.0,0.0
1783570732.605,33.8,2.0,东北,0.0,0.0,0.0
1783570733.683,33.8,2.0,东北,0.0,0.0,0.0
1783570734.761,33.8,2.0,东北,0.0,0.0,0.0
1783570735.839,33.8,2.0,东北,0.0,0.0,0.0
1783570736.918,33.8,2.0,东北,0.0,0.0,0.0
1783570737.996,33.8,2.0,东北,0.0,0.0,0.0
1783570739.075,33.8,2.0,东北,0.0,0.0,0.0
1783570740.153,33.8,2.0,东北,0.0,0.0,0.0
1783570741.231,33.8,2.0,东北,0.0,0.0,0.0
1783570742.31,33.8,2.0,东北,0.0,0.0,0.0
1783570743.387,33.8,2.0,东北,0.0,0.0,0.0
1783570744.465,33.8,2.0,东北,0.0,0.0,0.0
1783570745.544,33.8,2.0,东北,0.0,0.0,0.0
1783570746.622,33.8,2.0,东北,0.0,0.0,0.0
1783570747.701,33.8,2.0,东北,0.0,0.0,0.0
1783570748.779,33.8,2.0,东北,0.0,0.0,0.0
1783570749.858,33.8,2.0,东北,0.0,0.0,0.0
1783570750.935,33.8,2.0,东北,0.0,0.0,0.0
1783570752.012,33.8,2.0,东北,0.0,0.0,0.0
1783570753.09,33.8,2.0,东北,0.0,0.0,0.0
1783570754.168,33.8,2.0,东北,0.0,0.0,0.0
1783570755.245,33.8,2.0,东北,0.0,0.0,0.0
1783570756.323,33.8,2.0,东北,0.0,0.0,0.0
1783570757.401,33.8,2.0,东北,0.0,0.0,0.0
1783570758.479,33.8,2.0,东北,0.0,0.0,0.0
1783570759.556,33.8,2.0,东北,0.0,0.0,0.0
1783570760.634,33.8,2.0,东北,0.0,0.0,0.0
1783570761.712,33.8,2.0,东北,0.0,0.0,0.0
1783570762.79,33.8,2.0,东北,0.0,0.0,0.0
1783570763.867,33.8,2.0,东北,0.0,0.0,0.0
1783570764.945,33.8,2.0,东北,0.0,0.0,0.0
1783570766.022,33.8,2.0,东北,0.0,0.0,0.0
1783570767.1,33.8,2.0,东北,0.0,0.0,0.0
1783570768.178,33.8,2.0,东北,0.0,0.0,0.0
1783570769.256,33.8,2.0,东北,0.0,0.0,0.0
1783570770.334,33.8,2.0,东北,0.0,0.0,0.0
1783570771.412,33.8,2.0,东北,0.0,0.0,0.0
1783570772.489,33.8,2.0,东北,0.0,0.0,0.0
1783570773.565,33.8,2.0,东北,0.0,0.0,0.0
1783570774.643,33.8,2.0,东北,0.0,0.0,0.0
1783570775.72,33.8,2.0,东北,0.0,0.0,0.0
1783570776.798,33.8,2.0,东北,0.0,0.0,0.0
1783570777.877,33.8,2.0,东北,0.0,0.0,0.0
1783570778.955,33.8,2.0,东北,0.0,0.0,0.0
1783570780.033,33.8,2.0,东北,0.0,0.0,0.0
1783570781.111,33.8,2.0,东北,0.0,0.0,0.0
1783570782.19,33.8,2.0,东北,0.0,0.0,0.0
1783570853.57,33.8,2.0,东北,0.0,0.0,0.0
1783570854.648,33.8,2.0,东北,0.0,0.0,0.0
1783570855.727,33.8,2.0,东北,0.0,0.0,0.0
1783570856.805,33.8,2.0,东北,0.0,0.0,0.0
1783570857.883,33.8,2.0,东北,0.0,0.0,0.0
1783570858.961,33.8,2.0,东北,0.0,0.0,0.0
1783570860.04,33.8,2.0,东北,0.0,0.0,0.0
1783570861.118,33.8,2.0,东北,0.0,0.0,0.0
1783570862.197,33.8,2.0,东北,0.0,0.0,0.0
1783570863.275,33.8,2.0,东北,0.0,0.0,0.0
1783570864.353,33.8,2.0,东北,0.0,0.0,0.0
1783570865.431,33.8,2.0,东北,0.0,0.0,0.0
1783570866.51,33.8,2.0,东北,0.0,0.0,0.0
1783570867.588,33.8,2.0,东北,0.0,0.0,0.0
1783570868.666,33.8,2.0,东北,0.0,0.0,0.0
1783570869.744,33.8,2.0,东北,0.0,0.0,0.0
1783570870.822,33.8,2.0,东北,0.0,0.0,0.0
1783570871.9,33.8,2.0,东北,0.0,0.0,0.0
1783570872.979,33.8,2.0,东北,0.0,0.0,0.0
1783570874.058,33.8,2.0,东北,0.0,0.0,0.0
1783570875.137,33.8,2.0,东北,0.0,0.0,0.0
1783570876.214,33.8,2.0,东北,0.0,0.0,0.0
1783570877.292,33.8,2.0,东北,0.0,0.0,0.0
1783570878.371,33.8,2.0,东北,0.0,0.0,0.0
1783570879.448,33.8,2.0,东北,0.0,0.0,0.0
1783570880.527,33.8,2.0,东北,0.0,0.0,0.0
1783570881.605,33.8,2.0,东北,0.0,0.0,0.0
1783570882.683,33.8,2.0,东北,0.0,0.0,0.0
1783570883.76,33.8,2.0,东北,0.0,0.0,0.0
1783570884.838,33.8,2.0,东北,0.0,0.0,0.0
1783570885.916,33.8,2.0,东北,0.0,0.0,0.0
1783570886.994,33.8,2.0,东北,0.0,0.0,0.0
1783570888.072,33.8,2.0,东北,0.0,0.0,0.0
1783570889.15,33.8,2.0,东北,0.0,0.0,0.0
1783570890.229,33.8,2.0,东北,0.0,0.0,0.0
1783570891.307,33.8,2.0,东北,0.0,0.0,0.0
1783570892.386,33.8,2.0,东北,0.0,0.0,0.0
1783570893.464,33.8,2.0,东北,0.0,0.0,0.0
1783570894.542,33.8,2.0,东北,0.0,0.0,0.0
1783570895.62,33.8,2.0,东北,0.0,0.0,0.0
1783570896.698,33.8,2.0,东北,0.0,0.0,0.0
1783570897.777,33.8,2.0,东北,0.0,0.0,0.0
1783570898.855,33.8,2.0,东北,0.0,0.0,0.0
1783570899.933,33.8,2.0,东北,0.0,0.0,0.0
1783570901.011,33.8,2.0,东北,0.0,0.0,0.0
1783570902.089,33.8,2.0,东北,0.0,0.0,0.0
1783570903.167,33.8,2.0,东北,0.0,0.0,0.0
1783570904.246,33.8,2.0,东北,0.0,0.0,0.0
1783570905.324,33.8,2.0,东北,0.0,0.0,0.0
1783570906.402,33.8,2.0,东北,0.0,0.0,0.0
1783570907.48,33.8,2.0,东北,0.0,0.0,0.0
1783570908.557,33.8,2.0,东北,0.0,0.0,0.0
1783571313.265,33.8,2.0,东北,0.0,0.0,0.0
1783571314.345,33.8,2.0,东北,0.0,0.0,0.0
1783571315.423,33.8,2.0,东北,0.0,0.0,0.0
1783571316.501,33.8,2.0,东北,0.0,0.0,0.0
1783571317.579,33.8,2.0,东北,0.0,0.0,0.0
1783571318.657,33.8,2.0,东北,0.0,0.0,0.0
1783571319.736,33.8,2.0,东北,0.0,0.0,0.0
1783571320.814,33.8,2.0,东北,0.0,0.0,0.0
1783571321.893,33.8,2.0,东北,0.0,0.0,0.0
1783571322.972,33.8,2.0,东北,0.0,0.0,0.0
1783571324.05,33.8,2.0,东北,0.0,0.0,0.0
1783571325.129,33.8,2.0,东北,0.0,0.0,0.0
1783571326.206,33.8,2.0,东北,0.0,0.0,0.0
1783571327.285,33.8,2.0,东北,0.0,0.0,0.0
1783571328.363,33.8,2.0,东北,0.0,0.0,0.0
1783571329.442,33.8,2.0,东北,0.0,0.0,0.0
1783571330.521,33.8,2.0,东北,0.0,0.0,0.0
1783571331.599,33.8,2.0,东北,0.0,0.0,0.0
1783571332.678,33.8,2.0,东北,0.0,0.0,0.0
1783571333.758,33.8,2.0,东北,0.0,0.0,0.0
1783571334.836,33.8,2.0,东北,0.0,0.0,0.0
1783571335.914,33.8,2.0,东北,0.0,0.0,0.0
1783571336.993,33.8,2.0,东北,0.0,0.0,0.0
1783571338.072,33.8,2.0,东北,0.0,0.0,0.0
1783571339.15,33.8,2.0,东北,0.0,0.0,0.0
1783571340.228,33.8,2.0,东北,0.0,0.0,0.0
1783571341.307,33.8,2.0,东北,0.0,0.0,0.0
1783571342.384,33.8,2.0,东北,0.0,0.0,0.0
1783571343.462,33.8,2.0,东北,0.0,0.0,0.0
1783571344.54,33.8,2.0,东北,0.0,0.0,0.0
1783571345.617,33.8,2.0,东北,0.0,0.0,0.0
1783571346.695,33.8,2.0,东北,0.0,0.0,0.0
1783571347.774,33.8,2.0,东北,0.0,0.0,0.0
1783571348.853,33.8,2.0,东北,0.0,0.0,0.0
1783571349.931,33.8,2.0,东北,0.0,0.0,0.0
1783571351.009,33.8,2.0,东北,0.0,0.0,0.0
1783571352.089,33.8,2.0,东北,0.0,0.0,0.0
1783571353.166,33.8,2.0,东北,0.0,0.0,0.0
1783571354.246,33.8,2.0,东北,0.0,0.0,0.0
1783571355.324,33.8,2.0,东北,0.0,0.0,0.0
1783571356.402,33.8,2.0,东北,0.0,0.0,0.0
1783571357.48,33.8,2.0,东北,0.0,0.0,0.0
1783571358.558,33.8,2.0,东北,0.0,0.0,0.0
1783571359.635,33.8,2.0,东北,0.0,0.0,0.0
1783571360.713,33.8,2.0,东北,0.0,0.0,0.0
1783571361.791,33.8,2.0,东北,0.0,0.0,0.0
1783571362.868,33.8,2.0,东北,0.0,0.0,0.0
1783571363.947,33.8,2.0,东北,0.0,0.0,0.0
1783571365.026,33.8,2.0,东北,0.0,0.0,0.0
1783571366.105,33.8,2.0,东北,0.0,0.0,0.0
1783571367.182,33.8,2.0,东北,0.0,0.0,0.0
1783571368.261,33.8,2.0,东北,0.0,0.0,0.0
1783571594.597,33.8,2.0,东北,0.0,0.0,0.0
1783571595.675,33.8,2.0,东北,0.0,0.0,0.0
1783571596.753,33.8,2.0,东北,0.0,0.0,0.0
1783571597.831,33.8,2.0,东北,0.0,0.0,0.0
1783571598.909,33.8,2.0,东北,0.0,0.0,0.0
1783571599.987,33.8,2.0,东北,0.0,0.0,0.0
1783571601.065,33.8,2.0,东北,0.0,0.0,0.0
1783571602.143,33.8,2.0,东北,0.0,0.0,0.0
1783571603.221,33.8,2.0,东北,0.0,0.0,0.0
1783571604.299,33.8,2.0,东北,0.0,0.0,0.0
1783571605.377,33.8,2.0,东北,0.0,0.0,0.0
1783571606.455,33.8,2.0,东北,0.0,0.0,0.0
1783571607.533,33.8,2.0,东北,0.0,0.0,0.0
1783571608.611,33.8,2.0,东北,0.0,0.0,0.0
1783571609.689,33.8,2.0,东北,0.0,0.0,0.0
1783571610.767,33.8,2.0,东北,0.0,0.0,0.0
1783571611.845,33.8,2.0,东北,0.0,0.0,0.0
1783571612.923,33.8,2.0,东北,0.0,0.0,0.0
1783571614.003,33.8,2.0,东北,0.0,0.0,0.0
1783571615.082,33.8,2.0,东北,0.0,0.0,0.0
1783571616.161,33.8,2.0,东北,0.0,0.0,0.0
1783571617.239,33.8,2.0,东北,0.0,0.0,0.0
1783571618.316,33.8,2.0,东北,0.0,0.0,0.0
1783571619.394,33.8,2.0,东北,0.0,0.0,0.0
1783571620.472,33.8,2.0,东北,0.0,0.0,0.0
1783571621.551,33.8,2.0,东北,0.0,0.0,0.0
1783571622.629,33.8,2.0,东北,0.0,0.0,0.0
1783571623.707,33.8,2.0,东北,0.0,0.0,0.0
1783571624.785,33.8,2.0,东北,0.0,0.0,0.0
1783571625.864,33.8,2.0,东北,0.0,0.0,0.0
1783571626.943,33.8,2.0,东北,0.0,0.0,0.0
1783571628.021,33.8,2.0,东北,0.0,0.0,0.0
1783571629.099,33.8,2.0,东北,0.0,0.0,0.0
1783571630.177,33.8,2.0,东北,0.0,0.0,0.0
1783571631.255,33.8,2.0,东北,0.0,0.0,0.0
1783571632.333,33.8,2.0,东北,0.0,0.0,0.0
1783571633.412,33.8,2.0,东北,0.0,0.0,0.0
1783571634.492,33.8,2.0,东北,0.0,0.0,0.0
1783571635.57,33.8,2.0,东北,0.0,0.0,0.0
1783571636.649,33.8,2.0,东北,0.0,0.0,0.0
1783571637.727,33.8,2.0,东北,0.0,0.0,0.0
1783571638.805,33.8,2.0,东北,0.0,0.0,0.0
1783571639.883,33.8,2.0,东北,0.0,0.0,0.0
1783571640.96,33.8,2.0,东北,0.0,0.0,0.0
1783571642.038,33.8,2.0,东北,0.0,0.0,0.0
1783571643.116,33.8,2.0,东北,0.0,0.0,0.0
1783571644.194,33.8,2.0,东北,0.0,0.0,0.0
1783571645.272,33.8,2.0,东北,0.0,0.0,0.0
1783571646.351,33.8,2.0,东北,0.0,0.0,0.0
1783571647.43,33.8,2.0,东北,0.0,0.0,0.0
1783571648.508,33.8,2.0,东北,0.0,0.0,0.0
1783571649.586,33.8,2.0,东北,0.0,0.0,0.0
1783572305.766,33.8,2.0,东北,0.0,0.0,0.0
1783572306.844,33.8,2.0,东北,0.0,0.0,0.0
1783572307.922,33.8,2.0,东北,0.0,0.0,0.0
1783572309.001,33.8,2.0,东北,0.0,0.0,0.0
1783572310.079,33.8,2.0,东北,0.0,0.0,0.0
1783572311.157,33.8,2.0,东北,0.0,0.0,0.0
1783572312.235,33.8,2.0,东北,0.0,0.0,0.0
1783572313.313,33.8,2.0,东北,0.0,0.0,0.0
1783572314.39,33.8,2.0,东北,0.0,0.0,0.0
1783572315.468,33.8,2.0,东北,0.0,0.0,0.0
1783572316.547,33.8,2.0,东北,0.0,0.0,0.0
1783572317.625,33.8,2.0,东北,0.0,0.0,0.0
1783572318.703,33.8,2.0,东北,0.0,0.0,0.0
1783572319.781,33.8,2.0,东北,0.0,0.0,0.0
1783572320.858,33.8,2.0,东北,0.0,0.0,0.0
1783572321.936,33.8,2.0,东北,0.0,0.0,0.0
1783572323.014,33.8,2.0,东北,0.0,0.0,0.0
1783572324.093,33.8,2.0,东北,0.0,0.0,0.0
1783572325.173,33.8,2.0,东北,0.0,0.0,0.0
1783572326.252,33.8,2.0,东北,0.0,0.0,0.0
1783572327.331,33.8,2.0,东北,0.0,0.0,0.0
1783572328.409,33.8,2.0,东北,0.0,0.0,0.0
1783572329.485,33.8,2.0,东北,0.0,0.0,0.0
1783572330.564,33.8,2.0,东北,0.0,0.0,0.0
1783572331.641,33.8,2.0,东北,0.0,0.0,0.0
1783572332.719,33.8,2.0,东北,0.0,0.0,0.0
1783572333.796,33.8,2.0,东北,0.0,0.0,0.0
1783572334.874,33.8,2.0,东北,0.0,0.0,0.0
1783572335.953,33.8,2.0,东北,0.0,0.0,0.0
1783572337.031,33.8,2.0,东北,0.0,0.0,0.0
1783572338.109,33.8,2.0,东北,0.0,0.0,0.0
1783572339.187,33.8,2.0,东北,0.0,0.0,0.0
1783572340.265,33.8,2.0,东北,0.0,0.0,0.0
1783572341.343,33.8,2.0,东北,0.0,0.0,0.0
1783572342.421,33.8,2.0,东北,0.0,0.0,0.0
1783572343.499,33.8,2.0,东北,0.0,0.0,0.0
1783572344.579,33.8,2.0,东北,0.0,0.0,0.0
1783572345.656,33.8,2.0,东北,0.0,0.0,0.0
1783572346.735,33.8,2.0,东北,0.0,0.0,0.0
1783572347.813,33.8,2.0,东北,0.0,0.0,0.0
1783572348.891,33.8,2.0,东北,0.0,0.0,0.0
1783572349.968,33.8,2.0,东北,0.0,0.0,0.0
1783572351.046,33.8,2.0,东北,0.0,0.0,0.0
1783572352.125,33.8,2.0,东北,0.0,0.0,0.0
1783572353.203,33.8,2.0,东北,0.0,0.0,0.0
1783572354.281,33.8,2.0,东北,0.0,0.0,0.0
1783572355.358,33.8,2.0,东北,0.0,0.0,0.0
1783572356.436,33.8,2.0,东北,0.0,0.0,0.0
1783572357.514,33.8,2.0,东北,0.0,0.0,0.0
1783572358.592,33.8,2.0,东北,0.0,0.0,0.0
1783572359.67,33.8,2.0,东北,0.0,0.0,0.0
1783572360.748,33.8,2.0,东北,0.0,0.0,0.0
1783572603.119,230.1,10.0,西南,0.0,0.0,0.0
1783572604.198,230.1,10.0,西南,0.0,0.0,0.0
1783572605.276,230.1,10.0,西南,0.0,0.0,0.0
1783572606.354,230.1,10.0,西南,0.0,0.0,0.0
1783572607.432,230.1,10.0,西南,0.0,0.0,0.0
1783572608.509,230.1,10.0,西南,0.0,0.0,0.0
1783572609.588,230.1,10.0,西南,0.0,0.0,0.0
1783572610.665,230.1,10.0,西南,0.0,0.0,0.0
1783572611.743,230.1,10.0,西南,0.0,0.0,0.0
1783572612.821,230.1,10.0,西南,0.0,0.0,0.0
1783572613.899,230.1,10.0,西南,0.0,0.0,0.0
1783572614.978,230.1,10.0,西南,0.0,0.0,0.0
1783572616.056,230.1,10.0,西南,0.0,0.0,0.0
1783572617.133,230.1,10.0,西南,0.0,0.0,0.0
1783572618.21,230.1,10.0,西南,0.0,0.0,0.0
1783572619.288,230.1,10.0,西南,0.0,0.0,0.0
1783572620.366,230.1,10.0,西南,0.0,0.0,0.0
1783572621.445,230.1,10.0,西南,0.0,0.0,0.0
1783572622.525,230.1,10.0,西南,0.0,0.0,0.0
1783572623.606,230.1,10.0,西南,0.0,0.0,0.0
1783572624.684,230.1,10.0,西南,0.0,0.0,0.0
1783572625.763,230.1,10.0,西南,0.0,0.0,0.0
1783572626.841,230.1,10.0,西南,0.0,0.0,0.0
1783572627.919,230.1,10.0,西南,0.0,0.0,0.0
1783572628.996,230.1,10.0,西南,0.0,0.0,0.0
1783572630.074,230.1,10.0,西南,0.0,0.0,0.0
1783572631.152,230.1,10.0,西南,0.0,0.0,0.0
1783572632.23,230.1,10.0,西南,0.0,0.0,0.0
1783572633.307,230.1,10.0,西南,0.0,0.0,0.0
1783572634.386,230.1,10.0,西南,0.0,0.0,0.0
1783572635.464,230.1,10.0,西南,0.0,0.0,0.0
1783572636.542,230.1,10.0,西南,0.0,0.0,0.0
1783572637.619,230.1,10.0,西南,0.0,0.0,0.0
1783572638.697,230.1,10.0,西南,0.0,0.0,0.0
1783572639.775,230.1,10.0,西南,0.0,0.0,0.0
1783572640.852,230.1,10.0,西南,0.0,0.0,0.0
1783572641.931,230.1,10.0,西南,0.0,0.0,0.0
1783572643.009,230.1,10.0,西南,0.0,0.0,0.0
1783572644.089,230.1,10.0,西南,0.0,0.0,0.0
1783572645.168,230.1,10.0,西南,0.0,0.0,0.0
1783572646.247,230.1,10.0,西南,0.0,0.0,0.0
1783572647.325,230.1,10.0,西南,0.0,0.0,0.0
1783572648.403,230.1,10.0,西南,0.0,0.0,0.0
1783572649.481,230.1,10.0,西南,0.0,0.0,0.0
1783572650.559,230.1,10.0,西南,0.0,0.0,0.0
1783572651.636,230.1,10.0,西南,0.0,0.0,0.0
1783572652.714,230.1,10.0,西南,0.0,0.0,0.0
1783572653.792,230.1,10.0,西南,0.0,0.0,0.0
1783572654.87,230.1,10.0,西南,0.0,0.0,0.0
1783572655.948,230.1,10.0,西南,0.0,0.0,0.0
1783572657.026,230.1,10.0,西南,0.0,0.0,0.0
1783572658.104,230.1,10.0,西南,0.0,0.0,0.0
1783572828.671,230.0,10.0,西南,0.0,0.0,0.0
1783572829.749,230.0,10.0,西南,0.0,0.0,0.0
1783572830.827,230.0,10.0,西南,0.0,0.0,0.0
1783572831.905,230.0,10.0,西南,0.0,0.0,0.0
1783572832.983,230.0,10.0,西南,0.0,0.0,0.0
1783572834.061,230.0,10.0,西南,0.0,0.0,0.0
1783572835.139,230.0,10.0,西南,0.0,0.0,0.0
1783572836.218,230.0,10.0,西南,0.0,0.0,0.0
1783572837.297,230.0,10.0,西南,0.0,0.0,0.0
1783572838.376,230.0,10.0,西南,0.0,0.0,0.0
1783572839.454,230.0,10.0,西南,0.0,0.0,0.0
1783572840.532,230.0,10.0,西南,0.0,0.0,0.0
1783572841.611,230.0,10.0,西南,0.0,0.0,0.0
1783572842.689,230.0,10.0,西南,0.0,0.0,0.0
1783572843.768,230.0,10.0,西南,0.0,0.0,0.0
1783572844.846,230.0,10.0,西南,0.0,0.0,0.0
1783572845.924,230.0,10.0,西南,0.0,0.0,0.0
1783572847.003,230.0,10.0,西南,0.0,0.0,0.0
1783572848.082,230.0,10.0,西南,0.0,0.0,0.0
1783572849.162,230.0,10.0,西南,0.0,0.0,0.0
1783572850.24,230.0,10.0,西南,0.0,0.0,0.0
1783572851.318,230.0,10.0,西南,0.0,0.0,0.0
1783572852.396,230.0,10.0,西南,0.0,0.0,0.0
1783572853.474,230.0,10.0,西南,0.0,0.0,0.0
1783572854.551,230.0,10.0,西南,0.0,0.0,0.0
1783572855.629,230.0,10.0,西南,0.0,0.0,0.0
1783572856.707,230.0,10.0,西南,0.0,0.0,0.0
1783572857.785,230.0,10.0,西南,0.0,0.0,0.0
1783572858.863,230.0,10.0,西南,0.0,0.0,0.0
1783572859.941,230.0,10.0,西南,0.0,0.0,0.0
1783572861.019,230.0,10.0,西南,0.0,0.0,0.0
1783572862.097,230.0,10.0,西南,0.0,0.0,0.0
1783572863.175,230.0,10.0,西南,0.0,0.0,0.0
1783572864.254,230.0,10.0,西南,0.0,0.0,0.0
1783572865.332,230.0,10.0,西南,0.0,0.0,0.0
1783572866.41,230.0,10.0,西南,0.0,0.0,0.0
1783572867.488,230.0,10.0,西南,0.0,0.0,0.0
1783572868.566,230.0,10.0,西南,0.0,0.0,0.0
1783572869.645,230.0,10.0,西南,0.0,0.0,0.0
1783572870.722,230.0,10.0,西南,0.0,0.0,0.0
1783572871.8,230.0,10.0,西南,0.0,0.0,0.0
1783572872.878,230.0,10.0,西南,0.0,0.0,0.0
1783572873.955,230.0,10.0,西南,0.0,0.0,0.0
1783572875.033,230.0,10.0,西南,0.0,0.0,0.0
1783572876.112,230.0,10.0,西南,0.0,0.0,0.0
1783572877.19,230.0,10.0,西南,0.0,0.0,0.0
1783572878.268,230.0,10.0,西南,0.0,0.0,0.0
1783572879.346,230.0,10.0,西南,0.0,0.0,0.0
1783572880.424,230.0,10.0,西南,0.0,0.0,0.0
1783572881.508,230.0,10.0,西南,0.0,0.0,0.0
1783572882.587,230.0,10.0,西南,0.0,0.0,0.0
1783572883.665,230.0,10.0,西南,0.0,0.0,0.0
1783581046.667,64.0,3.0,东东北,0.0,0.0,0.0
1783581047.745,64.0,3.0,东东北,0.0,0.0,0.0
1783581048.823,64.0,3.0,东东北,0.0,0.0,0.0
1783581049.901,64.0,3.0,东东北,0.0,0.0,0.0
1783581050.979,64.0,3.0,东东北,0.0,0.0,0.0
1783581052.056,64.0,3.0,东东北,0.0,0.0,0.0
1783581053.134,64.0,3.0,东东北,0.0,0.0,0.0
1783581054.213,64.0,3.0,东东北,0.0,0.0,0.0
1783581055.291,64.0,3.0,东东北,0.0,0.0,0.0
1783581056.369,64.0,3.0,东东北,0.0,0.0,0.0
1783581057.447,64.0,3.0,东东北,0.0,0.0,0.0
1783581058.525,64.0,3.0,东东北,0.0,0.0,0.0
1783581059.603,64.0,3.0,东东北,0.0,0.0,0.0
1783581060.681,64.0,3.0,东东北,0.0,0.0,0.0
1783581061.76,64.0,3.0,东东北,0.0,0.0,0.0
1783581062.838,64.0,3.0,东东北,0.0,0.0,0.0
1783581063.916,64.0,3.0,东东北,0.0,0.0,0.0
1783581064.995,64.0,3.0,东东北,0.0,0.0,0.0
1783581066.072,64.0,3.0,东东北,0.0,0.0,0.0
1783581067.152,64.0,3.0,东东北,0.0,0.0,0.0
1783581068.231,64.0,3.0,东东北,0.0,0.0,0.0
1783581069.309,64.0,3.0,东东北,0.0,0.0,0.0
1783581070.387,64.0,3.0,东东北,0.0,0.0,0.0
1783581071.465,64.0,3.0,东东北,0.0,0.0,0.0
1783581072.543,64.0,3.0,东东北,0.0,0.0,0.0
1783581073.62,64.0,3.0,东东北,0.0,0.0,0.0
1783581074.698,64.0,3.0,东东北,0.0,0.0,0.0
1783581075.776,64.0,3.0,东东北,0.0,0.0,0.0
1783581076.854,64.0,3.0,东东北,0.0,0.0,0.0
1783581077.932,64.0,3.0,东东北,0.0,0.0,0.0
1783581434.634,64.0,3.0,东东北,0.0,0.0,0.0
1783581435.721,64.0,3.0,东东北,0.0,0.0,0.0
1783581436.8,64.0,3.0,东东北,0.0,0.0,0.0
1783581437.878,64.0,3.0,东东北,0.0,0.0,0.0
1783581438.956,64.0,3.0,东东北,0.0,0.0,0.0
1783581440.035,64.0,3.0,东东北,0.0,0.0,0.0
1783581441.112,64.0,3.0,东东北,0.0,0.0,0.0
1783581442.191,64.0,3.0,东东北,0.0,0.0,0.0
1783581443.268,64.0,3.0,东东北,0.0,0.0,0.0
1783581444.346,64.0,3.0,东东北,0.0,0.0,0.0
1783581445.424,64.0,3.0,东东北,0.0,0.0,0.0
1783581446.501,64.0,3.0,东东北,0.0,0.0,0.0
1783581447.58,64.0,3.0,东东北,0.0,0.0,0.0
1783581448.658,63.8,3.0,东东北,0.0,0.0,0.0
1783581449.736,55.1,2.0,东北,1.0,1.12,0.3
1783581450.813,73.3,3.0,东东北,1.0,3.08,0.8
1783581451.892,93.0,4.0,东,3.0,15.14,4.2
1783581452.97,112.1,5.0,东东南,2.0,11.49,3.1
1783581454.049,138.6,6.0,东南,2.0,7.57,2.1
1783581455.129,213.4,9.0,南西南,3.0,14.02,3.8
1783581456.207,217.5,10.0,西南,3.0,19.35,5.3
1783581457.285,251.3,11.0,西西南,1.0,5.32,1.4
1783581458.363,251.2,11.0,西西南,1.0,5.32,1.4
1783581459.441,251.1,11.0,西西南,0.0,0.0,0.0
1783581460.519,251.1,11.0,西西南,0.0,0.28,0.0
1783581461.596,251.1,11.0,西西南,0.0,0.0,0.0
1783581462.674,251.1,11.0,西西南,0.0,0.0,0.0
1783581463.752,251.1,11.0,西西南,0.0,0.0,0.0
1783581464.83,251.1,11.0,西西南,0.0,0.0,0.0
1783581465.908,251.1,11.0,西西南,0.0,0.0,0.0
1783581466.986,251.1,11.0,西西南,0.0,0.0,0.0
1783581468.063,251.1,11.0,西西南,0.0,0.0,0.0
1783581469.141,251.1,11.0,西西南,0.0,0.0,0.0
1783581470.219,251.1,11.0,西西南,0.0,0.0,0.0
1783581471.296,251.1,11.0,西西南,0.0,0.0,0.0
1783581472.375,251.1,11.0,西西南,0.0,0.0,0.0
1783581473.454,251.1,11.0,西西南,0.0,0.0,0.0
1783581474.533,251.1,11.0,西西南,0.0,0.0,0.0
1783581475.612,251.1,11.0,西西南,0.0,0.0,0.0
1783581476.691,251.1,11.0,西西南,0.0,0.0,0.0
1783581477.769,251.1,11.0,西西南,0.0,0.0,0.0
1783581478.846,251.1,11.0,西西南,0.0,0.0,0.0
1783581479.923,251.1,11.0,西西南,0.0,0.0,0.0
1783581481.001,251.1,11.0,西西南,0.0,0.0,0.0
1783581482.079,251.1,11.0,西西南,0.0,0.0,0.0
1783581483.156,251.1,11.0,西西南,0.0,0.0,0.0
1783581484.235,251.1,11.0,西西南,0.0,0.0,0.0
1783581485.313,251.1,11.0,西西南,0.0,0.0,0.0
1783581486.391,251.1,11.0,西西南,0.0,0.0,0.0
1783581487.468,251.1,11.0,西西南,0.0,0.0,0.0
1783581488.547,251.1,11.0,西西南,0.0,0.0,0.0
1783581489.625,251.1,11.0,西西南,0.0,0.0,0.0
1783581490.703,251.1,11.0,西西南,0.0,0.0,0.0
1783581491.782,251.1,11.0,西西南,0.0,0.0,0.0
1783581492.86,251.1,11.0,西西南,0.0,0.0,0.0
1783581493.939,251.1,11.0,西西南,0.0,0.0,0.0
1783581495.099,251.1,11.0,西西南,0.0,0.0,0.0
1783581496.212,251.1,11.0,西西南,0.0,0.0,0.0
1783581497.324,251.1,11.0,西西南,0.0,0.0,0.0
1783581498.432,251.1,11.0,西西南,0.0,0.0,0.0
1783581499.53,251.1,11.0,西西南,0.0,0.0,0.0
1783581500.648,251.1,11.0,西西南,0.0,0.0,0.0
1783581501.778,251.1,11.0,西西南,0.0,0.0,0.0
1783581502.893,251.1,11.0,西西南,0.0,0.0,0.0
1783581503.989,251.1,11.0,西西南,0.0,0.0,0.0
1783581505.109,251.1,11.0,西西南,0.0,0.0,0.0
1783581506.21,251.1,11.0,西西南,0.0,0.0,0.0
1783581507.333,251.1,11.0,西西南,0.0,0.0,0.0
1783581508.422,251.1,11.0,西西南,0.0,0.0,0.0
1783581509.509,251.1,11.0,西西南,0.0,0.0,0.0
1783581510.609,251.1,11.0,西西南,0.0,0.0,0.0
1783582841.67,251.1,11.0,西西南,0.0,0.0,0.0
1783582842.749,251.1,11.0,西西南,0.0,0.0,0.0
1783582843.827,251.1,11.0,西西南,0.0,0.0,0.0
1783582844.905,251.1,11.0,西西南,0.0,0.0,0.0
1783582845.983,251.1,11.0,西西南,0.0,0.0,0.0
1783582847.061,251.1,11.0,西西南,0.0,0.0,0.0
1783582848.139,251.1,11.0,西西南,0.0,0.0,0.0
1783582849.217,251.1,11.0,西西南,0.0,0.0,0.0
1783582850.295,251.1,11.0,西西南,0.0,0.0,0.0
1783582851.374,251.1,11.0,西西南,0.0,0.0,0.0
1783582852.452,251.1,11.0,西西南,0.0,0.0,0.0
1783582853.53,251.1,11.0,西西南,0.0,0.0,0.0
1783582854.609,251.1,11.0,西西南,0.0,0.0,0.0
1783582855.687,251.1,11.0,西西南,0.0,0.0,0.0
1783582856.765,251.1,11.0,西西南,0.0,0.0,0.0
1783582857.843,251.1,11.0,西西南,0.0,0.0,0.0
1783582858.921,251.1,11.0,西西南,0.0,0.0,0.0
1783582860.0,251.1,11.0,西西南,0.0,0.0,0.0
1783582861.08,251.1,11.0,西西南,0.0,0.0,0.0
1783582862.159,251.1,11.0,西西南,0.0,0.0,0.0
1783582863.237,251.1,11.0,西西南,0.0,0.0,0.0
1783582864.314,251.1,11.0,西西南,0.0,0.0,0.0
1783582865.392,251.1,11.0,西西南,0.0,0.0,0.0
1783582866.471,251.1,11.0,西西南,0.0,0.0,0.0
1783582867.549,251.1,11.0,西西南,0.0,0.0,0.0
1783582868.628,251.1,11.0,西西南,0.0,0.0,0.0
1783582869.705,251.1,11.0,西西南,0.0,0.0,0.0
1783582870.783,251.1,11.0,西西南,0.0,0.0,0.0
1783582871.86,251.1,11.0,西西南,0.0,0.0,0.0
1783582872.938,251.1,11.0,西西南,0.0,0.0,0.0
1783582874.016,251.1,11.0,西西南,0.0,0.0,0.0
1783582875.095,251.1,11.0,西西南,0.0,0.0,0.0
1783582876.173,251.1,11.0,西西南,0.0,0.0,0.0
1783582877.251,251.1,11.0,西西南,0.0,0.0,0.0
1783582878.329,251.1,11.0,西西南,0.0,0.0,0.0
1783582879.407,251.1,11.0,西西南,0.0,0.0,0.0
1783582880.489,251.1,11.0,西西南,0.0,0.0,0.0
1783582881.568,251.1,11.0,西西南,0.0,0.0,0.0
1783582882.646,251.1,11.0,西西南,0.0,0.0,0.0
1783582883.724,251.1,11.0,西西南,0.0,0.0,0.0
1783582884.802,251.1,11.0,西西南,0.0,0.0,0.0
1783582885.88,251.1,11.0,西西南,0.0,0.0,0.0
1783582886.958,251.1,11.0,西西南,0.0,0.0,0.0
1783582888.036,251.1,11.0,西西南,0.0,0.0,0.0
1783582889.114,251.1,11.0,西西南,0.0,0.0,0.0
1783582890.192,251.1,11.0,西西南,0.0,0.0,0.0
1783582891.27,251.1,11.0,西西南,0.0,0.0,0.0
1783582892.348,251.1,11.0,西西南,0.0,0.0,0.0
1783582893.426,251.1,11.0,西西南,0.0,0.0,0.0
1783582894.504,251.1,11.0,西西南,0.0,0.0,0.0
1783582895.582,251.1,11.0,西西南,0.0,0.0,0.0
1783582896.66,251.1,11.0,西西南,0.0,0.0,0.0
1783592785.333,251.1,11.0,西西南,0.0,0.0,0.0
1783592786.412,251.1,11.0,西西南,0.0,0.0,0.0
1783592787.49,251.1,11.0,西西南,0.0,0.0,0.0
1783592788.568,251.1,11.0,西西南,0.0,0.0,0.0
1783592789.647,251.1,11.0,西西南,0.0,0.0,0.0
1783592790.724,251.1,11.0,西西南,0.0,0.0,0.0
1783592791.802,251.1,11.0,西西南,0.0,0.0,0.0
1783592792.881,251.1,11.0,西西南,0.0,0.0,0.0
1783592793.959,251.1,11.0,西西南,0.0,0.0,0.0
1783592795.037,251.1,11.0,西西南,0.0,0.0,0.0
1783592796.115,251.1,11.0,西西南,0.0,0.0,0.0
1783592797.192,251.1,11.0,西西南,0.0,0.0,0.0
1783592798.271,251.1,11.0,西西南,0.0,0.0,0.0
1783592799.35,251.1,11.0,西西南,0.0,0.0,0.0
1783592800.428,251.1,11.0,西西南,0.0,0.0,0.0
1783592801.506,251.1,11.0,西西南,0.0,0.0,0.0
1783592802.584,251.1,11.0,西西南,0.0,0.0,0.0
1783592803.662,251.1,11.0,西西南,0.0,0.0,0.0
1783592804.74,251.1,11.0,西西南,0.0,0.0,0.0
1783592805.82,251.1,11.0,西西南,0.0,0.0,0.0
1783592806.898,251.1,11.0,西西南,0.0,0.0,0.0
1783592807.976,251.1,11.0,西西南,0.0,0.0,0.0
1783592809.055,251.1,11.0,西西南,0.0,0.0,0.0
1783592810.132,251.1,11.0,西西南,0.0,0.0,0.0
1783592811.21,251.1,11.0,西西南,0.0,0.0,0.0
1783592812.288,251.1,11.0,西西南,0.0,0.0,0.0
1783592813.365,251.1,11.0,西西南,0.0,0.0,0.0
1783592814.444,251.1,11.0,西西南,0.0,0.0,0.0
1783592815.522,251.1,11.0,西西南,0.0,0.0,0.0
1783592816.6,251.1,11.0,西西南,0.0,0.0,0.0
1783592817.678,251.1,11.0,西西南,0.0,0.0,0.0
1783592818.756,251.1,11.0,西西南,0.0,0.0,0.0
1783592819.834,251.1,11.0,西西南,0.0,0.0,0.0
1783592820.913,251.1,11.0,西西南,0.0,0.0,0.0
1783592821.991,251.1,11.0,西西南,0.0,0.0,0.0
1783592823.068,251.1,11.0,西西南,0.0,0.0,0.0
1783592824.147,251.1,11.0,西西南,0.0,0.0,0.0
1783592825.225,251.1,11.0,西西南,0.0,0.0,0.0
1783592826.303,251.1,11.0,西西南,0.0,0.0,0.0
1783592827.382,251.1,11.0,西西南,0.0,0.0,0.0
1783592828.46,251.1,11.0,西西南,0.0,0.0,0.0
1783592829.538,251.1,11.0,西西南,0.0,0.0,0.0
1783592830.617,251.1,11.0,西西南,0.0,0.0,0.0
1783592831.695,251.1,11.0,西西南,0.0,0.0,0.0
1783592832.774,251.1,11.0,西西南,0.0,0.0,0.0
1783592833.852,251.1,11.0,西西南,0.0,0.0,0.0
1783592834.93,251.1,11.0,西西南,0.0,0.0,0.0
1783592836.008,251.1,11.0,西西南,0.0,0.0,0.0
1783592837.086,251.1,11.0,西西南,0.0,0.0,0.0
1783592838.164,251.1,11.0,西西南,0.0,0.0,0.0
1783592839.242,251.1,11.0,西西南,0.0,0.0,0.0
1783592840.32,251.1,11.0,西西南,0.0,0.0,0.0
1783592841.398,251.1,11.0,西西南,0.0,0.0,0.0
1783592842.477,251.1,11.0,西西南,0.0,0.0,0.0
1783592843.555,251.1,11.0,西西南,0.0,0.0,0.0
1783592844.632,251.1,11.0,西西南,0.0,0.0,0.0
1783592845.742,251.1,11.0,西西南,0.0,0.0,0.0
1783592846.839,251.1,11.0,西西南,0.0,0.0,0.0
1783592847.947,251.1,11.0,西西南,0.0,0.0,0.0
1783592849.045,251.1,11.0,西西南,0.0,0.0,0.0
1783592850.14,251.1,11.0,西西南,0.0,0.0,0.0
1783592851.3,251.1,11.0,西西南,0.0,0.0,0.0
1783592852.394,251.1,11.0,西西南,0.0,0.0,0.0
1783592853.501,251.1,11.0,西西南,0.0,0.0,0.0
1783592854.605,251.1,11.0,西西南,0.0,0.0,0.0
1783592855.718,251.1,11.0,西西南,0.0,0.0,0.0
1783592856.848,251.1,11.0,西西南,0.0,0.0,0.0
1783592857.992,251.1,11.0,西西南,0.0,0.0,0.0
1783592859.116,251.1,11.0,西西南,0.0,0.0,0.0
1783592860.223,251.1,11.0,西西南,0.0,0.0,0.0
1783592861.326,251.1,11.0,西西南,0.0,0.0,0.0
