timestamp,humidity,temperature
1782916602.066,52.9,23.9
1782916607.286,52.8,23.9
1782916612.316,52.8,23.8
1782916617.345,52.6,23.9
1782916622.376,52.6,23.9
1782916627.408,52.7,23.9
1782916632.447,53.0,23.9
1782916637.494,53.4,23.9
1782916642.535,53.6,23.9
1782916647.579,54.1,23.9
1782916652.635,54.7,23.9
1782916657.686,55.4,23.9
1782916662.735,55.9,23.9
1782916667.783,56.2,23.9
1782916672.81,56.8,23.8
1782916677.84,57.3,23.8
1782916682.848,58.0,23.9
1782916687.895,58.2,23.9
1782916692.932,58.1,23.9
1782916697.967,58.1,23.8
1782916703.0,58.5,23.8
1782916708.027,58.9,23.9
1782916713.07,59.3,23.9
1782916718.101,59.8,23.9
1782916723.128,60.1,23.9
1782916728.162,60.6,23.9
1782916733.194,60.9,23.9
1782916738.239,61.4,23.9
1782916743.253,61.9,23.9
1782916748.307,62.0,23.9
1782916753.37,62.1,23.9
1782916758.431,62.2,23.9
1782916763.473,62.4,23.9
1782916768.524,62.6,23.9
1782916773.585,62.9,23.9
1782916778.623,63.0,23.9
1782916783.659,63.0,23.9
1782916788.696,63.1,23.9
1782916793.733,63.2,23.9
1782916798.772,63.2,23.9
1782916803.835,63.3,23.9
1782916808.884,63.6,23.9
1782916813.936,63.6,23.9
1782916818.952,63.6,23.9
1782916824.004,63.8,23.9
1782916829.055,63.8,23.9
1782916834.112,63.8,23.9
1782916839.167,64.0,23.9
1782916844.217,64.2,23.9
1782916849.268,64.2,23.9
1782916854.356,64.3,23.9
1782916859.405,64.4,23.9
1782916864.462,64.4,23.9
1782916869.515,64.4,23.9
1782916874.568,64.4,23.9
1782916879.605,64.5,23.9
1782916884.677,64.6,23.9
1782916889.707,64.6,23.9
1782916894.752,64.8,23.9
1782916899.804,64.9,23.9
1782916904.864,64.9,23.9
1782916909.893,65.2,23.9
1782916914.932,65.3,23.9
1782916919.981,65.3,23.9
1782916925.034,65.3,23.9
1782916930.08,65.4,23.9
1782916935.145,65.3,23.9
1782916940.196,65.4,23.9
1782916945.247,65.6,23.9
1782916950.322,65.7,23.9
1782916955.36,65.7,23.9
1782916960.401,65.8,23.9
1782916965.45,65.9,23.9
1782916970.527,65.9,23.9
1782916975.585,66.0,23.9
1782916980.632,66.0,23.9
1782916985.679,65.9,23.9
1782916990.692,66.0,23.9
1782916995.763,66.1,23.9
1782917000.802,66.4,23.9
1782917005.854,66.4,23.9
1782917010.888,66.4,23.9
1782917015.936,66.6,23.9
1782917020.967,66.7,23.9
1782917026.03,66.8,23.9
1782917031.093,66.8,23.9
1782917036.133,66.7,23.9
1782917041.179,66.8,23.9
1782917046.213,66.9,23.9
1782917051.249,67.0,23.9
1782917056.269,66.9,24.0
1782917061.305,66.9,24.0
1782917066.312,66.9,24.0
1782917071.34,67.0,24.0
1782917076.368,67.1,23.9
1782917081.408,67.0,24.0
1782917086.446,67.0,24.0
1782917091.482,66.9,24.0
1782917096.511,66.8,24.0
1782917101.546,66.6,24.0
1782917106.58,66.5,24.0
1782917111.609,66.2,24.0
1782917116.637,65.8,24.0
1782917121.666,65.6,23.9
1782917126.672,65.4,24.0
1782917131.707,65.0,24.0
1782917136.744,64.3,24.0
1782917141.805,63.9,24.0
1782917146.853,63.6,24.0
1782917151.912,63.4,24.0
1782917156.957,63.3,24.0
1782917162.007,63.1,24.0
1782917167.117,62.9,24.0
1782917172.191,62.5,24.0
1782917177.203,62.3,24.0
1782917182.264,61.7,24.0
1782917187.325,61.2,24.0
1782917192.388,61.0,24.0
1782917197.404,60.3,24.0
1782917202.455,60.1,24.0
1782917207.504,60.1,23.9
1782917212.579,59.9,24.0
1782917217.614,59.2,23.9
1782917222.653,58.7,23.9
1782917227.685,58.5,24.0
1782917232.715,58.2,23.9
1782917237.743,57.8,23.9
1782917242.784,57.7,23.9
1782917247.859,57.5,23.9
1782917252.93,57.1,23.9
1782917257.976,57.0,23.9
1782917263.026,57.0,23.9
1782917268.04,56.7,23.9
1782917273.101,56.5,23.9
1782917278.146,56.5,23.9
1782917283.202,56.3,23.9
1782917288.26,56.0,23.9
1782917293.311,56.0,23.9
1782917298.36,56.1,23.9
1782917303.423,55.8,23.9
1782917308.463,55.8,23.9
1782917313.49,55.6,23.9
1782917318.52,55.3,23.9
1782917323.562,55.1,23.9
1782917328.591,55.1,23.9
1782917333.628,55.0,23.9
1782917338.691,54.9,23.9
1782917343.707,54.9,23.9
1782917348.768,54.7,23.9
1782917353.803,54.4,23.9
1782917358.853,54.4,23.9
1782917363.903,54.2,23.9
1782917368.965,54.0,23.9
1782917374.005,54.0,23.9
1782917379.067,53.8,23.9
1782917384.14,53.9,23.9
1782917389.19,53.8,23.9
1782917394.221,53.7,23.9
1782917399.265,53.8,23.9
1782917404.313,53.7,23.9
1782917409.374,53.5,23.9
1782917414.424,53.4,23.9
1782917419.462,53.4,23.9
1782917424.476,53.1,23.9
1782917429.538,53.0,23.9
1782917434.589,52.9,23.9
1782917439.627,52.8,23.9
1782917444.673,52.8,23.9
1782917449.711,52.9,23.8
1782917454.748,53.1,23.8
1782917459.797,53.3,23.8
1782917464.831,53.5,23.9
1782917469.861,53.9,23.8
1782917474.884,54.5,23.8
1782917479.921,55.1,23.8
1782917484.94,55.5,23.8
1782917489.963,55.7,23.9
1782917494.984,56.1,23.8
1782917500.025,56.9,23.8
1782917505.086,57.6,23.8
1782917510.136,58.0,23.8
1782917515.186,58.3,23.9
1782917520.234,58.8,23.9
1782917525.295,59.3,23.9
1782917530.334,59.5,23.9
1782917535.381,59.8,23.9
1782917540.442,60.5,23.8
1782917545.497,60.9,23.9
1782917550.529,60.9,23.9
1782917555.562,61.3,23.8
1782917560.59,61.7,23.9
1782917565.6,62.1,23.9
1782917570.635,62.1,23.9
1782917575.657,62.2,23.9
1782917580.692,62.5,23.9
1782917585.723,62.7,23.8
1782917590.743,62.9,23.9
1782917595.776,62.9,23.9
1782917600.81,63.1,23.9
1782917605.838,63.2,23.9
1782917610.858,63.2,23.9
1782917615.89,63.1,23.9
1782917620.927,63.3,23.9
1782917625.953,63.4,23.9
1782917631.0,63.6,23.9
1782917636.037,63.7,23.9
1782917641.086,63.6,23.9
1782917646.148,63.7,23.9
1782917651.196,63.8,23.9
1782917656.244,64.0,23.9
1782917661.293,64.1,23.9
1782917666.314,64.1,23.9
1782917671.336,64.1,23.9
1782917676.382,64.2,23.9
1782917681.408,64.3,23.9
1782917686.451,64.5,23.9
1782917691.498,64.5,23.9
1782917696.512,64.6,23.9
1782917701.572,64.6,23.9
1782917706.621,64.5,23.9
1782917711.639,64.5,23.9
1782917716.687,64.6,23.9
1782917721.759,64.9,23.9
1782917726.809,65.0,23.9
1782917731.86,65.1,23.9
1782917736.921,65.2,23.9
1782917741.953,65.3,23.9
1782917746.993,65.3,23.9
1782917752.041,65.3,23.9
1782917757.089,65.5,23.9
1782917762.105,65.7,23.9
1782917767.154,65.6,23.9
1782917772.216,65.5,23.9
1782917777.264,65.5,23.9
1782917782.3,65.7,23.9
1782917787.366,65.9,23.9
1782917792.398,66.0,23.9
1782917797.429,66.0,23.9
1782917802.527,66.0,23.9
1782917807.572,66.1,23.9
1782917812.632,66.2,23.9
1782917817.691,66.2,23.9
1782917822.741,66.1,23.9
1782917827.79,66.2,23.9
1782917832.803,66.4,23.9
1782917837.863,66.5,23.9
1782917842.896,66.6,23.9
1782917847.953,66.8,23.9
1782917852.99,66.8,23.9
1782917858.036,66.8,23.9
1782917863.098,66.9,23.9
1782917868.132,66.9,23.9
1782917873.166,67.0,23.9
1782917878.225,66.9,23.9
1782917883.274,66.9,24.0
1782917888.3,67.1,23.9
1782917893.362,67.1,23.9
1782917898.421,67.3,23.9
1782917903.47,67.2,23.9
1782917908.495,67.2,23.9
1782917913.529,67.2,24.0
1782917918.578,67.3,24.0
1782917923.638,67.4,24.0
1782917928.687,67.3,23.9
1782917933.724,67.1,24.0
1782917938.751,67.0,24.0
1782917943.785,66.8,24.0
1782917948.807,66.5,23.9
1782917953.84,66.3,23.9
1782917958.879,66.0,24.0
1782917963.907,65.7,24.0
1782917968.929,65.4,24.0
1782917973.956,64.9,24.0
1782917978.968,64.4,23.9
1782917983.996,64.3,24.0
1782917989.022,64.2,24.0
1782917994.055,64.0,24.0
1782917999.104,63.7,24.0
1782918004.173,63.3,24.0
1782918009.222,62.9,24.0
1782918014.271,62.3,24.0
1782918019.32,62.0,23.9
1782918024.369,61.5,23.9
1782918029.408,61.4,24.0
1782918034.478,61.2,23.9
1782918039.518,61.0,24.0
1782918044.563,60.8,23.9
1782918049.578,60.5,23.9
1782918054.628,59.8,23.9
1782918059.701,59.2,24.0
1782918064.75,59.1,24.0
1782918069.788,58.9,24.0
1782918074.825,58.4,23.9
1782918079.885,57.9,23.9
1782918084.926,57.8,23.9
1782918089.954,57.6,23.9
1782918094.987,57.5,23.9
1782918100.015,57.5,23.9
1782918105.038,57.2,23.9
1782918110.07,57.1,23.9
1782918115.114,56.8,23.9
1782918120.162,56.7,23.9
1782918125.188,56.4,23.9
1782918130.225,56.4,23.9
1782918135.274,56.3,23.9
1782918140.323,55.9,23.9
1782918145.38,55.9,23.9
1782918150.416,55.6,23.9
1782918155.465,55.3,23.9
1782918160.535,55.2,23.9
1782918165.569,55.3,23.9
1782918170.627,55.2,23.9
1782918175.685,55.0,23.9
1782918180.734,54.9,23.9
1782918185.772,54.8,23.9
1782918190.831,54.5,23.9
1782918195.87,54.5,23.9
1782918200.928,54.5,23.9
1782918205.944,54.6,23.9
1782918211.002,54.2,23.9
1782918216.039,54.0,23.9
1782918221.1,54.0,23.9
1782918226.149,54.0,23.9
1782918231.197,54.1,23.9
1782918236.245,53.8,23.9
1782918241.292,53.7,23.9
1782918246.328,53.4,23.9
1782918251.376,53.2,23.9
1782918256.447,53.1,23.9
1782918261.504,53.0,23.8
1782918266.542,53.2,23.8
1782918271.583,53.2,23.8
1782918276.624,52.9,23.8
1782918281.652,52.9,23.8
1782918286.721,52.9,23.8
1782918291.737,53.0,23.8
1782918296.786,53.4,23.8
1782918301.829,53.8,23.8
1782918306.876,54.1,23.8
1782918311.947,54.7,23.8
1782918317.006,55.0,23.8
1782918322.043,55.3,23.8
1782918327.081,55.5,23.8
1782918332.139,55.7,23.8
1782918337.187,56.2,23.8
1782918342.236,56.5,23.8
1782918347.283,56.7,23.8
1782918352.327,57.8,23.8
1782918357.376,58.8,23.8
1782918362.436,59.3,23.8
1782918367.474,59.4,23.8
1782918372.497,59.4,23.8
1782918377.545,60.2,23.8
1782918382.594,60.5,23.8
1782918387.641,60.6,23.8
1782918392.689,60.7,23.9
1782918397.755,61.2,23.8
1782918402.789,61.6,23.8
1782918407.837,61.7,23.8
1782918412.896,61.9,23.9
1782918417.945,61.9,23.8
1782918422.983,62.2,23.9
1782918428.053,62.4,23.9
1782918433.101,62.5,23.9
1782918438.144,62.7,23.8
1782918443.192,62.9,23.8
1782918448.24,63.1,23.8
1782918453.267,63.3,23.9
1782918458.326,63.5,23.8
1782918463.364,63.6,23.8
1782918468.412,63.7,23.8
1782918473.46,63.8,23.8
1782918478.507,63.8,23.8
1782918483.556,63.8,23.8
1782918488.605,63.7,23.9
1782918493.664,63.8,23.8
1782918498.712,64.1,23.8
1782918503.739,64.1,23.9
1782918508.811,64.2,23.8
1782918513.87,64.2,23.9
1782918518.917,64.3,23.9
1782918523.965,64.3,23.8
1782918529.012,64.5,23.8
1782918534.028,64.5,23.8
1782918539.088,64.5,23.9
1782918544.132,64.6,23.9
1782918549.168,64.7,23.9
1782918554.198,64.8,23.9
1782918559.226,64.8,23.9
1782918564.254,64.8,23.9
1782918569.289,65.0,23.9
1782918574.317,65.1,23.8
1782918579.355,65.1,23.9
1782918584.413,65.1,23.9
1782918589.451,65.1,23.9
1782918594.507,65.1,23.9
1782918599.543,65.1,23.9
1782918604.567,65.2,23.9
1782918609.622,65.3,23.8
1782918614.671,65.6,23.9
1782918619.704,65.7,23.9
1782918624.763,66.0,23.8
1782918629.812,66.1,23.9
1782918634.86,66.1,23.8
1782918639.898,66.1,23.9
1782918644.946,66.1,23.9
1782918649.997,66.1,23.9
1782918655.027,66.2,23.9
1782918660.052,66.3,23.9
1782918665.082,66.3,23.9
1782918670.11,66.4,23.9
1782918675.137,66.4,23.9
1782918680.148,66.4,23.9
1782918685.176,66.4,23.9
1782918690.203,66.5,23.9
1782918695.236,66.6,23.9
1782918700.256,66.7,23.9
1782918705.288,66.8,23.9
1782918710.334,66.8,23.9
1782918715.378,67.0,23.9
1782918720.412,67.1,23.9
1782918725.458,67.1,23.9
1782918730.517,67.1,23.9
1782918735.565,67.2,23.9
1782918740.613,67.2,23.9
1782918745.629,67.0,23.9
1782918750.678,67.1,23.9
1782918755.736,67.2,23.9
1782918760.793,67.4,23.9
1782918765.839,67.4,23.9
1782918770.888,67.5,23.9
1782918775.925,67.7,23.9
1782918780.961,67.6,23.9
1782918786.02,67.6,23.9
1782918791.068,67.7,23.9
1782918796.09,67.6,23.9
1782918801.114,67.6,23.9
1782918806.15,67.8,24.0
1782918811.173,67.8,23.9
1782918816.205,67.8,23.9
1782918821.212,68.0,24.0
1782918826.24,68.0,24.0
1782918831.269,68.1,23.9
1782918836.288,68.0,24.0
1782918841.322,67.9,24.0
1782918846.354,67.7,24.0
1782918851.379,67.4,24.0
1782918856.398,67.2,24.0
1782918861.428,67.0,24.0
1782918866.461,66.6,24.0
1782918871.485,66.3,24.0
1782918876.493,66.1,24.0
1782918881.519,65.9,24.0
1782918886.544,65.5,24.0
1782918891.582,65.2,23.9
1782918896.611,64.8,24.0
1782918901.649,64.5,24.0
1782918906.714,64.2,24.0
1782918911.758,63.6,24.0
1782918916.791,63.3,23.9
1782918921.819,63.2,24.0
1782918926.843,62.5,23.9
1782918931.869,62.2,24.0
1782918936.892,62.3,24.0
1782918941.901,61.9,24.0
1782918946.925,61.5,24.0
1782918951.953,61.4,23.9
1782918956.978,61.0,24.0
1782918962.001,60.3,24.0
1782918967.022,59.7,23.9
1782918972.051,59.5,23.9
1782918977.071,59.0,23.9
1782918982.097,58.8,23.9
1782918987.116,58.9,23.9
1782918992.143,58.7,23.9
1782918997.168,58.4,24.0
1782919002.176,58.2,23.9
1782919007.206,57.8,23.9
1782919012.234,57.4,23.9
1782919017.254,56.9,23.9
1782919022.285,56.9,23.9
1782919027.309,56.7,23.9
1782919032.327,56.5,23.9
1782919037.339,56.4,23.9
1782919042.361,56.5,23.9
1782919047.387,56.5,23.9
1782919052.408,56.2,23.9
1782919057.439,56.1,23.9
1782919062.449,56.0,23.9
1782919067.469,55.6,23.9
1782919072.502,55.4,23.9
1782919077.517,55.4,23.9
1782919082.541,55.3,23.9
1782919087.569,55.2,23.9
1782919092.589,55.2,23.9
1782919097.617,55.0,23.9
1782919102.652,55.1,23.9
1782919107.677,55.1,23.9
1782919112.697,54.9,23.9
1782919117.712,54.8,23.9
1782919122.734,54.6,23.9
1782919127.748,54.5,23.9
1782919132.762,54.0,23.9
1782919137.776,53.8,23.9
1782919142.796,53.7,23.9
1782919147.814,53.5,23.9
1782919152.83,53.6,23.9
1782919157.848,53.7,23.8
1782919162.862,53.5,23.8
1782919167.876,53.3,23.9
1782919172.88,53.3,23.8
1782919177.896,53.1,23.8
1782919182.912,53.1,23.8
1782919187.931,53.2,23.8
1782919192.945,53.3,23.8
1782919197.958,53.4,23.8
1782919202.978,53.6,23.8
1782919207.99,53.9,23.8
1782919213.004,54.2,23.8
1782919218.024,54.6,23.8
1782919223.036,55.3,23.8
1782919228.042,55.7,23.8
1782919233.054,55.9,23.8
1782919238.068,56.6,23.8
1782919243.083,57.4,23.8
1782919248.102,57.8,23.8
1782919253.112,58.4,23.9
1782919258.13,58.7,23.8
1782919263.148,58.9,23.8
1782919268.164,59.6,23.8
1782919273.181,59.7,23.8
1782919278.188,59.9,23.8
1782919283.204,60.1,23.8
1782919288.222,60.4,23.8
1782919293.232,61.0,23.8
1782919298.245,61.2,23.8
1782919303.263,61.5,23.8
1782919308.28,61.9,23.8
1782919313.301,62.1,23.8
1782919318.33,62.4,23.9
1782919323.357,62.5,23.8
1782919328.382,62.7,23.8
1782919333.388,62.9,23.8
1782919338.42,63.1,23.8
1782919343.439,63.1,23.8
1782919348.469,63.1,23.8
1782919353.496,63.3,23.8
1782919358.521,63.5,23.9
1782919363.551,63.6,23.8
1782919368.576,63.7,23.8
1782919373.592,63.7,23.8
1782919378.609,63.9,23.8
1782919383.626,64.1,23.8
1782919388.64,64.1,23.8
1782919393.649,64.0,23.8
1782919398.665,64.1,23.8
1782919403.685,64.2,23.8
1782919408.699,64.5,23.8
1782919413.714,64.5,23.9
1782919418.728,64.5,23.8
1782919423.74,64.6,23.8
1782919428.748,64.6,23.8
1782919433.766,64.6,23.8
1782919438.782,64.8,23.8
1782919443.788,65.0,23.9
1782919448.8,65.1,23.8
1782919453.816,65.2,23.8
1782919458.832,65.3,23.8
1782919463.848,65.2,23.8
1782919468.863,65.2,23.8
1782919473.876,65.3,23.9
1782919478.899,65.3,23.9
1782919483.928,65.3,23.9
1782919488.948,65.4,23.9
1782919493.974,65.5,23.9
1782919498.98,65.5,23.8
1782919504.01,65.5,23.9
1782919509.038,65.7,23.8
1782919514.063,65.7,23.9
1782919519.08,65.8,23.9
1782919524.103,65.9,23.9
1782919529.122,66.0,23.9
1782919534.152,66.1,23.9
1782919539.181,66.2,23.9
1782919544.203,66.2,23.9
1782919549.228,66.3,23.9
1782919554.256,66.3,23.9
1782919559.269,66.4,23.9
1782919564.287,66.6,23.9
1782919569.307,66.7,23.9
1782919574.331,66.7,23.9
1782919579.358,66.9,23.9
1782919584.385,67.1,23.9
1782919589.406,67.1,23.9
1782919594.435,67.2,23.9
1782919599.46,67.2,23.9
1782919604.488,67.3,23.9
1782919609.508,67.3,23.9
1782919614.533,67.2,23.9
1782919619.543,67.1,23.9
1782919624.575,67.2,23.9
1782919629.593,67.3,23.9
1782919634.618,67.5,23.9
1782919639.653,67.5,23.9
1782919644.677,67.6,23.9
1782919649.692,67.6,23.9
1782919654.729,67.6,23.9
1782919659.749,67.7,23.9
1782919664.777,67.8,23.9
1782919669.799,67.7,23.9
1782919674.823,67.8,23.9
1782919679.833,67.9,23.9
1782919684.865,67.8,23.9
1782919689.887,67.8,23.9
1782919694.906,67.9,23.9
1782919699.936,67.9,23.9
1782919704.958,67.9,23.9
1782919709.984,68.0,23.9
1782919715.017,68.3,23.9
1782919720.041,68.5,23.9
1782919725.059,68.4,23.9
1782919730.087,68.3,23.9
1782919735.095,68.4,23.9
1782919740.119,68.4,23.9
1782919745.144,68.2,23.9
1782919750.169,68.0,23.9
1782919755.199,67.8,24.0
1782919760.228,67.6,23.9
1782919765.246,67.3,23.9
1782919770.263,67.2,24.0
1782919775.281,66.8,23.9
1782919780.297,66.3,24.0
1782919785.308,65.9,23.9
1782919790.329,65.5,24.0
1782919795.337,65.1,23.9
1782919800.353,65.0,23.9
1782919805.372,64.8,23.9
1782919810.385,64.6,23.9
1782919815.4,64.2,23.9
1782919820.413,63.6,23.9
1782919825.42,63.3,23.9
1782919830.439,63.0,23.9
1782919835.456,62.8,24.0
1782919840.472,62.6,23.9
1782919845.48,62.3,23.9
1782919850.495,61.8,23.9
1782919855.507,61.0,23.9
1782919860.53,60.5,23.9
1782919865.544,60.2,23.9
1782919870.557,59.9,23.9
1782919875.574,59.6,23.9
1782919880.596,59.5,23.9
1782919885.62,59.2,23.9
1782919890.651,59.0,23.9
1782919895.675,58.7,23.9
1782919900.681,58.5,23.9
1782919905.706,58.4,23.9
1782919910.735,58.1,23.9
1782919915.755,58.0,23.9
1782919920.787,57.6,23.9
1782919925.806,57.3,23.9
1782919930.83,57.1,23.9
1782919935.861,56.9,23.9
1782919940.877,57.0,23.9
1782919945.897,56.9,23.9
1782919950.933,56.6,23.9
1782919955.958,56.5,23.9
1782919960.967,56.5,23.9
1782919965.992,56.5,23.9
1782919971.015,56.3,23.9
1782919976.045,56.1,23.9
1782919981.071,55.9,23.9
1782919986.096,56.0,23.9
1782919991.125,56.0,23.9
1782919996.148,55.8,23.9
1782920001.173,55.7,23.9
1782920006.193,55.3,23.9
1782920011.223,55.2,23.9
1782920016.233,55.1,23.9
1782920021.263,55.0,23.9
1782920026.282,54.7,23.9
1782920031.307,54.7,23.9
1782920036.341,54.6,23.9
1782920041.363,54.5,23.9
1782920046.389,54.3,23.8
1782920051.412,54.1,23.8
1782920056.433,54.0,23.8
1782920061.45,54.0,23.8
1782920066.475,53.9,23.8
1782920071.502,53.7,23.8
1782920076.512,53.4,23.8
1782920081.536,53.2,23.8
1782920086.566,53.1,23.8
1782920091.585,53.1,23.8
1782920096.619,53.1,23.8
1782920101.64,53.3,23.8
1782920106.665,53.4,23.8
1782920111.696,53.7,23.8
1782920116.717,54.0,23.8
1782920121.734,54.4,23.8
1782920126.763,54.8,23.8
1782920131.789,55.4,23.8
1782920136.799,56.1,23.8
1782920141.823,56.4,23.8
1782920146.854,56.7,23.8
1782920151.874,57.2,23.8
1782920156.903,57.7,23.8
1782920161.929,58.2,23.8
1782920166.954,58.8,23.8
1782920171.982,59.2,23.8
1782920177.003,59.8,23.8
1782920182.022,60.3,23.8
1782920187.055,60.5,23.8
1782920192.065,60.7,23.8
1782920197.088,60.8,23.8
1782920202.112,61.3,23.8
1782920207.136,61.7,23.8
1782920212.17,62.1,23.8
1782920217.19,62.1,23.8
1782920222.2,62.2,23.8
1782920227.232,62.3,23.8
1782920232.254,62.5,23.8
1782920237.283,62.5,23.8
1782920242.309,62.9,23.8
1782920247.334,63.0,23.8
1782920252.343,63.2,23.8
1782920257.375,63.3,23.8
1782920262.399,63.5,23.8
1782920267.413,63.5,23.8
1782920272.435,63.6,23.8
1782920277.457,63.7,23.8
1782920282.476,63.9,23.8
1782920287.512,64.0,23.8
1782920292.539,64.2,23.8
1782920297.554,64.4,23.8
1782920302.583,64.4,23.8
1782920307.593,64.5,23.8
1782920312.616,64.5,23.8
1782920317.637,64.5,23.8
1782920322.656,64.6,23.8
1782920327.68,64.7,23.8
1782920332.71,64.7,23.8
1782920337.734,64.7,23.8
1782920342.76,64.9,23.8
1782920347.786,65.0,23.8
1782920352.806,65.0,23.8
1782920357.826,65.1,23.8
1782920362.859,65.2,23.8
1782920367.868,65.3,23.8
1782920372.892,65.3,23.8
1782920377.914,65.5,23.8
1782920382.939,65.5,23.8
1782920387.965,65.5,23.8
1782920392.999,65.6,23.8
1782920398.015,65.7,23.8
1782920403.04,65.6,23.8
1782920408.069,65.6,23.8
1782920413.097,65.9,23.8
1782920418.114,66.1,23.8
1782920423.143,66.3,23.8
1782920428.153,66.4,23.8
1782920433.177,66.4,23.8
1782920438.208,66.3,23.8
1782920443.232,66.3,23.8
1782920448.26,66.4,23.8
1782920453.284,66.4,23.8
1782920458.303,66.6,23.9
1782920463.337,66.7,23.9
1782920468.355,67.0,23.9
1782920473.376,67.1,23.9
1782920478.399,67.1,23.8
1782920483.407,67.1,23.9
1782920488.437,67.1,23.8
1782920493.468,67.0,23.8
1782920498.486,66.9,23.9
1782920503.51,67.0,23.9
1782920508.538,66.9,23.8
1782920513.566,67.2,23.9
1782920518.586,67.5,23.9
1782920523.607,67.5,23.9
1782920528.632,67.4,23.9
1782920533.649,67.4,23.9
1782920538.682,67.3,23.9
1782920543.692,67.3,23.9
1782920548.716,67.5,23.9
1782920553.747,67.7,23.9
1782920558.766,67.8,23.9
1782920563.79,67.9,23.9
1782920568.813,67.9,23.9
1782920573.83,68.0,23.9
1782920578.849,68.1,23.9
1782920583.881,68.3,23.9
1782920588.915,68.3,23.9
1782920593.93,68.2,23.9
1782920598.942,68.1,23.9
1782920603.963,68.1,23.9
1782920608.987,68.3,23.9
1782920614.024,68.5,23.9
1782920619.038,68.5,23.9
1782920624.063,68.5,23.9
1782920629.093,68.7,23.9
1782920634.113,68.7,23.9
1782920639.149,68.6,23.9
1782920644.178,68.6,23.9
1782920649.199,68.6,23.9
1782920654.219,68.6,23.9
1782920659.233,68.7,23.9
1782920664.257,68.9,23.9
1782920669.282,68.9,23.9
1782920674.308,68.7,24.0
1782920679.331,68.6,23.9
1782920684.367,68.5,23.9
1782920689.389,68.3,23.9
1782920694.408,68.0,23.9
1782920699.439,67.6,23.9
1782920704.463,67.0,24.0
1782920709.482,66.6,24.0
1782920714.507,66.3,23.9
1782920719.517,66.2,24.0
1782920724.535,65.8,24.0
1782920729.567,65.5,23.9
1782920734.592,65.4,24.0
1782920739.621,65.2,24.0
1782920744.649,65.1,23.9
1782920749.674,64.6,24.0
1782920754.685,64.2,23.9
1782920759.712,63.8,23.9
1782920764.739,63.4,23.9
1782920769.763,63.4,23.9
1782920774.772,63.3,23.9
1782920779.796,63.1,23.9
1782920784.827,62.6,23.9
1782920789.857,62.1,23.9
1782920794.874,61.7,23.9
1782920799.89,61.6,23.9
1782920804.914,61.4,23.9
1782920809.938,60.6,23.9
1782920814.959,60.4,23.9
1782920819.989,60.0,23.9
1782920825.013,59.6,23.9
1782920830.038,59.6,23.9
1782920835.053,59.5,23.9
1782920840.078,59.2,23.9
1782920845.096,58.8,23.9
1782920850.119,58.6,23.9
1782920855.138,58.4,23.9
1782920860.161,58.1,23.9
1782920865.195,57.8,23.9
1782920870.22,57.7,23.9
1782920875.239,57.3,23.9
1782920880.269,57.1,23.9
1782920885.293,57.1,23.9
1782920890.307,57.0,23.9
1782920895.332,56.7,23.9
1782920900.356,56.4,23.9
1782920905.38,56.3,23.9
1782920910.411,56.1,23.9
1782920915.435,55.9,23.9
1782920920.463,56.0,23.9
1782920925.488,55.9,23.9
1782920930.499,55.6,23.9
1782920935.52,55.2,23.9
1782920940.537,55.3,23.9
1782920945.55,55.3,23.9
1782920950.556,55.0,23.9
1782920955.569,55.0,23.9
1782920960.585,54.8,23.9
1782920965.618,54.6,23.9
1782920970.638,54.6,23.9
1782920975.652,54.5,23.9
1782920980.686,54.4,23.9
1782920985.711,54.2,23.9
1782920990.734,54.3,23.8
1782920995.763,54.0,23.8
1782921000.789,54.1,23.8
1782921005.798,54.1,23.8
1782921010.822,53.8,23.8
1782921015.85,53.3,23.8
1782921020.868,53.3,23.8
1782921025.897,53.4,23.8
1782921030.924,53.5,23.8
1782921035.946,53.6,23.8
1782921040.979,53.8,23.8
1782921046.003,54.3,23.8
1782921051.022,54.9,23.8
1782921056.047,55.5,23.8
1782921061.073,56.0,23.8
1782921066.083,56.3,23.8
1782921071.104,56.7,23.8
1782921076.128,56.9,23.8
1782921081.158,57.1,23.8
1782921086.186,57.2,23.8
1782921091.212,57.4,23.8
1782921096.231,57.8,23.8
1782921101.254,58.0,23.8
1782921106.275,58.0,23.8
1782921111.298,57.7,23.8
1782921116.326,57.7,23.8
1782921121.349,57.6,23.8
1782921126.361,57.7,23.8
1782921131.386,57.9,23.8
1782921136.41,58.0,23.8
1782921141.443,58.1,23.9
1782921146.467,58.3,23.8
1782921151.484,58.6,23.8
1782921156.513,58.8,23.8
1782921161.534,58.7,23.9
1782921166.558,58.6,23.9
1782921171.581,58.8,23.9
1782921176.606,58.8,23.9
1782921181.62,58.5,23.9
1782921186.651,58.1,23.9
1782921191.675,57.8,23.9
1782921196.692,57.6,23.8
1782921201.721,57.7,23.9
1782921206.736,57.8,23.9
1782921211.76,58.1,23.9
1782921216.794,58.5,23.9
1782921221.818,58.8,23.9
1782921226.843,59.2,23.9
1782921231.87,59.6,23.9
1782921236.89,59.8,23.9
1782921241.902,60.0,23.9
1782921246.928,60.2,23.9
1782921251.952,60.4,23.9
1782921256.976,60.7,23.9
1782921262.006,61.0,23.9
1782921267.029,61.3,23.9
1782921272.052,61.6,23.9
1782921277.085,61.8,23.9
1782921282.1,62.1,23.9
1782921287.118,62.3,23.9
1782921292.15,62.5,23.9
1782921297.156,62.5,24.0
1782921302.18,62.0,24.0
1782921307.204,61.3,24.0
1782921312.228,60.9,23.9
1782921317.257,60.3,23.9
1782921322.277,59.9,23.9
1782921327.287,60.0,24.0
1782921332.304,60.3,24.0
1782921337.318,60.2,24.0
1782921342.33,59.9,24.0
1782921347.342,59.7,24.0
1782921352.349,60.1,24.0
1782921357.362,61.2,24.0
1782921362.379,62.0,24.0
1782921367.39,62.3,24.0
1782921372.4,62.1,24.0
1782921377.416,61.8,24.0
1782921382.429,61.5,24.0
1782921387.44,61.0,24.0
1782921392.457,60.8,24.0
1782921397.466,60.9,24.0
1782921402.477,61.6,24.0
1782921407.484,62.1,24.0
1782921412.496,62.4,24.0
1782921417.508,62.8,24.0
1782921422.525,62.9,24.0
1782921427.539,62.9,24.1
1782921432.554,63.0,24.0
1782921437.566,62.9,24.1
1782921442.577,63.0,24.1
1782921447.587,63.3,24.1
1782921452.597,63.4,24.1
1782921457.604,63.4,24.1
1782921462.616,63.5,24.1
1782921467.629,63.4,24.1
1782921472.642,63.1,24.1
1782921477.655,62.8,24.1
1782921482.67,62.7,24.1
1782921487.683,62.8,24.1
1782921492.697,63.1,24.1
1782921497.704,63.3,24.1
1782921502.715,63.8,24.1
1782921507.73,64.1,24.1
1782921512.736,64.4,24.1
1782921517.75,64.4,24.1
1782921522.76,64.4,24.1
1782921527.777,64.5,24.1
1782921532.79,64.6,24.2
1782921537.803,64.7,24.1
1782921542.815,64.7,24.1
1782921547.829,64.7,24.2
1782921552.842,64.7,24.1
1782921557.853,64.7,24.2
1782921562.859,64.7,24.2
1782921567.871,64.7,24.2
1782921572.884,64.7,24.2
1782921577.905,64.8,24.2
1782921582.917,64.8,24.2
1782921587.928,64.8,24.2
1782921592.942,64.8,24.2
1782921597.951,64.8,24.2
