timestamp,位移X,位移Y,位移Z,加速度X,加速度Y,加速度Z,加速度幅值X,加速度幅值Y,加速度幅值Z,温度,速度X,速度Y,速度Z,频率X,频率Y,频率Z
1782916602.261,0.0,0.0,0.0,0.0,0.0,0.0,0.0,0.0,0.0,26.41,0.0,0.0,0.0,0.0,0.0,0.0
1782916607.276,0.0,0.0,0.0,0.0,0.0,0.0,0.0,0.0,0.0,26.4,0.0,0.0,0.0,0.0,0.0,0.0
1782916612.337,0.0,0.0,0.0,0.0,0.0,0.0,0.0,0.0,0.0,26.4,0.0,0.0,0.0,0.0,0.0,0.0
1782916617.358,0.0,0.0,0.0,0.0,0.0,0.0,0.0,0.0,0.0,26.39,0.0,0.0,0.0,0.0,0.0,0.0
1782916622.396,0.0,0.0,0.0,0.0,0.0,0.0,0.0,0.0,0.0,26.39,0.0,0.0,0.0,0.0,0.0,0.0
1782916627.421,0.0,0.0,0.0,0.0,0.0,0.0,0.0,0.0,0.0,26.38,0.0,0.0,0.0,0.0,0.0,0.0
1782916632.453,0.0,0.0,0.0,0.0,0.0,0.0,0.0,0.0,0.0,26.38,0.0,0.0,0.0,0.0,0.0,0.0
1782916637.506,0.0,0.0,0.0,0.0,0.0,0.0,0.0,0.0,0.0,26.38,0.0,0.0,0.0,0.0,0.0,0.0
1782916642.56,0.0,0.0,0.0,0.0,0.0,0.0,0.0,0.0,0.0,26.38,0.0,0.0,0.0,0.0,0.0,0.0
1782916647.602,0.0,0.0,0.0,0.0,0.0,0.0,0.0,0.0,0.0,26.38,0.0,0.0,0.0,0.0,0.0,0.0
1782916652.641,0.0,0.0,0.0,0.0,0.0,0.0,0.0,0.0,0.0,26.37,0.0,0.0,0.0,0.0,0.0,0.0
1782916657.673,0.0,0.0,0.0,0.0,0.0,0.0,0.0,0.0,0.0,26.37,0.0,0.0,0.0,0.0,0.0,0.0
1782916662.723,0.0,0.0,0.0,0.0,0.0,0.0,0.0,0.0,0.0,26.37,0.0,0.0,0.0,0.0,0.0,0.0
1782916667.776,0.0,0.0,0.0,0.0,0.0,0.0,0.0,0.0,0.0,26.37,0.0,0.0,0.0,0.0,0.0,0.0
1782916672.791,0.0,0.0,0.0,0.0,0.0,0.0,0.0,0.0,0.0,26.37,0.0,0.0,0.0,0.0,0.0,0.0
1782916677.82,0.0,0.0,0.0,0.0,0.0,0.0,0.0,0.0,0.0,26.37,0.0,0.0,0.0,0.0,0.0,0.0
1782916682.861,0.0,0.0,0.0,0.0,0.0,0.0,0.0,0.0,0.0,26.37,0.0,0.0,0.0,0.0,0.0,0.0
1782916687.905,0.0,0.0,0.0,0.0,0.0,0.0,0.0,0.0,0.0,26.37,0.0,0.0,0.0,0.0,0.0,0.0
1782916692.945,0.0,0.0,0.0,0.0,0.0,0.0,0.0,0.0,0.0,26.37,0.0,0.0,0.0,0.0,0.0,0.0
1782916697.974,0.0,0.0,0.0,0.0,0.0,0.0,0.0,0.0,0.0,26.37,0.0,0.0,0.0,0.0,0.0,0.0
1782916702.992,0.0,0.0,0.0,0.0,0.0,0.0,0.0,0.0,0.0,26.37,0.0,0.0,0.0,0.0,0.0,0.0
1782916708.02,0.0,0.0,0.0,0.0,0.0,0.0,0.0,0.0,0.0,26.37,0.0,0.0,0.0,0.0,0.0,0.0
1782916713.064,0.0,0.0,0.0,0.0,0.0,0.0,0.0,0.0,0.0,26.37,0.0,0.0,0.0,0.0,0.0,0.0
1782916718.087,0.0,0.0,0.0,0.0,0.0,0.0,0.0,0.0,0.0,26.37,0.0,0.0,0.0,0.0,0.0,0.0
1782916723.114,0.0,0.0,0.0,0.0,0.0,0.0,0.0,0.0,0.0,26.37,0.0,0.0,0.0,0.0,0.0,0.0
1782916728.149,0.0,0.0,0.0,0.0,0.0,0.0,0.0,0.0,0.0,26.37,0.0,0.0,0.0,0.0,0.0,0.0
1782916733.172,0.0,0.0,0.0,0.0,0.0,0.0,0.0,0.0,0.0,26.38,0.0,0.0,0.0,0.0,0.0,0.0
1782916738.215,0.0,0.0,0.0,0.0,0.0,0.0,0.0,0.0,0.0,26.38,0.0,0.0,0.0,0.0,0.0,0.0
1782916743.266,0.0,0.0,0.0,0.0,0.0,0.0,0.0,0.0,0.0,26.38,0.0,0.0,0.0,0.0,0.0,0.0
1782916748.319,0.0,0.0,0.0,0.0,0.0,0.0,0.0,0.0,0.0,26.38,0.0,0.0,0.0,0.0,0.0,0.0
1782916753.357,0.0,0.0,0.0,0.0,0.0,0.0,0.0,0.0,0.0,26.38,0.0,0.0,0.0,0.0,0.0,0.0
1782916758.407,0.0,0.0,0.0,0.0,0.0,0.0,0.0,0.0,0.0,26.38,0.0,0.0,0.0,0.0,0.0,0.0
1782916763.46,0.0,0.0,0.0,0.0,0.0,0.0,0.0,0.0,0.0,26.38,0.0,0.0,0.0,0.0,0.0,0.0
1782916768.546,0.0,0.0,0.0,0.0,0.0,0.0,0.0,0.0,0.0,26.38,0.0,0.0,0.0,0.0,0.0,0.0
1782916773.596,0.0,0.0,0.0,0.0,0.0,0.0,0.0,0.0,0.0,26.38,0.0,0.0,0.0,0.0,0.0,0.0
1782916778.645,0.0,0.0,0.0,0.0,0.0,0.0,0.0,0.0,0.0,26.38,0.0,0.0,0.0,0.0,0.0,0.0
1782916783.677,0.0,0.0,0.0,0.0,0.0,0.0,0.0,0.0,0.0,26.39,0.0,0.0,0.0,0.0,0.0,0.0
1782916788.702,0.0,0.0,0.0,0.0,0.0,0.0,0.0,0.0,0.0,26.39,0.0,0.0,0.0,0.0,0.0,0.0
1782916793.739,0.0,0.0,0.0,0.0,0.0,0.0,0.0,0.0,0.0,26.39,0.0,0.0,0.0,0.0,0.0,0.0
1782916798.782,0.0,0.0,0.0,0.0,0.0,0.0,0.0,0.0,0.0,26.39,0.0,0.0,0.0,0.0,0.0,0.0
1782916803.823,0.0,0.0,0.0,0.0,0.0,0.0,0.0,0.0,0.0,26.39,0.0,0.0,0.0,0.0,0.0,0.0
1782916808.871,0.0,0.0,0.0,0.0,0.0,0.0,0.0,0.0,0.0,26.39,0.0,0.0,0.0,0.0,0.0,0.0
1782916813.9,0.0,0.0,0.0,0.0,0.0,0.0,0.0,0.0,0.0,26.39,0.0,0.0,0.0,0.0,0.0,0.0
1782916818.964,0.0,0.0,0.0,0.0,0.0,0.0,0.0,0.0,0.0,26.39,0.0,0.0,0.0,0.0,0.0,0.0
1782916824.038,0.0,0.0,0.0,0.0,0.0,0.0,0.0,0.0,0.0,26.4,0.0,0.0,0.0,0.0,0.0,0.0
1782916829.079,0.0,0.0,0.0,0.0,0.0,0.0,0.0,0.0,0.0,26.4,0.0,0.0,0.0,0.0,0.0,0.0
1782916834.136,0.0,0.0,0.0,0.0,0.0,0.0,0.0,0.0,0.0,26.4,0.0,0.0,0.0,0.0,0.0,0.0
1782916839.19,0.0,0.0,0.0,0.0,0.0,0.0,0.0,0.0,0.0,26.4,0.0,0.0,0.0,0.0,0.0,0.0
1782916844.23,0.0,0.0,0.0,0.0,0.0,0.0,0.0,0.0,0.0,26.4,0.0,0.0,0.0,0.0,0.0,0.0
1782916849.281,0.0,0.0,0.0,0.0,0.0,0.0,0.0,0.0,0.0,26.41,0.0,0.0,0.0,0.0,0.0,0.0
1782916854.344,0.0,0.0,0.0,0.0,0.0,0.0,0.0,0.0,0.0,26.41,0.0,0.0,0.0,0.0,0.0,0.0
1782916859.371,0.0,0.0,0.0,0.0,0.0,0.0,0.0,0.0,0.0,26.41,0.0,0.0,0.0,0.0,0.0,0.0
1782916864.438,0.0,0.0,0.0,0.0,0.0,0.0,0.0,0.0,0.0,26.41,0.0,0.0,0.0,0.0,0.0,0.0
1782916869.502,0.0,0.0,0.0,0.0,0.0,0.0,0.0,0.0,0.0,26.41,0.0,0.0,0.0,0.0,0.0,0.0
1782916874.543,0.0,0.0,0.0,0.0,0.0,0.0,0.0,0.0,0.0,26.41,0.0,0.0,0.0,0.0,0.0,0.0
1782916879.592,0.0,0.0,0.0,0.0,0.0,0.0,0.0,0.0,0.0,26.42,0.0,0.0,0.0,0.0,0.0,0.0
1782916884.642,0.0,0.0,0.0,0.0,0.0,0.0,0.0,0.0,0.0,26.42,0.0,0.0,0.0,0.0,0.0,0.0
1782916889.714,0.0,0.0,0.0,0.0,0.0,0.0,0.0,0.0,0.0,26.42,0.0,0.0,0.0,0.0,0.0,0.0
1782916894.762,0.0,0.0,0.0,0.0,0.0,0.0,0.0,0.0,0.0,26.42,0.0,0.0,0.0,0.0,0.0,0.0
1782916899.792,0.0,0.0,0.0,0.0,0.0,0.0,0.0,0.0,0.0,26.42,0.0,0.0,0.0,0.0,0.0,0.0
1782916904.841,0.0,0.0,0.0,0.0,0.0,0.0,0.0,0.0,0.0,26.42,0.0,0.0,0.0,0.0,0.0,0.0
1782916909.915,0.0,0.0,0.0,0.0,0.0,0.0,0.0,0.0,0.0,26.43,0.0,0.0,0.0,0.0,0.0,0.0
1782916914.954,0.0,0.0,0.0,0.0,0.0,0.0,0.0,0.0,0.0,26.43,0.0,0.0,0.0,0.0,0.0,0.0
1782916920.017,0.0,0.0,0.0,0.0,0.0,0.0,0.0,0.0,0.0,26.43,0.0,0.0,0.0,0.0,0.0,0.0
1782916925.067,0.0,0.0,0.0,0.0,0.0,0.0,0.0,0.0,0.0,26.43,0.0,0.0,0.0,0.0,0.0,0.0
1782916930.092,0.0,0.0,0.0,0.0,0.0,0.0,0.0,0.0,0.0,26.43,0.0,0.0,0.0,0.0,0.0,0.0
1782916935.156,0.0,0.0,0.0,0.0,0.0,0.0,0.0,0.0,0.0,26.43,0.0,0.0,0.0,0.0,0.0,0.0
1782916940.207,0.0,0.0,0.0,0.0,0.0,0.0,0.0,0.0,0.0,26.44,0.0,0.0,0.0,0.0,0.0,0.0
1782916945.258,0.0,0.0,0.0,0.0,0.0,0.0,0.0,0.0,0.0,26.44,0.0,0.0,0.0,0.0,0.0,0.0
1782916950.31,0.0,0.0,0.0,0.0,0.0,0.0,0.0,0.0,0.0,26.44,0.0,0.0,0.0,0.0,0.0,0.0
1782916955.336,0.0,0.0,0.0,0.0,0.0,0.0,0.0,0.0,0.0,26.44,0.0,0.0,0.0,0.0,0.0,0.0
1782916960.388,0.0,0.0,0.0,0.0,0.0,0.0,0.0,0.0,0.0,26.44,0.0,0.0,0.0,0.0,0.0,0.0
1782916965.444,0.0,0.0,0.0,0.0,0.0,0.0,0.0,0.0,0.0,26.44,0.0,0.0,0.0,0.0,0.0,0.0
1782916970.473,0.0,0.0,0.0,0.0,0.0,0.0,0.0,0.0,0.0,26.45,0.0,0.0,0.0,0.0,0.0,0.0
1782916975.548,0.0,0.0,0.0,0.0,0.0,0.0,0.0,0.0,0.0,26.45,0.0,0.0,0.0,0.0,0.0,0.0
1782916980.609,0.0,0.0,0.0,0.0,0.0,0.0,0.0,0.0,0.0,26.45,0.0,0.0,0.0,0.0,0.0,0.0
1782916985.644,0.0,0.0,0.0,0.0,0.0,0.0,0.0,0.0,0.0,26.45,0.0,0.0,0.0,0.0,0.0,0.0
1782916990.704,0.0,0.0,0.0,0.0,0.0,0.0,0.0,0.0,0.0,26.45,0.0,0.0,0.0,0.0,0.0,0.0
1782916995.774,0.0,0.0,0.0,0.0,0.0,0.0,0.0,0.0,0.0,26.46,0.0,0.0,0.0,0.0,0.0,0.0
1782917000.789,0.0,0.0,0.0,0.0,0.0,0.0,0.0,0.0,0.0,26.46,0.0,0.0,0.0,0.0,0.0,0.0
1782917005.841,0.0,0.0,0.0,0.0,0.0,0.0,0.0,0.0,0.0,26.46,0.0,0.0,0.0,0.0,0.0,0.0
1782917010.911,0.0,0.0,0.0,0.0,0.0,0.0,0.0,0.0,0.0,26.47,0.0,0.0,0.0,0.0,0.0,0.0
1782917015.955,0.0,0.0,0.0,0.0,0.0,0.0,0.0,0.0,0.0,26.47,0.0,0.0,0.0,0.0,0.0,0.0
1782917020.99,0.0,0.0,0.0,0.0,0.0,0.0,0.0,0.0,0.0,26.47,0.0,0.0,0.0,0.0,0.0,0.0
1782917026.041,0.0,0.0,0.0,0.0,0.0,0.0,0.0,0.0,0.0,26.47,0.0,0.0,0.0,0.0,0.0,0.0
1782917031.104,0.0,0.0,0.0,0.0,0.0,0.0,0.0,0.0,0.0,26.48,0.0,0.0,0.0,0.0,0.0,0.0
1782917036.155,0.0,0.0,0.0,0.0,0.0,0.0,0.0,0.0,0.0,26.48,0.0,0.0,0.0,0.0,0.0,0.0
1782917041.185,0.0,0.0,0.0,0.0,0.0,0.0,0.0,0.0,0.0,26.48,0.0,0.0,0.0,0.0,0.0,0.0
1782917046.207,0.0,0.0,0.0,0.0,0.0,0.0,0.0,0.0,0.0,26.48,0.0,0.0,0.0,0.0,0.0,0.0
1782917051.243,0.0,0.0,0.0,0.0,0.0,0.0,0.0,0.0,0.0,26.49,0.0,0.0,0.0,0.0,0.0,0.0
1782917056.263,0.0,0.0,0.0,0.0,0.0,0.0,0.0,0.0,0.0,26.49,0.0,0.0,0.0,0.0,0.0,0.0
1782917061.299,0.0,0.0,0.0,0.0,0.0,0.0,0.0,0.0,0.0,26.49,0.0,0.0,0.0,0.0,0.0,0.0
1782917066.319,0.0,0.0,0.0,0.0,0.0,0.0,0.0,0.0,0.0,26.49,0.0,0.0,0.0,0.0,0.0,0.0
1782917071.347,0.0,0.0,0.0,0.0,0.0,0.0,0.0,0.0,0.0,26.5,0.0,0.0,0.0,0.0,0.0,0.0
1782917076.381,0.0,0.0,0.0,0.0,0.0,0.0,0.0,0.0,0.0,26.5,0.0,0.0,0.0,0.0,0.0,0.0
1782917081.419,0.0,0.0,0.0,0.0,0.0,0.0,0.0,0.0,0.0,26.5,0.0,0.0,0.0,0.0,0.0,0.0
1782917086.459,0.0,0.0,0.0,0.0,0.0,0.0,0.0,0.0,0.0,26.5,0.0,0.0,0.0,0.0,0.0,0.0
1782917091.487,0.0,0.0,0.0,0.0,0.0,0.0,0.0,0.0,0.0,26.51,0.0,0.0,0.0,0.0,0.0,0.0
1782917096.504,0.0,0.0,0.0,0.0,0.0,0.0,0.0,0.0,0.0,26.51,0.0,0.0,0.0,0.0,0.0,0.0
1782917101.539,0.0,0.0,0.0,0.0,0.0,0.0,0.0,0.0,0.0,26.51,0.0,0.0,0.0,0.0,0.0,0.0
1782917106.574,0.0,0.0,0.0,0.0,0.0,0.0,0.0,0.0,0.0,26.51,0.0,0.0,0.0,0.0,0.0,0.0
1782917111.597,0.0,0.0,0.0,0.0,0.0,0.0,0.0,0.0,0.0,26.51,0.0,0.0,0.0,0.0,0.0,0.0
1782917116.626,0.0,0.0,0.0,0.0,0.0,0.0,0.0,0.0,0.0,26.51,0.0,0.0,0.0,0.0,0.0,0.0
1782917121.655,0.0,0.0,0.0,0.0,0.0,0.0,0.0,0.0,0.0,26.52,0.0,0.0,0.0,0.0,0.0,0.0
1782917126.679,0.0,0.0,0.0,0.0,0.0,0.0,0.0,0.0,0.0,26.52,0.0,0.0,0.0,0.0,0.0,0.0
1782917131.727,0.0,0.0,0.0,0.0,0.0,0.0,0.0,0.0,0.0,26.52,0.0,0.0,0.0,0.0,0.0,0.0
1782917136.756,0.0,0.0,0.0,0.0,0.0,0.0,0.0,0.0,0.0,26.52,0.0,0.0,0.0,0.0,0.0,0.0
1782917141.792,0.0,0.0,0.0,0.0,0.0,0.0,0.0,0.0,0.0,26.52,0.0,0.0,0.0,0.0,0.0,0.0
1782917146.84,0.0,0.0,0.0,0.0,0.0,0.0,0.0,0.0,0.0,26.52,0.0,0.0,0.0,0.0,0.0,0.0
1782917151.888,0.0,0.0,0.0,0.0,0.0,0.0,0.0,0.0,0.0,26.52,0.0,0.0,0.0,0.0,0.0,0.0
1782917156.948,0.0,0.0,0.0,0.0,0.0,0.0,0.0,0.0,0.0,26.52,0.0,0.0,0.0,0.0,0.0,0.0
1782917161.984,0.0,0.0,0.0,0.0,0.0,0.0,0.0,0.0,0.0,26.52,0.0,0.0,0.0,0.0,0.0,0.0
1782917167.034,0.0,0.0,0.0,0.0,0.0,0.0,0.0,0.0,0.0,26.52,0.0,0.0,0.0,0.0,0.0,0.0
1782917172.168,0.0,0.0,0.0,0.0,0.0,0.0,0.0,0.0,0.0,26.52,0.0,0.0,0.0,0.0,0.0,0.0
1782917177.235,0.0,0.0,0.0,0.0,0.0,0.0,0.0,0.0,0.0,26.52,0.0,0.0,0.0,0.0,0.0,0.0
1782917182.275,0.0,0.0,0.0,0.0,0.0,0.0,0.0,0.0,0.0,26.52,0.0,0.0,0.0,0.0,0.0,0.0
1782917187.336,0.0,0.0,0.0,0.0,0.0,0.0,0.0,0.0,0.0,26.52,0.0,0.0,0.0,0.0,0.0,0.0
1782917192.365,0.0,0.0,0.0,0.0,0.0,0.0,0.0,0.0,0.0,26.52,0.0,0.0,0.0,0.0,0.0,0.0
1782917197.438,0.0,0.0,0.0,0.0,0.0,0.0,0.0,0.0,0.0,26.52,0.0,0.0,0.0,0.0,0.0,0.0
1782917202.489,0.0,0.0,0.0,0.0,0.0,0.0,0.0,0.0,0.0,26.52,0.0,0.0,0.0,0.0,0.0,0.0
1782917207.516,0.0,0.0,0.0,0.0,0.0,0.0,0.0,0.0,0.0,26.52,0.0,0.0,0.0,0.0,0.0,0.0
1782917212.589,0.0,0.0,0.0,0.0,0.0,0.0,0.0,0.0,0.0,26.52,0.0,0.0,0.0,0.0,0.0,0.0
1782917217.636,0.0,0.0,0.0,0.0,0.0,0.0,0.0,0.0,0.0,26.52,0.0,0.0,0.0,0.0,0.0,0.0
1782917222.665,0.0,0.0,0.0,0.0,0.0,0.0,0.0,0.0,0.0,26.51,0.0,0.0,0.0,0.0,0.0,0.0
1782917227.691,0.0,0.0,0.0,0.0,0.0,0.0,0.0,0.0,0.0,26.52,0.0,0.0,0.0,0.0,0.0,0.0
1782917232.721,0.0,0.0,0.0,0.0,0.0,0.0,0.0,0.0,0.0,26.51,0.0,0.0,0.0,0.0,0.0,0.0
1782917237.736,0.0,0.0,0.0,0.0,0.0,0.0,0.0,0.0,0.0,26.51,0.0,0.0,0.0,0.0,0.0,0.0
1782917242.777,0.0,0.0,0.0,0.0,0.0,0.0,0.0,0.0,0.0,26.51,0.0,0.0,0.0,0.0,0.0,0.0
1782917247.841,0.0,0.0,0.0,0.0,0.0,0.0,0.0,0.0,0.0,26.51,0.0,0.0,0.0,0.0,0.0,0.0
1782917252.9,0.0,0.0,0.0,0.0,0.0,0.0,0.0,0.0,0.0,26.5,0.0,0.0,0.0,0.0,0.0,0.0
1782917257.955,0.0,0.0,0.0,0.0,0.0,0.0,0.0,0.0,0.0,26.5,0.0,0.0,0.0,0.0,0.0,0.0
1782917262.991,0.0,0.0,0.0,0.0,0.0,0.0,0.0,0.0,0.0,26.5,0.0,0.0,0.0,0.0,0.0,0.0
1782917268.063,0.0,0.0,0.0,0.0,0.0,0.0,0.0,0.0,0.0,26.5,0.0,0.0,0.0,0.0,0.0,0.0
1782917273.112,0.0,0.0,0.0,0.0,0.0,0.0,0.0,0.0,0.0,26.5,0.0,0.0,0.0,0.0,0.0,0.0
1782917278.156,0.0,0.0,0.0,0.0,0.0,0.0,0.0,0.0,0.0,26.49,0.0,0.0,0.0,0.0,0.0,0.0
1782917283.19,0.0,0.0,0.0,0.0,0.0,0.0,0.0,0.0,0.0,26.49,0.0,0.0,0.0,0.0,0.0,0.0
1782917288.248,0.0,0.0,0.0,0.0,0.0,0.0,0.0,0.0,0.0,26.49,0.0,0.0,0.0,0.0,0.0,0.0
1782917293.3,0.0,0.0,0.0,0.0,0.0,0.0,0.0,0.0,0.0,26.49,0.0,0.0,0.0,0.0,0.0,0.0
1782917298.336,0.0,0.0,0.0,0.0,0.0,0.0,0.0,0.0,0.0,26.49,0.0,0.0,0.0,0.0,0.0,0.0
1782917303.4,0.0,0.0,0.0,0.0,0.0,0.0,0.0,0.0,0.0,26.49,0.0,0.0,0.0,0.0,0.0,0.0
1782917308.44,0.0,0.0,0.0,0.0,0.0,0.0,0.0,0.0,0.0,26.48,0.0,0.0,0.0,0.0,0.0,0.0
1782917313.508,0.0,0.0,0.0,0.0,0.0,0.0,0.0,0.0,0.0,26.48,0.0,0.0,0.0,0.0,0.0,0.0
1782917318.526,0.0,0.0,0.0,0.0,0.0,0.0,0.0,0.0,0.0,26.48,0.0,0.0,0.0,0.0,0.0,0.0
1782917323.567,0.0,0.0,0.0,0.0,0.0,0.0,0.0,0.0,0.0,26.47,0.0,0.0,0.0,0.0,0.0,0.0
1782917328.597,0.0,0.0,0.0,0.0,0.0,0.0,0.0,0.0,0.0,26.47,0.0,0.0,0.0,0.0,0.0,0.0
1782917333.617,0.0,0.0,0.0,0.0,0.0,0.0,0.0,0.0,0.0,26.46,0.0,0.0,0.0,0.0,0.0,0.0
1782917338.679,0.0,0.0,0.0,0.0,0.0,0.0,0.0,0.0,0.0,26.46,0.0,0.0,0.0,0.0,0.0,0.0
1782917343.729,0.0,0.0,0.0,0.0,0.0,0.0,0.0,0.0,0.0,26.46,0.0,0.0,0.0,0.0,0.0,0.0
1782917348.778,0.0,0.0,0.0,0.0,0.0,0.0,0.0,0.0,0.0,26.45,0.0,0.0,0.0,0.0,0.0,0.0
1782917353.836,0.0,0.0,0.0,0.0,0.0,0.0,0.0,0.0,0.0,26.45,0.0,0.0,0.0,0.0,0.0,0.0
1782917358.886,0.0,0.0,0.0,0.0,0.0,0.0,0.0,0.0,0.0,26.45,0.0,0.0,0.0,0.0,0.0,0.0
1782917363.926,0.0,0.0,0.0,0.0,0.0,0.0,0.0,0.0,0.0,26.44,0.0,0.0,0.0,0.0,0.0,0.0
1782917368.976,0.0,0.0,0.0,0.0,0.0,0.0,0.0,0.0,0.0,26.44,0.0,0.0,0.0,0.0,0.0,0.0
1782917374.028,0.0,0.0,0.0,0.0,0.0,0.0,0.0,0.0,0.0,26.44,0.0,0.0,0.0,0.0,0.0,0.0
1782917379.078,0.0,0.0,0.0,0.0,0.0,0.0,0.0,0.0,0.0,26.43,0.0,0.0,0.0,0.0,0.0,0.0
1782917384.128,0.0,0.0,0.0,0.0,0.0,0.0,0.0,0.0,0.0,26.43,0.0,0.0,0.0,0.0,0.0,0.0
1782917389.156,0.0,0.0,0.0,0.0,0.0,0.0,0.0,0.0,0.0,26.43,0.0,0.0,0.0,0.0,0.0,0.0
1782917394.202,0.0,0.0,0.0,0.0,0.0,0.0,0.0,0.0,0.0,26.43,0.0,0.0,0.0,0.0,0.0,0.0
1782917399.253,0.0,0.0,0.0,0.0,0.0,0.0,0.0,0.0,0.0,26.42,0.0,0.0,0.0,0.0,0.0,0.0
1782917404.289,0.0,0.0,0.0,0.0,0.0,0.0,0.0,0.0,0.0,26.42,0.0,0.0,0.0,0.0,0.0,0.0
1782917409.352,0.0,0.0,0.0,0.0,0.0,0.0,0.0,0.0,0.0,26.42,0.0,0.0,0.0,0.0,0.0,0.0
1782917414.402,0.0,0.0,0.0,0.0,0.0,0.0,0.0,0.0,0.0,26.41,0.0,0.0,0.0,0.0,0.0,0.0
1782917419.44,0.0,0.0,0.0,0.0,0.0,0.0,0.0,0.0,0.0,26.41,0.0,0.0,0.0,0.0,0.0,0.0
1782917424.488,0.0,0.0,0.0,0.0,0.0,0.0,0.0,0.0,0.0,26.41,0.0,0.0,0.0,0.0,0.0,0.0
1782917429.549,0.0,0.0,0.0,0.0,0.0,0.0,0.0,0.0,0.0,26.4,0.0,0.0,0.0,0.0,0.0,0.0
1782917434.583,0.0,0.0,0.0,0.0,0.0,0.0,0.0,0.0,0.0,26.4,0.0,0.0,0.0,0.0,0.0,0.0
1782917439.604,0.0,0.0,0.0,0.0,0.0,0.0,0.0,0.0,0.0,26.4,0.0,0.0,0.0,0.0,0.0,0.0
1782917444.65,0.0,0.0,0.0,0.0,0.0,0.0,0.0,0.0,0.0,26.39,0.0,0.0,0.0,0.0,0.0,0.0
1782917449.732,0.0,0.0,0.0,0.0,0.0,0.0,0.0,0.0,0.0,26.39,0.0,0.0,0.0,0.0,0.0,0.0
1782917454.777,0.0,0.0,0.0,0.0,0.0,0.0,0.0,0.0,0.0,26.39,0.0,0.0,0.0,0.0,0.0,0.0
1782917459.802,0.0,0.0,0.0,0.0,0.0,0.0,0.0,0.0,0.0,26.39,0.0,0.0,0.0,0.0,0.0,0.0
1782917464.837,0.0,0.0,0.0,0.0,0.0,0.0,0.0,0.0,0.0,26.38,0.0,0.0,0.0,0.0,0.0,0.0
1782917469.867,0.0,0.0,0.0,0.0,0.0,0.0,0.0,0.0,0.0,26.38,0.0,0.0,0.0,0.0,0.0,0.0
1782917474.89,0.0,0.0,0.0,0.0,0.0,0.0,0.0,0.0,0.0,26.38,0.0,0.0,0.0,0.0,0.0,0.0
1782917479.916,0.0,0.0,0.0,0.0,0.0,0.0,0.0,0.0,0.0,26.38,0.0,0.0,0.0,0.0,0.0,0.0
1782917484.935,0.0,0.0,0.0,0.0,0.0,0.0,0.0,0.0,0.0,26.37,0.0,0.0,0.0,0.0,0.0,0.0
1782917489.974,0.0,0.0,0.0,0.0,0.0,0.0,0.0,0.0,0.0,26.38,0.0,0.0,0.0,0.0,0.0,0.0
1782917495.011,0.0,0.0,0.0,0.0,0.0,0.0,0.0,0.0,0.0,26.37,0.0,0.0,0.0,0.0,0.0,0.0
1782917500.058,0.0,0.0,0.0,0.0,0.0,0.0,0.0,0.0,0.0,26.37,0.0,0.0,0.0,0.0,0.0,0.0
1782917505.097,0.0,0.0,0.0,0.0,0.0,0.0,0.0,0.0,0.0,26.37,0.0,0.0,0.0,0.0,0.0,0.0
1782917510.147,0.0,0.0,0.0,0.0,0.0,0.0,0.0,0.0,0.0,26.37,0.0,0.0,0.0,0.0,0.0,0.0
1782917515.196,0.0,0.0,0.0,0.0,0.0,0.0,0.0,0.0,0.0,26.37,0.0,0.0,0.0,0.0,0.0,0.0
1782917520.245,0.0,0.0,0.0,0.0,0.0,0.0,0.0,0.0,0.0,26.37,0.0,0.0,0.0,0.0,0.0,0.0
1782917525.305,0.0,0.0,0.0,0.0,0.0,0.0,0.0,0.0,0.0,26.37,0.0,0.0,0.0,0.0,0.0,0.0
1782917530.322,0.0,0.0,0.0,0.0,0.0,0.0,0.0,0.0,0.0,26.37,0.0,0.0,0.0,0.0,0.0,0.0
1782917535.368,0.0,0.0,0.0,0.0,0.0,0.0,0.0,0.0,0.0,26.37,0.0,0.0,0.0,0.0,0.0,0.0
1782917540.43,0.0,0.0,0.0,0.0,0.0,0.0,0.0,0.0,0.0,26.37,0.0,0.0,0.0,0.0,0.0,0.0
1782917545.475,0.0,0.0,0.0,0.0,0.0,0.0,0.0,0.0,0.0,26.37,0.0,0.0,0.0,0.0,0.0,0.0
1782917550.522,0.0,0.0,0.0,0.0,0.0,0.0,0.0,0.0,0.0,26.37,0.0,0.0,0.0,0.0,0.0,0.0
1782917555.551,0.0,0.0,0.0,0.0,0.0,0.0,0.0,0.0,0.0,26.37,0.0,0.0,0.0,0.0,0.0,0.0
1782917560.572,0.0,0.0,0.0,0.0,0.0,0.0,0.0,0.0,0.0,26.37,0.0,0.0,0.0,0.0,0.0,0.0
1782917565.606,0.0,0.0,0.0,0.0,0.0,0.0,0.0,0.0,0.0,26.37,0.0,0.0,0.0,0.0,0.0,0.0
1782917570.646,0.0,0.0,0.0,0.0,0.0,0.0,0.0,0.0,0.0,26.37,0.0,0.0,0.0,0.0,0.0,0.0
1782917575.664,0.0,0.0,0.0,0.0,0.0,0.0,0.0,0.0,0.0,26.37,0.0,0.0,0.0,0.0,0.0,0.0
1782917580.685,0.0,0.0,0.0,0.0,0.0,0.0,0.0,0.0,0.0,26.37,0.0,0.0,0.0,0.0,0.0,0.0
1782917585.717,0.0,0.0,0.0,0.0,0.0,0.0,0.0,0.0,0.0,26.37,0.0,0.0,0.0,0.0,0.0,0.0
1782917590.736,0.0,0.0,0.0,0.0,0.0,0.0,0.0,0.0,0.0,26.37,0.0,0.0,0.0,0.0,0.0,0.0
1782917595.77,0.0,0.0,0.0,0.0,0.0,0.0,0.0,0.0,0.0,26.37,0.0,0.0,0.0,0.0,0.0,0.0
1782917600.792,0.0,0.0,0.0,0.0,0.0,0.0,0.0,0.0,0.0,26.37,0.0,0.0,0.0,0.0,0.0,0.0
1782917605.82,0.0,0.0,0.0,0.0,0.0,0.0,0.0,0.0,0.0,26.37,0.0,0.0,0.0,0.0,0.0,0.0
1782917610.845,0.0,0.0,0.0,0.0,0.0,0.0,0.0,0.0,0.0,26.37,0.0,0.0,0.0,0.0,0.0,0.0
1782917615.872,0.0,0.0,0.0,0.0,0.0,0.0,0.0,0.0,0.0,26.38,0.0,0.0,0.0,0.0,0.0,0.0
1782917620.906,0.0,0.0,0.0,0.0,0.0,0.0,0.0,0.0,0.0,26.38,0.0,0.0,0.0,0.0,0.0,0.0
1782917625.94,0.0,0.0,0.0,0.0,0.0,0.0,0.0,0.0,0.0,26.38,0.0,0.0,0.0,0.0,0.0,0.0
1782917630.988,0.0,0.0,0.0,0.0,0.0,0.0,0.0,0.0,0.0,26.38,0.0,0.0,0.0,0.0,0.0,0.0
1782917636.069,0.0,0.0,0.0,0.0,0.0,0.0,0.0,0.0,0.0,26.38,0.0,0.0,0.0,0.0,0.0,0.0
1782917641.119,0.0,0.0,0.0,0.0,0.0,0.0,0.0,0.0,0.0,26.38,0.0,0.0,0.0,0.0,0.0,0.0
1782917646.158,0.0,0.0,0.0,0.0,0.0,0.0,0.0,0.0,0.0,26.38,0.0,0.0,0.0,0.0,0.0,0.0
1782917651.217,0.0,0.0,0.0,0.0,0.0,0.0,0.0,0.0,0.0,26.39,0.0,0.0,0.0,0.0,0.0,0.0
1782917656.254,0.0,0.0,0.0,0.0,0.0,0.0,0.0,0.0,0.0,26.39,0.0,0.0,0.0,0.0,0.0,0.0
1782917661.298,0.0,0.0,0.0,0.0,0.0,0.0,0.0,0.0,0.0,26.39,0.0,0.0,0.0,0.0,0.0,0.0
1782917666.325,0.0,0.0,0.0,0.0,0.0,0.0,0.0,0.0,0.0,26.39,0.0,0.0,0.0,0.0,0.0,0.0
1782917671.342,0.0,0.0,0.0,0.0,0.0,0.0,0.0,0.0,0.0,26.39,0.0,0.0,0.0,0.0,0.0,0.0
1782917676.376,0.0,0.0,0.0,0.0,0.0,0.0,0.0,0.0,0.0,26.39,0.0,0.0,0.0,0.0,0.0,0.0
1782917681.402,0.0,0.0,0.0,0.0,0.0,0.0,0.0,0.0,0.0,26.4,0.0,0.0,0.0,0.0,0.0,0.0
1782917686.429,0.0,0.0,0.0,0.0,0.0,0.0,0.0,0.0,0.0,26.4,0.0,0.0,0.0,0.0,0.0,0.0
1782917691.476,0.0,0.0,0.0,0.0,0.0,0.0,0.0,0.0,0.0,26.4,0.0,0.0,0.0,0.0,0.0,0.0
1782917696.535,0.0,0.0,0.0,0.0,0.0,0.0,0.0,0.0,0.0,26.4,0.0,0.0,0.0,0.0,0.0,0.0
1782917701.582,0.0,0.0,0.0,0.0,0.0,0.0,0.0,0.0,0.0,26.4,0.0,0.0,0.0,0.0,0.0,0.0
1782917706.627,0.0,0.0,0.0,0.0,0.0,0.0,0.0,0.0,0.0,26.4,0.0,0.0,0.0,0.0,0.0,0.0
1782917711.66,0.0,0.0,0.0,0.0,0.0,0.0,0.0,0.0,0.0,26.41,0.0,0.0,0.0,0.0,0.0,0.0
1782917716.699,0.0,0.0,0.0,0.0,0.0,0.0,0.0,0.0,0.0,26.41,0.0,0.0,0.0,0.0,0.0,0.0
1782917721.748,0.0,0.0,0.0,0.0,0.0,0.0,0.0,0.0,0.0,26.41,0.0,0.0,0.0,0.0,0.0,0.0
1782917726.786,0.0,0.0,0.0,0.0,0.0,0.0,0.0,0.0,0.0,26.42,0.0,0.0,0.0,0.0,0.0,0.0
1782917731.849,0.0,0.0,0.0,0.0,0.0,0.0,0.0,0.0,0.0,26.41,0.0,0.0,0.0,0.0,0.0,0.0
1782917736.91,0.0,0.0,0.0,0.0,0.0,0.0,0.0,0.0,0.0,26.42,0.0,0.0,0.0,0.0,0.0,0.0
1782917741.934,0.0,0.0,0.0,0.0,0.0,0.0,0.0,0.0,0.0,26.42,0.0,0.0,0.0,0.0,0.0,0.0
1782917746.959,0.0,0.0,0.0,0.0,0.0,0.0,0.0,0.0,0.0,26.42,0.0,0.0,0.0,0.0,0.0,0.0
1782917752.02,0.0,0.0,0.0,0.0,0.0,0.0,0.0,0.0,0.0,26.42,0.0,0.0,0.0,0.0,0.0,0.0
1782917757.067,0.0,0.0,0.0,0.0,0.0,0.0,0.0,0.0,0.0,26.42,0.0,0.0,0.0,0.0,0.0,0.0
1782917762.116,0.0,0.0,0.0,0.0,0.0,0.0,0.0,0.0,0.0,26.42,0.0,0.0,0.0,0.0,0.0,0.0
1782917767.165,0.0,0.0,0.0,0.0,0.0,0.0,0.0,0.0,0.0,26.43,0.0,0.0,0.0,0.0,0.0,0.0
1782917772.203,0.0,0.0,0.0,0.0,0.0,0.0,0.0,0.0,0.0,26.43,0.0,0.0,0.0,0.0,0.0,0.0
1782917777.252,0.0,0.0,0.0,0.0,0.0,0.0,0.0,0.0,0.0,26.43,0.0,0.0,0.0,0.0,0.0,0.0
1782917782.322,0.0,0.0,0.0,0.0,0.0,0.0,0.0,0.0,0.0,26.43,0.0,0.0,0.0,0.0,0.0,0.0
1782917787.376,0.0,0.0,0.0,0.0,0.0,0.0,0.0,0.0,0.0,26.44,0.0,0.0,0.0,0.0,0.0,0.0
1782917792.41,0.0,0.0,0.0,0.0,0.0,0.0,0.0,0.0,0.0,26.44,0.0,0.0,0.0,0.0,0.0,0.0
1782917797.461,0.0,0.0,0.0,0.0,0.0,0.0,0.0,0.0,0.0,26.44,0.0,0.0,0.0,0.0,0.0,0.0
1782917802.547,0.0,0.0,0.0,0.0,0.0,0.0,0.0,0.0,0.0,26.44,0.0,0.0,0.0,0.0,0.0,0.0
1782917807.582,0.0,0.0,0.0,0.0,0.0,0.0,0.0,0.0,0.0,26.44,0.0,0.0,0.0,0.0,0.0,0.0
1782917812.621,0.0,0.0,0.0,0.0,0.0,0.0,0.0,0.0,0.0,26.44,0.0,0.0,0.0,0.0,0.0,0.0
1782917817.68,0.0,0.0,0.0,0.0,0.0,0.0,0.0,0.0,0.0,26.45,0.0,0.0,0.0,0.0,0.0,0.0
1782917822.73,0.0,0.0,0.0,0.0,0.0,0.0,0.0,0.0,0.0,26.45,0.0,0.0,0.0,0.0,0.0,0.0
1782917827.757,0.0,0.0,0.0,0.0,0.0,0.0,0.0,0.0,0.0,26.45,0.0,0.0,0.0,0.0,0.0,0.0
1782917832.825,0.0,0.0,0.0,0.0,0.0,0.0,0.0,0.0,0.0,26.45,0.0,0.0,0.0,0.0,0.0,0.0
1782917837.874,0.0,0.0,0.0,0.0,0.0,0.0,0.0,0.0,0.0,26.46,0.0,0.0,0.0,0.0,0.0,0.0
1782917842.918,0.0,0.0,0.0,0.0,0.0,0.0,0.0,0.0,0.0,26.46,0.0,0.0,0.0,0.0,0.0,0.0
1782917847.973,0.0,0.0,0.0,0.0,0.0,0.0,0.0,0.0,0.0,26.46,0.0,0.0,0.0,0.0,0.0,0.0
1782917853.002,0.0,0.0,0.0,0.0,0.0,0.0,0.0,0.0,0.0,26.46,0.0,0.0,0.0,0.0,0.0,0.0
1782917858.047,0.0,0.0,0.0,0.0,0.0,0.0,0.0,0.0,0.0,26.46,0.0,0.0,0.0,0.0,0.0,0.0
1782917863.091,0.0,0.0,0.0,0.0,0.0,0.0,0.0,0.0,0.0,26.47,0.0,0.0,0.0,0.0,0.0,0.0
1782917868.12,0.0,0.0,0.0,0.0,0.0,0.0,0.0,0.0,0.0,26.47,0.0,0.0,0.0,0.0,0.0,0.0
1782917873.155,0.0,0.0,0.0,0.0,0.0,0.0,0.0,0.0,0.0,26.47,0.0,0.0,0.0,0.0,0.0,0.0
1782917878.203,0.0,0.0,0.0,0.0,0.0,0.0,0.0,0.0,0.0,26.47,0.0,0.0,0.0,0.0,0.0,0.0
1782917883.241,0.0,0.0,0.0,0.0,0.0,0.0,0.0,0.0,0.0,26.48,0.0,0.0,0.0,0.0,0.0,0.0
1782917888.288,0.0,0.0,0.0,0.0,0.0,0.0,0.0,0.0,0.0,26.48,0.0,0.0,0.0,0.0,0.0,0.0
1782917893.35,0.0,0.0,0.0,0.0,0.0,0.0,0.0,0.0,0.0,26.48,0.0,0.0,0.0,0.0,0.0,0.0
1782917898.388,0.0,0.0,0.0,0.0,0.0,0.0,0.0,0.0,0.0,26.49,0.0,0.0,0.0,0.0,0.0,0.0
1782917903.437,0.0,0.0,0.0,0.0,0.0,0.0,0.0,0.0,0.0,26.49,0.0,0.0,0.0,0.0,0.0,0.0
1782917908.505,0.0,0.0,0.0,0.0,0.0,0.0,0.0,0.0,0.0,26.49,0.0,0.0,0.0,0.0,0.0,0.0
1782917913.561,0.0,0.0,0.0,0.0,0.0,0.0,0.0,0.0,0.0,26.5,0.0,0.0,0.0,0.0,0.0,0.0
1782917918.61,0.0,0.0,0.0,0.0,0.0,0.0,0.0,0.0,0.0,26.5,0.0,0.0,0.0,0.0,0.0,0.0
1782917923.649,0.0,0.0,0.0,0.0,0.0,0.0,0.0,0.0,0.0,26.5,0.0,0.0,0.0,0.0,0.0,0.0
1782917928.707,0.0,0.0,0.0,0.0,0.0,0.0,0.0,0.0,0.0,26.5,0.0,0.0,0.0,0.0,0.0,0.0
1782917933.741,0.0,0.0,0.0,0.0,0.0,0.0,0.0,0.0,0.0,26.5,0.0,0.0,0.0,0.0,0.0,0.0
1782917938.763,0.0,0.0,0.0,0.0,0.0,0.0,0.0,0.0,0.0,26.51,0.0,0.0,0.0,0.0,0.0,0.0
1782917943.791,0.0,0.0,0.0,0.0,0.0,0.0,0.0,0.0,0.0,26.51,0.0,0.0,0.0,0.0,0.0,0.0
1782917948.818,0.0,0.0,0.0,0.0,0.0,0.0,0.0,0.0,0.0,26.51,0.0,0.0,0.0,0.0,0.0,0.0
1782917953.846,0.0,0.0,0.0,0.0,0.0,0.0,0.0,0.0,0.0,26.51,0.0,0.0,0.0,0.0,0.0,0.0
1782917958.874,0.0,0.0,0.0,0.0,0.0,0.0,0.0,0.0,0.0,26.51,0.0,0.0,0.0,0.0,0.0,0.0
1782917963.901,0.0,0.0,0.0,0.0,0.0,0.0,0.0,0.0,0.0,26.51,0.0,0.0,0.0,0.0,0.0,0.0
1782917968.917,0.0,0.0,0.0,0.0,0.0,0.0,0.0,0.0,0.0,26.51,0.0,0.0,0.0,0.0,0.0,0.0
1782917973.95,0.0,0.0,0.0,0.0,0.0,0.0,0.0,0.0,0.0,26.52,0.0,0.0,0.0,0.0,0.0,0.0
1782917978.98,0.0,0.0,0.0,0.0,0.0,0.0,0.0,0.0,0.0,26.51,0.0,0.0,0.0,0.0,0.0,0.0
1782917984.008,0.0,0.0,0.0,0.0,0.0,0.0,0.0,0.0,0.0,26.52,0.0,0.0,0.0,0.0,0.0,0.0
1782917989.042,0.0,0.0,0.0,0.0,0.0,0.0,0.0,0.0,0.0,26.52,0.0,0.0,0.0,0.0,0.0,0.0
1782917994.066,0.0,0.0,0.0,0.0,0.0,0.0,0.0,0.0,0.0,26.52,0.0,0.0,0.0,0.0,0.0,0.0
1782917999.115,0.0,0.0,0.0,0.0,0.0,0.0,0.0,0.0,0.0,26.52,0.0,0.0,0.0,0.0,0.0,0.0
1782918004.183,0.0,0.0,0.0,0.0,0.0,0.0,0.0,0.0,0.0,26.52,0.0,0.0,0.0,0.0,0.0,0.0
1782918009.211,0.0,0.0,0.0,0.0,0.0,0.0,0.0,0.0,0.0,26.52,0.0,0.0,0.0,0.0,0.0,0.0
1782918014.248,0.0,0.0,0.0,0.0,0.0,0.0,0.0,0.0,0.0,26.52,0.0,0.0,0.0,0.0,0.0,0.0
1782918019.309,0.0,0.0,0.0,0.0,0.0,0.0,0.0,0.0,0.0,26.52,0.0,0.0,0.0,0.0,0.0,0.0
1782918024.347,0.0,0.0,0.0,0.0,0.0,0.0,0.0,0.0,0.0,26.52,0.0,0.0,0.0,0.0,0.0,0.0
1782918029.395,0.0,0.0,0.0,0.0,0.0,0.0,0.0,0.0,0.0,26.52,0.0,0.0,0.0,0.0,0.0,0.0
1782918034.467,0.0,0.0,0.0,0.0,0.0,0.0,0.0,0.0,0.0,26.52,0.0,0.0,0.0,0.0,0.0,0.0
1782918039.494,0.0,0.0,0.0,0.0,0.0,0.0,0.0,0.0,0.0,26.52,0.0,0.0,0.0,0.0,0.0,0.0
1782918044.529,0.0,0.0,0.0,0.0,0.0,0.0,0.0,0.0,0.0,26.52,0.0,0.0,0.0,0.0,0.0,0.0
1782918049.59,0.0,0.0,0.0,0.0,0.0,0.0,0.0,0.0,0.0,26.52,0.0,0.0,0.0,0.0,0.0,0.0
1782918054.64,0.0,0.0,0.0,0.0,0.0,0.0,0.0,0.0,0.0,26.52,0.0,0.0,0.0,0.0,0.0,0.0
1782918059.689,0.0,0.0,0.0,0.0,0.0,0.0,0.0,0.0,0.0,26.51,0.0,0.0,0.0,0.0,0.0,0.0
1782918064.727,0.0,0.0,0.0,0.0,0.0,0.0,0.0,0.0,0.0,26.51,0.0,0.0,0.0,0.0,0.0,0.0
1782918069.776,0.0,0.0,0.0,0.0,0.0,0.0,0.0,0.0,0.0,26.51,0.0,0.0,0.0,0.0,0.0,0.0
1782918074.857,0.0,0.0,0.0,0.0,0.0,0.0,0.0,0.0,0.0,26.51,0.0,0.0,0.0,0.0,0.0,0.0
1782918079.905,0.0,0.0,0.0,0.0,0.0,0.0,0.0,0.0,0.0,26.51,0.0,0.0,0.0,0.0,0.0,0.0
1782918084.932,0.0,0.0,0.0,0.0,0.0,0.0,0.0,0.0,0.0,26.5,0.0,0.0,0.0,0.0,0.0,0.0
1782918089.965,0.0,0.0,0.0,0.0,0.0,0.0,0.0,0.0,0.0,26.5,0.0,0.0,0.0,0.0,0.0,0.0
1782918094.992,0.0,0.0,0.0,0.0,0.0,0.0,0.0,0.0,0.0,26.5,0.0,0.0,0.0,0.0,0.0,0.0
1782918100.02,0.0,0.0,0.0,0.0,0.0,0.0,0.0,0.0,0.0,26.5,0.0,0.0,0.0,0.0,0.0,0.0
1782918105.048,0.0,0.0,0.0,0.0,0.0,0.0,0.0,0.0,0.0,26.5,0.0,0.0,0.0,0.0,0.0,0.0
1782918110.065,0.0,0.0,0.0,0.0,0.0,0.0,0.0,0.0,0.0,26.5,0.0,0.0,0.0,0.0,0.0,0.0
1782918115.103,0.0,0.0,0.0,0.0,0.0,0.0,0.0,0.0,0.0,26.49,0.0,0.0,0.0,0.0,0.0,0.0
1782918120.141,0.0,0.0,0.0,0.0,0.0,0.0,0.0,0.0,0.0,26.49,0.0,0.0,0.0,0.0,0.0,0.0
1782918125.208,0.0,0.0,0.0,0.0,0.0,0.0,0.0,0.0,0.0,26.49,0.0,0.0,0.0,0.0,0.0,0.0
1782918130.247,0.0,0.0,0.0,0.0,0.0,0.0,0.0,0.0,0.0,26.48,0.0,0.0,0.0,0.0,0.0,0.0
1782918135.286,0.0,0.0,0.0,0.0,0.0,0.0,0.0,0.0,0.0,26.48,0.0,0.0,0.0,0.0,0.0,0.0
1782918140.335,0.0,0.0,0.0,0.0,0.0,0.0,0.0,0.0,0.0,26.47,0.0,0.0,0.0,0.0,0.0,0.0
1782918145.401,0.0,0.0,0.0,0.0,0.0,0.0,0.0,0.0,0.0,26.47,0.0,0.0,0.0,0.0,0.0,0.0
1782918150.438,0.0,0.0,0.0,0.0,0.0,0.0,0.0,0.0,0.0,26.46,0.0,0.0,0.0,0.0,0.0,0.0
1782918155.476,0.0,0.0,0.0,0.0,0.0,0.0,0.0,0.0,0.0,26.46,0.0,0.0,0.0,0.0,0.0,0.0
1782918160.524,0.0,0.0,0.0,0.0,0.0,0.0,0.0,0.0,0.0,26.45,0.0,0.0,0.0,0.0,0.0,0.0
1782918165.557,0.0,0.0,0.0,0.0,0.0,0.0,0.0,0.0,0.0,26.45,0.0,0.0,0.0,0.0,0.0,0.0
1782918170.615,0.0,0.0,0.0,0.0,0.0,0.0,0.0,0.0,0.0,26.45,0.0,0.0,0.0,0.0,0.0,0.0
1782918175.674,0.0,0.0,0.0,0.0,0.0,0.0,0.0,0.0,0.0,26.45,0.0,0.0,0.0,0.0,0.0,0.0
1782918180.701,0.0,0.0,0.0,0.0,0.0,0.0,0.0,0.0,0.0,26.44,0.0,0.0,0.0,0.0,0.0,0.0
1782918185.75,0.0,0.0,0.0,0.0,0.0,0.0,0.0,0.0,0.0,26.44,0.0,0.0,0.0,0.0,0.0,0.0
1782918190.809,0.0,0.0,0.0,0.0,0.0,0.0,0.0,0.0,0.0,26.44,0.0,0.0,0.0,0.0,0.0,0.0
1782918195.847,0.0,0.0,0.0,0.0,0.0,0.0,0.0,0.0,0.0,26.43,0.0,0.0,0.0,0.0,0.0,0.0
1782918200.896,0.0,0.0,0.0,0.0,0.0,0.0,0.0,0.0,0.0,26.43,0.0,0.0,0.0,0.0,0.0,0.0
1782918205.955,0.0,0.0,0.0,0.0,0.0,0.0,0.0,0.0,0.0,26.43,0.0,0.0,0.0,0.0,0.0,0.0
1782918210.99,0.0,0.0,0.0,0.0,0.0,0.0,0.0,0.0,0.0,26.42,0.0,0.0,0.0,0.0,0.0,0.0
1782918216.072,0.0,0.0,0.0,0.0,0.0,0.0,0.0,0.0,0.0,26.42,0.0,0.0,0.0,0.0,0.0,0.0
1782918221.121,0.0,0.0,0.0,0.0,0.0,0.0,0.0,0.0,0.0,26.41,0.0,0.0,0.0,0.0,0.0,0.0
1782918226.169,0.0,0.0,0.0,0.0,0.0,0.0,0.0,0.0,0.0,26.41,0.0,0.0,0.0,0.0,0.0,0.0
1782918231.217,0.0,0.0,0.0,0.0,0.0,0.0,0.0,0.0,0.0,26.41,0.0,0.0,0.0,0.0,0.0,0.0
1782918236.266,0.0,0.0,0.0,0.0,0.0,0.0,0.0,0.0,0.0,26.41,0.0,0.0,0.0,0.0,0.0,0.0
1782918241.312,0.0,0.0,0.0,0.0,0.0,0.0,0.0,0.0,0.0,26.4,0.0,0.0,0.0,0.0,0.0,0.0
1782918246.349,0.0,0.0,0.0,0.0,0.0,0.0,0.0,0.0,0.0,26.4,0.0,0.0,0.0,0.0,0.0,0.0
1782918251.387,0.0,0.0,0.0,0.0,0.0,0.0,0.0,0.0,0.0,26.39,0.0,0.0,0.0,0.0,0.0,0.0
1782918256.457,0.0,0.0,0.0,0.0,0.0,0.0,0.0,0.0,0.0,26.39,0.0,0.0,0.0,0.0,0.0,0.0
1782918261.483,0.0,0.0,0.0,0.0,0.0,0.0,0.0,0.0,0.0,26.38,0.0,0.0,0.0,0.0,0.0,0.0
1782918266.531,0.0,0.0,0.0,0.0,0.0,0.0,0.0,0.0,0.0,26.38,0.0,0.0,0.0,0.0,0.0,0.0
1782918271.57,0.0,0.0,0.0,0.0,0.0,0.0,0.0,0.0,0.0,26.38,0.0,0.0,0.0,0.0,0.0,0.0
1782918276.591,0.0,0.0,0.0,0.0,0.0,0.0,0.0,0.0,0.0,26.37,0.0,0.0,0.0,0.0,0.0,0.0
1782918281.64,0.0,0.0,0.0,0.0,0.0,0.0,0.0,0.0,0.0,26.37,0.0,0.0,0.0,0.0,0.0,0.0
1782918286.71,0.0,0.0,0.0,0.0,0.0,0.0,0.0,0.0,0.0,26.36,0.0,0.0,0.0,0.0,0.0,0.0
1782918291.759,0.0,0.0,0.0,0.0,0.0,0.0,0.0,0.0,0.0,26.36,0.0,0.0,0.0,0.0,0.0,0.0
1782918296.797,0.0,0.0,0.0,0.0,0.0,0.0,0.0,0.0,0.0,26.35,0.0,0.0,0.0,0.0,0.0,0.0
1782918301.851,0.0,0.0,0.0,0.0,0.0,0.0,0.0,0.0,0.0,26.35,0.0,0.0,0.0,0.0,0.0,0.0
1782918306.887,0.0,0.0,0.0,0.0,0.0,0.0,0.0,0.0,0.0,26.35,0.0,0.0,0.0,0.0,0.0,0.0
1782918311.936,0.0,0.0,0.0,0.0,0.0,0.0,0.0,0.0,0.0,26.34,0.0,0.0,0.0,0.0,0.0,0.0
1782918316.984,0.0,0.0,0.0,0.0,0.0,0.0,0.0,0.0,0.0,26.34,0.0,0.0,0.0,0.0,0.0,0.0
1782918322.021,0.0,0.0,0.0,0.0,0.0,0.0,0.0,0.0,0.0,26.34,0.0,0.0,0.0,0.0,0.0,0.0
1782918327.069,0.0,0.0,0.0,0.0,0.0,0.0,0.0,0.0,0.0,26.34,0.0,0.0,0.0,0.0,0.0,0.0
1782918332.116,0.0,0.0,0.0,0.0,0.0,0.0,0.0,0.0,0.0,26.34,0.0,0.0,0.0,0.0,0.0,0.0
1782918337.165,0.0,0.0,0.0,0.0,0.0,0.0,0.0,0.0,0.0,26.34,0.0,0.0,0.0,0.0,0.0,0.0
1782918342.214,0.0,0.0,0.0,0.0,0.0,0.0,0.0,0.0,0.0,26.33,0.0,0.0,0.0,0.0,0.0,0.0
1782918347.294,0.0,0.0,0.0,0.0,0.0,0.0,0.0,0.0,0.0,26.33,0.0,0.0,0.0,0.0,0.0,0.0
1782918352.337,0.0,0.0,0.0,0.0,0.0,0.0,0.0,0.0,0.0,26.33,0.0,0.0,0.0,0.0,0.0,0.0
1782918357.386,0.0,0.0,0.0,0.0,0.0,0.0,0.0,0.0,0.0,26.33,0.0,0.0,0.0,0.0,0.0,0.0
1782918362.425,0.0,0.0,0.0,0.0,0.0,0.0,0.0,0.0,0.0,26.33,0.0,0.0,0.0,0.0,0.0,0.0
1782918367.463,0.0,0.0,0.0,0.0,0.0,0.0,0.0,0.0,0.0,26.33,0.0,0.0,0.0,0.0,0.0,0.0
1782918372.529,0.0,0.0,0.0,0.0,0.0,0.0,0.0,0.0,0.0,26.33,0.0,0.0,0.0,0.0,0.0,0.0
1782918377.567,0.0,0.0,0.0,0.0,0.0,0.0,0.0,0.0,0.0,26.33,0.0,0.0,0.0,0.0,0.0,0.0
1782918382.626,0.0,0.0,0.0,0.0,0.0,0.0,0.0,0.0,0.0,26.33,0.0,0.0,0.0,0.0,0.0,0.0
1782918387.662,0.0,0.0,0.0,0.0,0.0,0.0,0.0,0.0,0.0,26.33,0.0,0.0,0.0,0.0,0.0,0.0
1782918392.7,0.0,0.0,0.0,0.0,0.0,0.0,0.0,0.0,0.0,26.33,0.0,0.0,0.0,0.0,0.0,0.0
1782918397.765,0.0,0.0,0.0,0.0,0.0,0.0,0.0,0.0,0.0,26.33,0.0,0.0,0.0,0.0,0.0,0.0
1782918402.799,0.0,0.0,0.0,0.0,0.0,0.0,0.0,0.0,0.0,26.33,0.0,0.0,0.0,0.0,0.0,0.0
1782918407.847,0.0,0.0,0.0,0.0,0.0,0.0,0.0,0.0,0.0,26.33,0.0,0.0,0.0,0.0,0.0,0.0
1782918412.885,0.0,0.0,0.0,0.0,0.0,0.0,0.0,0.0,0.0,26.33,0.0,0.0,0.0,0.0,0.0,0.0
1782918417.923,0.0,0.0,0.0,0.0,0.0,0.0,0.0,0.0,0.0,26.33,0.0,0.0,0.0,0.0,0.0,0.0
1782918422.971,0.0,0.0,0.0,0.0,0.0,0.0,0.0,0.0,0.0,26.34,0.0,0.0,0.0,0.0,0.0,0.0
1782918428.042,0.0,0.0,0.0,0.0,0.0,0.0,0.0,0.0,0.0,26.34,0.0,0.0,0.0,0.0,0.0,0.0
1782918433.079,0.0,0.0,0.0,0.0,0.0,0.0,0.0,0.0,0.0,26.34,0.0,0.0,0.0,0.0,0.0,0.0
1782918438.112,0.0,0.0,0.0,0.0,0.0,0.0,0.0,0.0,0.0,26.34,0.0,0.0,0.0,0.0,0.0,0.0
1782918443.171,0.0,0.0,0.0,0.0,0.0,0.0,0.0,0.0,0.0,26.34,0.0,0.0,0.0,0.0,0.0,0.0
1782918448.207,0.0,0.0,0.0,0.0,0.0,0.0,0.0,0.0,0.0,26.34,0.0,0.0,0.0,0.0,0.0,0.0
1782918453.277,0.0,0.0,0.0,0.0,0.0,0.0,0.0,0.0,0.0,26.34,0.0,0.0,0.0,0.0,0.0,0.0
1782918458.315,0.0,0.0,0.0,0.0,0.0,0.0,0.0,0.0,0.0,26.34,0.0,0.0,0.0,0.0,0.0,0.0
1782918463.352,0.0,0.0,0.0,0.0,0.0,0.0,0.0,0.0,0.0,26.35,0.0,0.0,0.0,0.0,0.0,0.0
1782918468.4,0.0,0.0,0.0,0.0,0.0,0.0,0.0,0.0,0.0,26.35,0.0,0.0,0.0,0.0,0.0,0.0
1782918473.448,0.0,0.0,0.0,0.0,0.0,0.0,0.0,0.0,0.0,26.35,0.0,0.0,0.0,0.0,0.0,0.0
1782918478.528,0.0,0.0,0.0,0.0,0.0,0.0,0.0,0.0,0.0,26.35,0.0,0.0,0.0,0.0,0.0,0.0
1782918483.577,0.0,0.0,0.0,0.0,0.0,0.0,0.0,0.0,0.0,26.35,0.0,0.0,0.0,0.0,0.0,0.0
1782918488.615,0.0,0.0,0.0,0.0,0.0,0.0,0.0,0.0,0.0,26.35,0.0,0.0,0.0,0.0,0.0,0.0
1782918493.674,0.0,0.0,0.0,0.0,0.0,0.0,0.0,0.0,0.0,26.35,0.0,0.0,0.0,0.0,0.0,0.0
1782918498.722,0.0,0.0,0.0,0.0,0.0,0.0,0.0,0.0,0.0,26.35,0.0,0.0,0.0,0.0,0.0,0.0
1782918503.751,0.0,0.0,0.0,0.0,0.0,0.0,0.0,0.0,0.0,26.35,0.0,0.0,0.0,0.0,0.0,0.0
1782918508.799,0.0,0.0,0.0,0.0,0.0,0.0,0.0,0.0,0.0,26.35,0.0,0.0,0.0,0.0,0.0,0.0
1782918513.859,0.0,0.0,0.0,0.0,0.0,0.0,0.0,0.0,0.0,26.36,0.0,0.0,0.0,0.0,0.0,0.0
1782918518.895,0.0,0.0,0.0,0.0,0.0,0.0,0.0,0.0,0.0,26.35,0.0,0.0,0.0,0.0,0.0,0.0
1782918523.954,0.0,0.0,0.0,0.0,0.0,0.0,0.0,0.0,0.0,26.36,0.0,0.0,0.0,0.0,0.0,0.0
1782918528.991,0.0,0.0,0.0,0.0,0.0,0.0,0.0,0.0,0.0,26.36,0.0,0.0,0.0,0.0,0.0,0.0
1782918534.039,0.0,0.0,0.0,0.0,0.0,0.0,0.0,0.0,0.0,26.36,0.0,0.0,0.0,0.0,0.0,0.0
1782918539.098,0.0,0.0,0.0,0.0,0.0,0.0,0.0,0.0,0.0,26.36,0.0,0.0,0.0,0.0,0.0,0.0
1782918544.152,0.0,0.0,0.0,0.0,0.0,0.0,0.0,0.0,0.0,26.36,0.0,0.0,0.0,0.0,0.0,0.0
1782918549.179,0.0,0.0,0.0,0.0,0.0,0.0,0.0,0.0,0.0,26.36,0.0,0.0,0.0,0.0,0.0,0.0
1782918554.204,0.0,0.0,0.0,0.0,0.0,0.0,0.0,0.0,0.0,26.37,0.0,0.0,0.0,0.0,0.0,0.0
1782918559.22,0.0,0.0,0.0,0.0,0.0,0.0,0.0,0.0,0.0,26.37,0.0,0.0,0.0,0.0,0.0,0.0
1782918564.247,0.0,0.0,0.0,0.0,0.0,0.0,0.0,0.0,0.0,26.37,0.0,0.0,0.0,0.0,0.0,0.0
1782918569.284,0.0,0.0,0.0,0.0,0.0,0.0,0.0,0.0,0.0,26.37,0.0,0.0,0.0,0.0,0.0,0.0
1782918574.306,0.0,0.0,0.0,0.0,0.0,0.0,0.0,0.0,0.0,26.37,0.0,0.0,0.0,0.0,0.0,0.0
1782918579.332,0.0,0.0,0.0,0.0,0.0,0.0,0.0,0.0,0.0,26.37,0.0,0.0,0.0,0.0,0.0,0.0
1782918584.392,0.0,0.0,0.0,0.0,0.0,0.0,0.0,0.0,0.0,26.38,0.0,0.0,0.0,0.0,0.0,0.0
1782918589.429,0.0,0.0,0.0,0.0,0.0,0.0,0.0,0.0,0.0,26.38,0.0,0.0,0.0,0.0,0.0,0.0
1782918594.487,0.0,0.0,0.0,0.0,0.0,0.0,0.0,0.0,0.0,26.38,0.0,0.0,0.0,0.0,0.0,0.0
1782918599.52,0.0,0.0,0.0,0.0,0.0,0.0,0.0,0.0,0.0,26.38,0.0,0.0,0.0,0.0,0.0,0.0
1782918604.577,0.0,0.0,0.0,0.0,0.0,0.0,0.0,0.0,0.0,26.39,0.0,0.0,0.0,0.0,0.0,0.0
1782918609.61,0.0,0.0,0.0,0.0,0.0,0.0,0.0,0.0,0.0,26.39,0.0,0.0,0.0,0.0,0.0,0.0
1782918614.659,0.0,0.0,0.0,0.0,0.0,0.0,0.0,0.0,0.0,26.39,0.0,0.0,0.0,0.0,0.0,0.0
1782918619.735,0.0,0.0,0.0,0.0,0.0,0.0,0.0,0.0,0.0,26.4,0.0,0.0,0.0,0.0,0.0,0.0
1782918624.784,0.0,0.0,0.0,0.0,0.0,0.0,0.0,0.0,0.0,26.4,0.0,0.0,0.0,0.0,0.0,0.0
1782918629.822,0.0,0.0,0.0,0.0,0.0,0.0,0.0,0.0,0.0,26.4,0.0,0.0,0.0,0.0,0.0,0.0
1782918634.881,0.0,0.0,0.0,0.0,0.0,0.0,0.0,0.0,0.0,26.4,0.0,0.0,0.0,0.0,0.0,0.0
1782918639.929,0.0,0.0,0.0,0.0,0.0,0.0,0.0,0.0,0.0,26.4,0.0,0.0,0.0,0.0,0.0,0.0
1782918644.957,0.0,0.0,0.0,0.0,0.0,0.0,0.0,0.0,0.0,26.41,0.0,0.0,0.0,0.0,0.0,0.0
1782918650.002,0.0,0.0,0.0,0.0,0.0,0.0,0.0,0.0,0.0,26.4,0.0,0.0,0.0,0.0,0.0,0.0
1782918655.032,0.0,0.0,0.0,0.0,0.0,0.0,0.0,0.0,0.0,26.41,0.0,0.0,0.0,0.0,0.0,0.0
1782918660.046,0.0,0.0,0.0,0.0,0.0,0.0,0.0,0.0,0.0,26.41,0.0,0.0,0.0,0.0,0.0,0.0
1782918665.077,0.0,0.0,0.0,0.0,0.0,0.0,0.0,0.0,0.0,26.41,0.0,0.0,0.0,0.0,0.0,0.0
1782918670.099,0.0,0.0,0.0,0.0,0.0,0.0,0.0,0.0,0.0,26.41,0.0,0.0,0.0,0.0,0.0,0.0
1782918675.119,0.0,0.0,0.0,0.0,0.0,0.0,0.0,0.0,0.0,26.42,0.0,0.0,0.0,0.0,0.0,0.0
1782918680.165,0.0,0.0,0.0,0.0,0.0,0.0,0.0,0.0,0.0,26.42,0.0,0.0,0.0,0.0,0.0,0.0
1782918685.192,0.0,0.0,0.0,0.0,0.0,0.0,0.0,0.0,0.0,26.42,0.0,0.0,0.0,0.0,0.0,0.0
1782918690.215,0.0,0.0,0.0,0.0,0.0,0.0,0.0,0.0,0.0,26.42,0.0,0.0,0.0,0.0,0.0,0.0
1782918695.241,0.0,0.0,0.0,0.0,0.0,0.0,0.0,0.0,0.0,26.42,0.0,0.0,0.0,0.0,0.0,0.0
1782918700.262,0.0,0.0,0.0,0.0,0.0,0.0,0.0,0.0,0.0,26.43,0.0,0.0,0.0,0.0,0.0,0.0
1782918705.293,0.0,0.0,0.0,0.0,0.0,0.0,0.0,0.0,0.0,26.43,0.0,0.0,0.0,0.0,0.0,0.0
1782918710.325,0.0,0.0,0.0,0.0,0.0,0.0,0.0,0.0,0.0,26.43,0.0,0.0,0.0,0.0,0.0,0.0
1782918715.357,0.0,0.0,0.0,0.0,0.0,0.0,0.0,0.0,0.0,26.43,0.0,0.0,0.0,0.0,0.0,0.0
1782918720.39,0.0,0.0,0.0,0.0,0.0,0.0,0.0,0.0,0.0,26.44,0.0,0.0,0.0,0.0,0.0,0.0
1782918725.447,0.0,0.0,0.0,0.0,0.0,0.0,0.0,0.0,0.0,26.44,0.0,0.0,0.0,0.0,0.0,0.0
1782918730.495,0.0,0.0,0.0,0.0,0.0,0.0,0.0,0.0,0.0,26.44,0.0,0.0,0.0,0.0,0.0,0.0
1782918735.543,0.0,0.0,0.0,0.0,0.0,0.0,0.0,0.0,0.0,26.44,0.0,0.0,0.0,0.0,0.0,0.0
1782918740.592,0.0,0.0,0.0,0.0,0.0,0.0,0.0,0.0,0.0,26.44,0.0,0.0,0.0,0.0,0.0,0.0
1782918745.64,0.0,0.0,0.0,0.0,0.0,0.0,0.0,0.0,0.0,26.45,0.0,0.0,0.0,0.0,0.0,0.0
1782918750.689,0.0,0.0,0.0,0.0,0.0,0.0,0.0,0.0,0.0,26.45,0.0,0.0,0.0,0.0,0.0,0.0
1782918755.747,0.0,0.0,0.0,0.0,0.0,0.0,0.0,0.0,0.0,26.45,0.0,0.0,0.0,0.0,0.0,0.0
1782918760.782,0.0,0.0,0.0,0.0,0.0,0.0,0.0,0.0,0.0,26.45,0.0,0.0,0.0,0.0,0.0,0.0
1782918765.816,0.0,0.0,0.0,0.0,0.0,0.0,0.0,0.0,0.0,26.45,0.0,0.0,0.0,0.0,0.0,0.0
1782918770.865,0.0,0.0,0.0,0.0,0.0,0.0,0.0,0.0,0.0,26.45,0.0,0.0,0.0,0.0,0.0,0.0
1782918775.914,0.0,0.0,0.0,0.0,0.0,0.0,0.0,0.0,0.0,26.46,0.0,0.0,0.0,0.0,0.0,0.0
1782918780.993,0.0,0.0,0.0,0.0,0.0,0.0,0.0,0.0,0.0,26.46,0.0,0.0,0.0,0.0,0.0,0.0
1782918786.03,0.0,0.0,0.0,0.0,0.0,0.0,0.0,0.0,0.0,26.47,0.0,0.0,0.0,0.0,0.0,0.0
1782918791.074,0.0,0.0,0.0,0.0,0.0,0.0,0.0,0.0,0.0,26.47,0.0,0.0,0.0,0.0,0.0,0.0
1782918796.101,0.0,0.0,0.0,0.0,0.0,0.0,0.0,0.0,0.0,26.47,0.0,0.0,0.0,0.0,0.0,0.0
1782918801.119,0.0,0.0,0.0,0.0,0.0,0.0,0.0,0.0,0.0,26.47,0.0,0.0,0.0,0.0,0.0,0.0
1782918806.145,0.0,0.0,0.0,0.0,0.0,0.0,0.0,0.0,0.0,26.48,0.0,0.0,0.0,0.0,0.0,0.0
1782918811.167,0.0,0.0,0.0,0.0,0.0,0.0,0.0,0.0,0.0,26.48,0.0,0.0,0.0,0.0,0.0,0.0
1782918816.199,0.0,0.0,0.0,0.0,0.0,0.0,0.0,0.0,0.0,26.48,0.0,0.0,0.0,0.0,0.0,0.0
1782918821.229,0.0,0.0,0.0,0.0,0.0,0.0,0.0,0.0,0.0,26.48,0.0,0.0,0.0,0.0,0.0,0.0
1782918826.256,0.0,0.0,0.0,0.0,0.0,0.0,0.0,0.0,0.0,26.49,0.0,0.0,0.0,0.0,0.0,0.0
1782918831.274,0.0,0.0,0.0,0.0,0.0,0.0,0.0,0.0,0.0,26.49,0.0,0.0,0.0,0.0,0.0,0.0
1782918836.3,0.0,0.0,0.0,0.0,0.0,0.0,0.0,0.0,0.0,26.49,0.0,0.0,0.0,0.0,0.0,0.0
1782918841.328,0.0,0.0,0.0,0.0,0.0,0.0,0.0,0.0,0.0,26.49,0.0,0.0,0.0,0.0,0.0,0.0
1782918846.359,0.0,0.0,0.0,0.0,0.0,0.0,0.0,0.0,0.0,26.5,0.0,0.0,0.0,0.0,0.0,0.0
1782918851.384,0.0,0.0,0.0,0.0,0.0,0.0,0.0,0.0,0.0,26.5,0.0,0.0,0.0,0.0,0.0,0.0
1782918856.392,0.0,0.0,0.0,0.0,0.0,0.0,0.0,0.0,0.0,26.5,0.0,0.0,0.0,0.0,0.0,0.0
1782918861.422,0.0,0.0,0.0,0.0,0.0,0.0,0.0,0.0,0.0,26.5,0.0,0.0,0.0,0.0,0.0,0.0
1782918866.455,0.0,0.0,0.0,0.0,0.0,0.0,0.0,0.0,0.0,26.5,0.0,0.0,0.0,0.0,0.0,0.0
1782918871.474,0.0,0.0,0.0,0.0,0.0,0.0,0.0,0.0,0.0,26.5,0.0,0.0,0.0,0.0,0.0,0.0
1782918876.51,0.0,0.0,0.0,0.0,0.0,0.0,0.0,0.0,0.0,26.51,0.0,0.0,0.0,0.0,0.0,0.0
1782918881.53,0.0,0.0,0.0,0.0,0.0,0.0,0.0,0.0,0.0,26.51,0.0,0.0,0.0,0.0,0.0,0.0
1782918886.55,0.0,0.0,0.0,0.0,0.0,0.0,0.0,0.0,0.0,26.51,0.0,0.0,0.0,0.0,0.0,0.0
1782918891.587,0.0,0.0,0.0,0.0,0.0,0.0,0.0,0.0,0.0,26.51,0.0,0.0,0.0,0.0,0.0,0.0
1782918896.632,0.0,0.0,0.0,0.0,0.0,0.0,0.0,0.0,0.0,26.51,0.0,0.0,0.0,0.0,0.0,0.0
1782918901.66,0.0,0.0,0.0,0.0,0.0,0.0,0.0,0.0,0.0,26.51,0.0,0.0,0.0,0.0,0.0,0.0
1782918906.703,0.0,0.0,0.0,0.0,0.0,0.0,0.0,0.0,0.0,26.51,0.0,0.0,0.0,0.0,0.0,0.0
1782918911.736,0.0,0.0,0.0,0.0,0.0,0.0,0.0,0.0,0.0,26.51,0.0,0.0,0.0,0.0,0.0,0.0
1782918916.786,0.0,0.0,0.0,0.0,0.0,0.0,0.0,0.0,0.0,26.51,0.0,0.0,0.0,0.0,0.0,0.0
1782918921.814,0.0,0.0,0.0,0.0,0.0,0.0,0.0,0.0,0.0,26.51,0.0,0.0,0.0,0.0,0.0,0.0
1782918926.828,0.0,0.0,0.0,0.0,0.0,0.0,0.0,0.0,0.0,26.51,0.0,0.0,0.0,0.0,0.0,0.0
1782918931.852,0.0,0.0,0.0,0.0,0.0,0.0,0.0,0.0,0.0,26.51,0.0,0.0,0.0,0.0,0.0,0.0
1782918936.883,0.0,0.0,0.0,0.0,0.0,0.0,0.0,0.0,0.0,26.51,0.0,0.0,0.0,0.0,0.0,0.0
1782918941.906,0.0,0.0,0.0,0.0,0.0,0.0,0.0,0.0,0.0,26.51,0.0,0.0,0.0,0.0,0.0,0.0
1782918946.934,0.0,0.0,0.0,0.0,0.0,0.0,0.0,0.0,0.0,26.51,0.0,0.0,0.0,0.0,0.0,0.0
1782918951.958,0.0,0.0,0.0,0.0,0.0,0.0,0.0,0.0,0.0,26.51,0.0,0.0,0.0,0.0,0.0,0.0
1782918956.972,0.0,0.0,0.0,0.0,0.0,0.0,0.0,0.0,0.0,26.51,0.0,0.0,0.0,0.0,0.0,0.0
1782918961.996,0.0,0.0,0.0,0.0,0.0,0.0,0.0,0.0,0.0,26.5,0.0,0.0,0.0,0.0,0.0,0.0
1782918967.017,0.0,0.0,0.0,0.0,0.0,0.0,0.0,0.0,0.0,26.51,0.0,0.0,0.0,0.0,0.0,0.0
1782918972.036,0.0,0.0,0.0,0.0,0.0,0.0,0.0,0.0,0.0,26.5,0.0,0.0,0.0,0.0,0.0,0.0
1782918977.06,0.0,0.0,0.0,0.0,0.0,0.0,0.0,0.0,0.0,26.5,0.0,0.0,0.0,0.0,0.0,0.0
1782918982.087,0.0,0.0,0.0,0.0,0.0,0.0,0.0,0.0,0.0,26.5,0.0,0.0,0.0,0.0,0.0,0.0
1782918987.105,0.0,0.0,0.0,0.0,0.0,0.0,0.0,0.0,0.0,26.5,0.0,0.0,0.0,0.0,0.0,0.0
1782918992.129,0.0,0.0,0.0,0.0,0.0,0.0,0.0,0.0,0.0,26.5,0.0,0.0,0.0,0.0,0.0,0.0
1782918997.153,0.0,0.0,0.0,0.0,0.0,0.0,0.0,0.0,0.0,26.5,0.0,0.0,0.0,0.0,0.0,0.0
1782919002.181,0.0,0.0,0.0,0.0,0.0,0.0,0.0,0.0,0.0,26.49,0.0,0.0,0.0,0.0,0.0,0.0
1782919007.2,0.0,0.0,0.0,0.0,0.0,0.0,0.0,0.0,0.0,26.49,0.0,0.0,0.0,0.0,0.0,0.0
1782919012.224,0.0,0.0,0.0,0.0,0.0,0.0,0.0,0.0,0.0,26.49,0.0,0.0,0.0,0.0,0.0,0.0
1782919017.248,0.0,0.0,0.0,0.0,0.0,0.0,0.0,0.0,0.0,26.48,0.0,0.0,0.0,0.0,0.0,0.0
1782919022.272,0.0,0.0,0.0,0.0,0.0,0.0,0.0,0.0,0.0,26.48,0.0,0.0,0.0,0.0,0.0,0.0
1782919027.314,0.0,0.0,0.0,0.0,0.0,0.0,0.0,0.0,0.0,26.48,0.0,0.0,0.0,0.0,0.0,0.0
1782919032.332,0.0,0.0,0.0,0.0,0.0,0.0,0.0,0.0,0.0,26.47,0.0,0.0,0.0,0.0,0.0,0.0
1782919037.348,0.0,0.0,0.0,0.0,0.0,0.0,0.0,0.0,0.0,26.47,0.0,0.0,0.0,0.0,0.0,0.0
1782919042.366,0.0,0.0,0.0,0.0,0.0,0.0,0.0,0.0,0.0,26.47,0.0,0.0,0.0,0.0,0.0,0.0
1782919047.391,0.0,0.0,0.0,0.0,0.0,0.0,0.0,0.0,0.0,26.46,0.0,0.0,0.0,0.0,0.0,0.0
1782919052.417,0.0,0.0,0.0,0.0,0.0,0.0,0.0,0.0,0.0,26.46,0.0,0.0,0.0,0.0,0.0,0.0
1782919057.434,0.0,0.0,0.0,0.0,0.0,0.0,0.0,0.0,0.0,26.45,0.0,0.0,0.0,0.0,0.0,0.0
1782919062.463,0.0,0.0,0.0,0.0,0.0,0.0,0.0,0.0,0.0,26.45,0.0,0.0,0.0,0.0,0.0,0.0
1782919067.474,0.0,0.0,0.0,0.0,0.0,0.0,0.0,0.0,0.0,26.45,0.0,0.0,0.0,0.0,0.0,0.0
1782919072.506,0.0,0.0,0.0,0.0,0.0,0.0,0.0,0.0,0.0,26.45,0.0,0.0,0.0,0.0,0.0,0.0
1782919077.531,0.0,0.0,0.0,0.0,0.0,0.0,0.0,0.0,0.0,26.44,0.0,0.0,0.0,0.0,0.0,0.0
1782919082.554,0.0,0.0,0.0,0.0,0.0,0.0,0.0,0.0,0.0,26.44,0.0,0.0,0.0,0.0,0.0,0.0
1782919087.578,0.0,0.0,0.0,0.0,0.0,0.0,0.0,0.0,0.0,26.44,0.0,0.0,0.0,0.0,0.0,0.0
1782919092.599,0.0,0.0,0.0,0.0,0.0,0.0,0.0,0.0,0.0,26.44,0.0,0.0,0.0,0.0,0.0,0.0
1782919097.622,0.0,0.0,0.0,0.0,0.0,0.0,0.0,0.0,0.0,26.43,0.0,0.0,0.0,0.0,0.0,0.0
1782919102.647,0.0,0.0,0.0,0.0,0.0,0.0,0.0,0.0,0.0,26.43,0.0,0.0,0.0,0.0,0.0,0.0
1782919107.671,0.0,0.0,0.0,0.0,0.0,0.0,0.0,0.0,0.0,26.43,0.0,0.0,0.0,0.0,0.0,0.0
1782919112.684,0.0,0.0,0.0,0.0,0.0,0.0,0.0,0.0,0.0,26.42,0.0,0.0,0.0,0.0,0.0,0.0
1782919117.721,0.0,0.0,0.0,0.0,0.0,0.0,0.0,0.0,0.0,26.42,0.0,0.0,0.0,0.0,0.0,0.0
1782919122.742,0.0,0.0,0.0,0.0,0.0,0.0,0.0,0.0,0.0,26.42,0.0,0.0,0.0,0.0,0.0,0.0
1782919127.753,0.0,0.0,0.0,0.0,0.0,0.0,0.0,0.0,0.0,26.41,0.0,0.0,0.0,0.0,0.0,0.0
1782919132.77,0.0,0.0,0.0,0.0,0.0,0.0,0.0,0.0,0.0,26.41,0.0,0.0,0.0,0.0,0.0,0.0
1782919137.779,0.0,0.0,0.0,0.0,0.0,0.0,0.0,0.0,0.0,26.4,0.0,0.0,0.0,0.0,0.0,0.0
1782919142.799,0.0,0.0,0.0,0.0,0.0,0.0,0.0,0.0,0.0,26.4,0.0,0.0,0.0,0.0,0.0,0.0
1782919147.816,0.0,0.0,0.0,0.0,0.0,0.0,0.0,0.0,0.0,26.4,0.0,0.0,0.0,0.0,0.0,0.0
1782919152.827,0.0,0.0,0.0,0.0,0.0,0.0,0.0,0.0,0.0,26.39,0.0,0.0,0.0,0.0,0.0,0.0
1782919157.846,0.0,0.0,0.0,0.0,0.0,0.0,0.0,0.0,0.0,26.38,0.0,0.0,0.0,0.0,0.0,0.0
1782919162.857,0.0,0.0,0.0,0.0,0.0,0.0,0.0,0.0,0.0,26.38,0.0,0.0,0.0,0.0,0.0,0.0
1782919167.871,0.0,0.0,0.0,0.0,0.0,0.0,0.0,0.0,0.0,26.38,0.0,0.0,0.0,0.0,0.0,0.0
1782919172.889,0.0,0.0,0.0,0.0,0.0,0.0,0.0,0.0,0.0,26.37,0.0,0.0,0.0,0.0,0.0,0.0
1782919177.904,0.0,0.0,0.0,0.0,0.0,0.0,0.0,0.0,0.0,26.37,0.0,0.0,0.0,0.0,0.0,0.0
1782919182.915,0.0,0.0,0.0,0.0,0.0,0.0,0.0,0.0,0.0,26.37,0.0,0.0,0.0,0.0,0.0,0.0
1782919187.933,0.0,0.0,0.0,0.0,0.0,0.0,0.0,0.0,0.0,26.36,0.0,0.0,0.0,0.0,0.0,0.0
1782919192.95,0.0,0.0,0.0,0.0,0.0,0.0,0.0,0.0,0.0,26.36,0.0,0.0,0.0,0.0,0.0,0.0
1782919197.961,0.0,0.0,0.0,0.0,0.0,0.0,0.0,0.0,0.0,26.36,0.0,0.0,0.0,0.0,0.0,0.0
1782919202.975,0.0,0.0,0.0,0.0,0.0,0.0,0.0,0.0,0.0,26.35,0.0,0.0,0.0,0.0,0.0,0.0
1782919207.987,0.0,0.0,0.0,0.0,0.0,0.0,0.0,0.0,0.0,26.35,0.0,0.0,0.0,0.0,0.0,0.0
1782919213.0,0.0,0.0,0.0,0.0,0.0,0.0,0.0,0.0,0.0,26.35,0.0,0.0,0.0,0.0,0.0,0.0
1782919218.022,0.0,0.0,0.0,0.0,0.0,0.0,0.0,0.0,0.0,26.35,0.0,0.0,0.0,0.0,0.0,0.0
1782919223.031,0.0,0.0,0.0,0.0,0.0,0.0,0.0,0.0,0.0,26.35,0.0,0.0,0.0,0.0,0.0,0.0
1782919228.047,0.0,0.0,0.0,0.0,0.0,0.0,0.0,0.0,0.0,26.34,0.0,0.0,0.0,0.0,0.0,0.0
1782919233.061,0.0,0.0,0.0,0.0,0.0,0.0,0.0,0.0,0.0,26.34,0.0,0.0,0.0,0.0,0.0,0.0
1782919238.071,0.0,0.0,0.0,0.0,0.0,0.0,0.0,0.0,0.0,26.34,0.0,0.0,0.0,0.0,0.0,0.0
1782919243.086,0.0,0.0,0.0,0.0,0.0,0.0,0.0,0.0,0.0,26.34,0.0,0.0,0.0,0.0,0.0,0.0
1782919248.104,0.0,0.0,0.0,0.0,0.0,0.0,0.0,0.0,0.0,26.33,0.0,0.0,0.0,0.0,0.0,0.0
1782919253.109,0.0,0.0,0.0,0.0,0.0,0.0,0.0,0.0,0.0,26.33,0.0,0.0,0.0,0.0,0.0,0.0
1782919258.127,0.0,0.0,0.0,0.0,0.0,0.0,0.0,0.0,0.0,26.33,0.0,0.0,0.0,0.0,0.0,0.0
1782919263.145,0.0,0.0,0.0,0.0,0.0,0.0,0.0,0.0,0.0,26.33,0.0,0.0,0.0,0.0,0.0,0.0
1782919268.159,0.0,0.0,0.0,0.0,0.0,0.0,0.0,0.0,0.0,26.33,0.0,0.0,0.0,0.0,0.0,0.0
1782919273.178,0.0,0.0,0.0,0.0,0.0,0.0,0.0,0.0,0.0,26.33,0.0,0.0,0.0,0.0,0.0,0.0
1782919278.194,0.0,0.0,0.0,0.0,0.0,0.0,0.0,0.0,0.0,26.33,0.0,0.0,0.0,0.0,0.0,0.0
1782919283.207,0.0,0.0,0.0,0.0,0.0,0.0,0.0,0.0,0.0,26.33,0.0,0.0,0.0,0.0,0.0,0.0
1782919288.224,0.0,0.0,0.0,0.0,0.0,0.0,0.0,0.0,0.0,26.33,0.0,0.0,0.0,0.0,0.0,0.0
1782919293.235,0.0,0.0,0.0,0.0,0.0,0.0,0.0,0.0,0.0,26.33,0.0,0.0,0.0,0.0,0.0,0.0
1782919298.251,0.0,0.0,0.0,0.0,0.0,0.0,0.0,0.0,0.0,26.33,0.0,0.0,0.0,0.0,0.0,0.0
1782919303.26,0.0,0.0,0.0,0.0,0.0,0.0,0.0,0.0,0.0,26.33,0.0,0.0,0.0,0.0,0.0,0.0
1782919308.274,0.0,0.0,0.0,0.0,0.0,0.0,0.0,0.0,0.0,26.33,0.0,0.0,0.0,0.0,0.0,0.0
1782919313.296,0.0,0.0,0.0,0.0,0.0,0.0,0.0,0.0,0.0,26.34,0.0,0.0,0.0,0.0,0.0,0.0
1782919318.325,0.0,0.0,0.0,0.0,0.0,0.0,0.0,0.0,0.0,26.33,0.0,0.0,0.0,0.0,0.0,0.0
1782919323.339,0.0,0.0,0.0,0.0,0.0,0.0,0.0,0.0,0.0,26.34,0.0,0.0,0.0,0.0,0.0,0.0
1782919328.367,0.0,0.0,0.0,0.0,0.0,0.0,0.0,0.0,0.0,26.33,0.0,0.0,0.0,0.0,0.0,0.0
1782919333.399,0.0,0.0,0.0,0.0,0.0,0.0,0.0,0.0,0.0,26.34,0.0,0.0,0.0,0.0,0.0,0.0
1782919338.424,0.0,0.0,0.0,0.0,0.0,0.0,0.0,0.0,0.0,26.34,0.0,0.0,0.0,0.0,0.0,0.0
1782919343.449,0.0,0.0,0.0,0.0,0.0,0.0,0.0,0.0,0.0,26.34,0.0,0.0,0.0,0.0,0.0,0.0
1782919348.473,0.0,0.0,0.0,0.0,0.0,0.0,0.0,0.0,0.0,26.34,0.0,0.0,0.0,0.0,0.0,0.0
1782919353.488,0.0,0.0,0.0,0.0,0.0,0.0,0.0,0.0,0.0,26.34,0.0,0.0,0.0,0.0,0.0,0.0
1782919358.515,0.0,0.0,0.0,0.0,0.0,0.0,0.0,0.0,0.0,26.34,0.0,0.0,0.0,0.0,0.0,0.0
1782919363.546,0.0,0.0,0.0,0.0,0.0,0.0,0.0,0.0,0.0,26.34,0.0,0.0,0.0,0.0,0.0,0.0
1782919368.566,0.0,0.0,0.0,0.0,0.0,0.0,0.0,0.0,0.0,26.34,0.0,0.0,0.0,0.0,0.0,0.0
1782919373.586,0.0,0.0,0.0,0.0,0.0,0.0,0.0,0.0,0.0,26.34,0.0,0.0,0.0,0.0,0.0,0.0
1782919378.601,0.0,0.0,0.0,0.0,0.0,0.0,0.0,0.0,0.0,26.35,0.0,0.0,0.0,0.0,0.0,0.0
1782919383.617,0.0,0.0,0.0,0.0,0.0,0.0,0.0,0.0,0.0,26.35,0.0,0.0,0.0,0.0,0.0,0.0
1782919388.637,0.0,0.0,0.0,0.0,0.0,0.0,0.0,0.0,0.0,26.35,0.0,0.0,0.0,0.0,0.0,0.0
1782919393.653,0.0,0.0,0.0,0.0,0.0,0.0,0.0,0.0,0.0,26.35,0.0,0.0,0.0,0.0,0.0,0.0
1782919398.668,0.0,0.0,0.0,0.0,0.0,0.0,0.0,0.0,0.0,26.35,0.0,0.0,0.0,0.0,0.0,0.0
1782919403.681,0.0,0.0,0.0,0.0,0.0,0.0,0.0,0.0,0.0,26.35,0.0,0.0,0.0,0.0,0.0,0.0
1782919408.692,0.0,0.0,0.0,0.0,0.0,0.0,0.0,0.0,0.0,26.35,0.0,0.0,0.0,0.0,0.0,0.0
1782919413.711,0.0,0.0,0.0,0.0,0.0,0.0,0.0,0.0,0.0,26.35,0.0,0.0,0.0,0.0,0.0,0.0
1782919418.723,0.0,0.0,0.0,0.0,0.0,0.0,0.0,0.0,0.0,26.36,0.0,0.0,0.0,0.0,0.0,0.0
1782919423.732,0.0,0.0,0.0,0.0,0.0,0.0,0.0,0.0,0.0,26.36,0.0,0.0,0.0,0.0,0.0,0.0
1782919428.744,0.0,0.0,0.0,0.0,0.0,0.0,0.0,0.0,0.0,26.36,0.0,0.0,0.0,0.0,0.0,0.0
1782919433.763,0.0,0.0,0.0,0.0,0.0,0.0,0.0,0.0,0.0,26.36,0.0,0.0,0.0,0.0,0.0,0.0
1782919438.776,0.0,0.0,0.0,0.0,0.0,0.0,0.0,0.0,0.0,26.36,0.0,0.0,0.0,0.0,0.0,0.0
1782919443.791,0.0,0.0,0.0,0.0,0.0,0.0,0.0,0.0,0.0,26.36,0.0,0.0,0.0,0.0,0.0,0.0
1782919448.805,0.0,0.0,0.0,0.0,0.0,0.0,0.0,0.0,0.0,26.36,0.0,0.0,0.0,0.0,0.0,0.0
1782919453.812,0.0,0.0,0.0,0.0,0.0,0.0,0.0,0.0,0.0,26.36,0.0,0.0,0.0,0.0,0.0,0.0
1782919458.829,0.0,0.0,0.0,0.0,0.0,0.0,0.0,0.0,0.0,26.36,0.0,0.0,0.0,0.0,0.0,0.0
1782919463.84,0.0,0.0,0.0,0.0,0.0,0.0,0.0,0.0,0.0,26.37,0.0,0.0,0.0,0.0,0.0,0.0
1782919468.856,0.0,0.0,0.0,0.0,0.0,0.0,0.0,0.0,0.0,26.37,0.0,0.0,0.0,0.0,0.0,0.0
1782919473.873,0.0,0.0,0.0,0.0,0.0,0.0,0.0,0.0,0.0,26.37,0.0,0.0,0.0,0.0,0.0,0.0
1782919478.888,0.0,0.0,0.0,0.0,0.0,0.0,0.0,0.0,0.0,26.37,0.0,0.0,0.0,0.0,0.0,0.0
1782919483.918,0.0,0.0,0.0,0.0,0.0,0.0,0.0,0.0,0.0,26.37,0.0,0.0,0.0,0.0,0.0,0.0
1782919488.937,0.0,0.0,0.0,0.0,0.0,0.0,0.0,0.0,0.0,26.37,0.0,0.0,0.0,0.0,0.0,0.0
1782919493.959,0.0,0.0,0.0,0.0,0.0,0.0,0.0,0.0,0.0,26.38,0.0,0.0,0.0,0.0,0.0,0.0
1782919498.987,0.0,0.0,0.0,0.0,0.0,0.0,0.0,0.0,0.0,26.38,0.0,0.0,0.0,0.0,0.0,0.0
1782919504.004,0.0,0.0,0.0,0.0,0.0,0.0,0.0,0.0,0.0,26.38,0.0,0.0,0.0,0.0,0.0,0.0
1782919509.033,0.0,0.0,0.0,0.0,0.0,0.0,0.0,0.0,0.0,26.39,0.0,0.0,0.0,0.0,0.0,0.0
1782919514.052,0.0,0.0,0.0,0.0,0.0,0.0,0.0,0.0,0.0,26.39,0.0,0.0,0.0,0.0,0.0,0.0
1782919519.074,0.0,0.0,0.0,0.0,0.0,0.0,0.0,0.0,0.0,26.39,0.0,0.0,0.0,0.0,0.0,0.0
1782919524.112,0.0,0.0,0.0,0.0,0.0,0.0,0.0,0.0,0.0,26.39,0.0,0.0,0.0,0.0,0.0,0.0
1782919529.139,0.0,0.0,0.0,0.0,0.0,0.0,0.0,0.0,0.0,26.39,0.0,0.0,0.0,0.0,0.0,0.0
1782919534.156,0.0,0.0,0.0,0.0,0.0,0.0,0.0,0.0,0.0,26.4,0.0,0.0,0.0,0.0,0.0,0.0
1782919539.185,0.0,0.0,0.0,0.0,0.0,0.0,0.0,0.0,0.0,26.4,0.0,0.0,0.0,0.0,0.0,0.0
1782919544.207,0.0,0.0,0.0,0.0,0.0,0.0,0.0,0.0,0.0,26.4,0.0,0.0,0.0,0.0,0.0,0.0
1782919549.223,0.0,0.0,0.0,0.0,0.0,0.0,0.0,0.0,0.0,26.4,0.0,0.0,0.0,0.0,0.0,0.0
1782919554.251,0.0,0.0,0.0,0.0,0.0,0.0,0.0,0.0,0.0,26.4,0.0,0.0,0.0,0.0,0.0,0.0
1782919559.274,0.0,0.0,0.0,0.0,0.0,0.0,0.0,0.0,0.0,26.41,0.0,0.0,0.0,0.0,0.0,0.0
1782919564.296,0.0,0.0,0.0,0.0,0.0,0.0,0.0,0.0,0.0,26.41,0.0,0.0,0.0,0.0,0.0,0.0
1782919569.321,0.0,0.0,0.0,0.0,0.0,0.0,0.0,0.0,0.0,26.41,0.0,0.0,0.0,0.0,0.0,0.0
1782919574.345,0.0,0.0,0.0,0.0,0.0,0.0,0.0,0.0,0.0,26.41,0.0,0.0,0.0,0.0,0.0,0.0
1782919579.362,0.0,0.0,0.0,0.0,0.0,0.0,0.0,0.0,0.0,26.41,0.0,0.0,0.0,0.0,0.0,0.0
1782919584.389,0.0,0.0,0.0,0.0,0.0,0.0,0.0,0.0,0.0,26.41,0.0,0.0,0.0,0.0,0.0,0.0
1782919589.415,0.0,0.0,0.0,0.0,0.0,0.0,0.0,0.0,0.0,26.42,0.0,0.0,0.0,0.0,0.0,0.0
1782919594.439,0.0,0.0,0.0,0.0,0.0,0.0,0.0,0.0,0.0,26.42,0.0,0.0,0.0,0.0,0.0,0.0
1782919599.464,0.0,0.0,0.0,0.0,0.0,0.0,0.0,0.0,0.0,26.42,0.0,0.0,0.0,0.0,0.0,0.0
1782919604.473,0.0,0.0,0.0,0.0,0.0,0.0,0.0,0.0,0.0,26.42,0.0,0.0,0.0,0.0,0.0,0.0
1782919609.503,0.0,0.0,0.0,0.0,0.0,0.0,0.0,0.0,0.0,26.42,0.0,0.0,0.0,0.0,0.0,0.0
1782919614.528,0.0,0.0,0.0,0.0,0.0,0.0,0.0,0.0,0.0,26.42,0.0,0.0,0.0,0.0,0.0,0.0
1782919619.555,0.0,0.0,0.0,0.0,0.0,0.0,0.0,0.0,0.0,26.43,0.0,0.0,0.0,0.0,0.0,0.0
1782919624.584,0.0,0.0,0.0,0.0,0.0,0.0,0.0,0.0,0.0,26.43,0.0,0.0,0.0,0.0,0.0,0.0
1782919629.603,0.0,0.0,0.0,0.0,0.0,0.0,0.0,0.0,0.0,26.43,0.0,0.0,0.0,0.0,0.0,0.0
1782919634.623,0.0,0.0,0.0,0.0,0.0,0.0,0.0,0.0,0.0,26.43,0.0,0.0,0.0,0.0,0.0,0.0
1782919639.657,0.0,0.0,0.0,0.0,0.0,0.0,0.0,0.0,0.0,26.43,0.0,0.0,0.0,0.0,0.0,0.0
1782919644.681,0.0,0.0,0.0,0.0,0.0,0.0,0.0,0.0,0.0,26.44,0.0,0.0,0.0,0.0,0.0,0.0
1782919649.704,0.0,0.0,0.0,0.0,0.0,0.0,0.0,0.0,0.0,26.44,0.0,0.0,0.0,0.0,0.0,0.0
1782919654.724,0.0,0.0,0.0,0.0,0.0,0.0,0.0,0.0,0.0,26.44,0.0,0.0,0.0,0.0,0.0,0.0
1782919659.743,0.0,0.0,0.0,0.0,0.0,0.0,0.0,0.0,0.0,26.44,0.0,0.0,0.0,0.0,0.0,0.0
1782919664.768,0.0,0.0,0.0,0.0,0.0,0.0,0.0,0.0,0.0,26.44,0.0,0.0,0.0,0.0,0.0,0.0
1782919669.794,0.0,0.0,0.0,0.0,0.0,0.0,0.0,0.0,0.0,26.45,0.0,0.0,0.0,0.0,0.0,0.0
1782919674.814,0.0,0.0,0.0,0.0,0.0,0.0,0.0,0.0,0.0,26.45,0.0,0.0,0.0,0.0,0.0,0.0
1782919679.84,0.0,0.0,0.0,0.0,0.0,0.0,0.0,0.0,0.0,26.45,0.0,0.0,0.0,0.0,0.0,0.0
1782919684.869,0.0,0.0,0.0,0.0,0.0,0.0,0.0,0.0,0.0,26.45,0.0,0.0,0.0,0.0,0.0,0.0
1782919689.891,0.0,0.0,0.0,0.0,0.0,0.0,0.0,0.0,0.0,26.45,0.0,0.0,0.0,0.0,0.0,0.0
1782919694.915,0.0,0.0,0.0,0.0,0.0,0.0,0.0,0.0,0.0,26.45,0.0,0.0,0.0,0.0,0.0,0.0
1782919699.94,0.0,0.0,0.0,0.0,0.0,0.0,0.0,0.0,0.0,26.46,0.0,0.0,0.0,0.0,0.0,0.0
1782919704.952,0.0,0.0,0.0,0.0,0.0,0.0,0.0,0.0,0.0,26.46,0.0,0.0,0.0,0.0,0.0,0.0
1782919709.976,0.0,0.0,0.0,0.0,0.0,0.0,0.0,0.0,0.0,26.46,0.0,0.0,0.0,0.0,0.0,0.0
1782919715.012,0.0,0.0,0.0,0.0,0.0,0.0,0.0,0.0,0.0,26.47,0.0,0.0,0.0,0.0,0.0,0.0
1782919720.032,0.0,0.0,0.0,0.0,0.0,0.0,0.0,0.0,0.0,26.47,0.0,0.0,0.0,0.0,0.0,0.0
1782919725.048,0.0,0.0,0.0,0.0,0.0,0.0,0.0,0.0,0.0,26.47,0.0,0.0,0.0,0.0,0.0,0.0
1782919730.078,0.0,0.0,0.0,0.0,0.0,0.0,0.0,0.0,0.0,26.47,0.0,0.0,0.0,0.0,0.0,0.0
1782919735.1,0.0,0.0,0.0,0.0,0.0,0.0,0.0,0.0,0.0,26.48,0.0,0.0,0.0,0.0,0.0,0.0
1782919740.131,0.0,0.0,0.0,0.0,0.0,0.0,0.0,0.0,0.0,26.48,0.0,0.0,0.0,0.0,0.0,0.0
1782919745.154,0.0,0.0,0.0,0.0,0.0,0.0,0.0,0.0,0.0,26.48,0.0,0.0,0.0,0.0,0.0,0.0
1782919750.174,0.0,0.0,0.0,0.0,0.0,0.0,0.0,0.0,0.0,26.48,0.0,0.0,0.0,0.0,0.0,0.0
1782919755.193,0.0,0.0,0.0,0.0,0.0,0.0,0.0,0.0,0.0,26.49,0.0,0.0,0.0,0.0,0.0,0.0
1782919760.223,0.0,0.0,0.0,0.0,0.0,0.0,0.0,0.0,0.0,26.49,0.0,0.0,0.0,0.0,0.0,0.0
1782919765.243,0.0,0.0,0.0,0.0,0.0,0.0,0.0,0.0,0.0,26.49,0.0,0.0,0.0,0.0,0.0,0.0
1782919770.256,0.0,0.0,0.0,0.0,0.0,0.0,0.0,0.0,0.0,26.49,0.0,0.0,0.0,0.0,0.0,0.0
1782919775.273,0.0,0.0,0.0,0.0,0.0,0.0,0.0,0.0,0.0,26.49,0.0,0.0,0.0,0.0,0.0,0.0
1782919780.289,0.0,0.0,0.0,0.0,0.0,0.0,0.0,0.0,0.0,26.49,0.0,0.0,0.0,0.0,0.0,0.0
1782919785.305,0.0,0.0,0.0,0.0,0.0,0.0,0.0,0.0,0.0,26.5,0.0,0.0,0.0,0.0,0.0,0.0
1782919790.324,0.0,0.0,0.0,0.0,0.0,0.0,0.0,0.0,0.0,26.5,0.0,0.0,0.0,0.0,0.0,0.0
1782919795.34,0.0,0.0,0.0,0.0,0.0,0.0,0.0,0.0,0.0,26.5,0.0,0.0,0.0,0.0,0.0,0.0
1782919800.357,0.0,0.0,0.0,0.0,0.0,0.0,0.0,0.0,0.0,26.5,0.0,0.0,0.0,0.0,0.0,0.0
1782919805.369,0.0,0.0,0.0,0.0,0.0,0.0,0.0,0.0,0.0,26.5,0.0,0.0,0.0,0.0,0.0,0.0
1782919810.383,0.0,0.0,0.0,0.0,0.0,0.0,0.0,0.0,0.0,26.5,0.0,0.0,0.0,0.0,0.0,0.0
1782919815.395,0.0,0.0,0.0,0.0,0.0,0.0,0.0,0.0,0.0,26.5,0.0,0.0,0.0,0.0,0.0,0.0
1782919820.405,0.0,0.0,0.0,0.0,0.0,0.0,0.0,0.0,0.0,26.5,0.0,0.0,0.0,0.0,0.0,0.0
1782919825.417,0.0,0.0,0.0,0.0,0.0,0.0,0.0,0.0,0.0,26.5,0.0,0.0,0.0,0.0,0.0,0.0
1782919830.436,0.0,0.0,0.0,0.0,0.0,0.0,0.0,0.0,0.0,26.5,0.0,0.0,0.0,0.0,0.0,0.0
1782919835.451,0.0,0.0,0.0,0.0,0.0,0.0,0.0,0.0,0.0,26.5,0.0,0.0,0.0,0.0,0.0,0.0
1782919840.464,0.0,0.0,0.0,0.0,0.0,0.0,0.0,0.0,0.0,26.5,0.0,0.0,0.0,0.0,0.0,0.0
1782919845.483,0.0,0.0,0.0,0.0,0.0,0.0,0.0,0.0,0.0,26.5,0.0,0.0,0.0,0.0,0.0,0.0
1782919850.492,0.0,0.0,0.0,0.0,0.0,0.0,0.0,0.0,0.0,26.5,0.0,0.0,0.0,0.0,0.0,0.0
1782919855.504,0.0,0.0,0.0,0.0,0.0,0.0,0.0,0.0,0.0,26.5,0.0,0.0,0.0,0.0,0.0,0.0
1782919860.521,0.0,0.0,0.0,0.0,0.0,0.0,0.0,0.0,0.0,26.5,0.0,0.0,0.0,0.0,0.0,0.0
1782919865.538,0.0,0.0,0.0,0.0,0.0,0.0,0.0,0.0,0.0,26.49,0.0,0.0,0.0,0.0,0.0,0.0
1782919870.554,0.0,0.0,0.0,0.0,0.0,0.0,0.0,0.0,0.0,26.49,0.0,0.0,0.0,0.0,0.0,0.0
1782919875.568,0.0,0.0,0.0,0.0,0.0,0.0,0.0,0.0,0.0,26.49,0.0,0.0,0.0,0.0,0.0,0.0
1782919880.585,0.0,0.0,0.0,0.0,0.0,0.0,0.0,0.0,0.0,26.49,0.0,0.0,0.0,0.0,0.0,0.0
1782919885.61,0.0,0.0,0.0,0.0,0.0,0.0,0.0,0.0,0.0,26.48,0.0,0.0,0.0,0.0,0.0,0.0
1782919890.634,0.0,0.0,0.0,0.0,0.0,0.0,0.0,0.0,0.0,26.48,0.0,0.0,0.0,0.0,0.0,0.0
1782919895.661,0.0,0.0,0.0,0.0,0.0,0.0,0.0,0.0,0.0,26.48,0.0,0.0,0.0,0.0,0.0,0.0
1782919900.695,0.0,0.0,0.0,0.0,0.0,0.0,0.0,0.0,0.0,26.48,0.0,0.0,0.0,0.0,0.0,0.0
1782919905.72,0.0,0.0,0.0,0.0,0.0,0.0,0.0,0.0,0.0,26.47,0.0,0.0,0.0,0.0,0.0,0.0
1782919910.744,0.0,0.0,0.0,0.0,0.0,0.0,0.0,0.0,0.0,26.47,0.0,0.0,0.0,0.0,0.0,0.0
1782919915.764,0.0,0.0,0.0,0.0,0.0,0.0,0.0,0.0,0.0,26.47,0.0,0.0,0.0,0.0,0.0,0.0
1782919920.795,0.0,0.0,0.0,0.0,0.0,0.0,0.0,0.0,0.0,26.47,0.0,0.0,0.0,0.0,0.0,0.0
1782919925.82,0.0,0.0,0.0,0.0,0.0,0.0,0.0,0.0,0.0,26.46,0.0,0.0,0.0,0.0,0.0,0.0
1782919930.835,0.0,0.0,0.0,0.0,0.0,0.0,0.0,0.0,0.0,26.46,0.0,0.0,0.0,0.0,0.0,0.0
1782919935.864,0.0,0.0,0.0,0.0,0.0,0.0,0.0,0.0,0.0,26.46,0.0,0.0,0.0,0.0,0.0,0.0
1782919940.881,0.0,0.0,0.0,0.0,0.0,0.0,0.0,0.0,0.0,26.46,0.0,0.0,0.0,0.0,0.0,0.0
1782919945.901,0.0,0.0,0.0,0.0,0.0,0.0,0.0,0.0,0.0,26.45,0.0,0.0,0.0,0.0,0.0,0.0
1782919950.928,0.0,0.0,0.0,0.0,0.0,0.0,0.0,0.0,0.0,26.45,0.0,0.0,0.0,0.0,0.0,0.0
1782919955.948,0.0,0.0,0.0,0.0,0.0,0.0,0.0,0.0,0.0,26.45,0.0,0.0,0.0,0.0,0.0,0.0
1782919960.977,0.0,0.0,0.0,0.0,0.0,0.0,0.0,0.0,0.0,26.44,0.0,0.0,0.0,0.0,0.0,0.0
1782919966.005,0.0,0.0,0.0,0.0,0.0,0.0,0.0,0.0,0.0,26.44,0.0,0.0,0.0,0.0,0.0,0.0
1782919971.029,0.0,0.0,0.0,0.0,0.0,0.0,0.0,0.0,0.0,26.44,0.0,0.0,0.0,0.0,0.0,0.0
1782919976.049,0.0,0.0,0.0,0.0,0.0,0.0,0.0,0.0,0.0,26.44,0.0,0.0,0.0,0.0,0.0,0.0
1782919981.076,0.0,0.0,0.0,0.0,0.0,0.0,0.0,0.0,0.0,26.44,0.0,0.0,0.0,0.0,0.0,0.0
1782919986.1,0.0,0.0,0.0,0.0,0.0,0.0,0.0,0.0,0.0,26.43,0.0,0.0,0.0,0.0,0.0,0.0
1782919991.129,0.0,0.0,0.0,0.0,0.0,0.0,0.0,0.0,0.0,26.43,0.0,0.0,0.0,0.0,0.0,0.0
1782919996.152,0.0,0.0,0.0,0.0,0.0,0.0,0.0,0.0,0.0,26.43,0.0,0.0,0.0,0.0,0.0,0.0
1782920001.163,0.0,0.0,0.0,0.0,0.0,0.0,0.0,0.0,0.0,26.42,0.0,0.0,0.0,0.0,0.0,0.0
1782920006.188,0.0,0.0,0.0,0.0,0.0,0.0,0.0,0.0,0.0,26.42,0.0,0.0,0.0,0.0,0.0,0.0
1782920011.218,0.0,0.0,0.0,0.0,0.0,0.0,0.0,0.0,0.0,26.42,0.0,0.0,0.0,0.0,0.0,0.0
1782920016.243,0.0,0.0,0.0,0.0,0.0,0.0,0.0,0.0,0.0,26.41,0.0,0.0,0.0,0.0,0.0,0.0
1782920021.272,0.0,0.0,0.0,0.0,0.0,0.0,0.0,0.0,0.0,26.41,0.0,0.0,0.0,0.0,0.0,0.0
1782920026.292,0.0,0.0,0.0,0.0,0.0,0.0,0.0,0.0,0.0,26.41,0.0,0.0,0.0,0.0,0.0,0.0
1782920031.312,0.0,0.0,0.0,0.0,0.0,0.0,0.0,0.0,0.0,26.41,0.0,0.0,0.0,0.0,0.0,0.0
1782920036.345,0.0,0.0,0.0,0.0,0.0,0.0,0.0,0.0,0.0,26.4,0.0,0.0,0.0,0.0,0.0,0.0
1782920041.372,0.0,0.0,0.0,0.0,0.0,0.0,0.0,0.0,0.0,26.4,0.0,0.0,0.0,0.0,0.0,0.0
1782920046.383,0.0,0.0,0.0,0.0,0.0,0.0,0.0,0.0,0.0,26.39,0.0,0.0,0.0,0.0,0.0,0.0
1782920051.409,0.0,0.0,0.0,0.0,0.0,0.0,0.0,0.0,0.0,26.39,0.0,0.0,0.0,0.0,0.0,0.0
1782920056.423,0.0,0.0,0.0,0.0,0.0,0.0,0.0,0.0,0.0,26.38,0.0,0.0,0.0,0.0,0.0,0.0
1782920061.447,0.0,0.0,0.0,0.0,0.0,0.0,0.0,0.0,0.0,26.38,0.0,0.0,0.0,0.0,0.0,0.0
1782920066.47,0.0,0.0,0.0,0.0,0.0,0.0,0.0,0.0,0.0,26.37,0.0,0.0,0.0,0.0,0.0,0.0
1782920071.485,0.0,0.0,0.0,0.0,0.0,0.0,0.0,0.0,0.0,26.37,0.0,0.0,0.0,0.0,0.0,0.0
1782920076.517,0.0,0.0,0.0,0.0,0.0,0.0,0.0,0.0,0.0,26.37,0.0,0.0,0.0,0.0,0.0,0.0
1782920081.546,0.0,0.0,0.0,0.0,0.0,0.0,0.0,0.0,0.0,26.36,0.0,0.0,0.0,0.0,0.0,0.0
1782920086.57,0.0,0.0,0.0,0.0,0.0,0.0,0.0,0.0,0.0,26.36,0.0,0.0,0.0,0.0,0.0,0.0
1782920091.595,0.0,0.0,0.0,0.0,0.0,0.0,0.0,0.0,0.0,26.35,0.0,0.0,0.0,0.0,0.0,0.0
1782920096.614,0.0,0.0,0.0,0.0,0.0,0.0,0.0,0.0,0.0,26.35,0.0,0.0,0.0,0.0,0.0,0.0
1782920101.633,0.0,0.0,0.0,0.0,0.0,0.0,0.0,0.0,0.0,26.34,0.0,0.0,0.0,0.0,0.0,0.0
1782920106.659,0.0,0.0,0.0,0.0,0.0,0.0,0.0,0.0,0.0,26.34,0.0,0.0,0.0,0.0,0.0,0.0
1782920111.691,0.0,0.0,0.0,0.0,0.0,0.0,0.0,0.0,0.0,26.33,0.0,0.0,0.0,0.0,0.0,0.0
1782920116.702,0.0,0.0,0.0,0.0,0.0,0.0,0.0,0.0,0.0,26.33,0.0,0.0,0.0,0.0,0.0,0.0
1782920121.724,0.0,0.0,0.0,0.0,0.0,0.0,0.0,0.0,0.0,26.33,0.0,0.0,0.0,0.0,0.0,0.0
1782920126.753,0.0,0.0,0.0,0.0,0.0,0.0,0.0,0.0,0.0,26.33,0.0,0.0,0.0,0.0,0.0,0.0
1782920131.772,0.0,0.0,0.0,0.0,0.0,0.0,0.0,0.0,0.0,26.33,0.0,0.0,0.0,0.0,0.0,0.0
1782920136.808,0.0,0.0,0.0,0.0,0.0,0.0,0.0,0.0,0.0,26.33,0.0,0.0,0.0,0.0,0.0,0.0
1782920141.829,0.0,0.0,0.0,0.0,0.0,0.0,0.0,0.0,0.0,26.32,0.0,0.0,0.0,0.0,0.0,0.0
1782920146.848,0.0,0.0,0.0,0.0,0.0,0.0,0.0,0.0,0.0,26.32,0.0,0.0,0.0,0.0,0.0,0.0
1782920151.869,0.0,0.0,0.0,0.0,0.0,0.0,0.0,0.0,0.0,26.32,0.0,0.0,0.0,0.0,0.0,0.0
1782920156.893,0.0,0.0,0.0,0.0,0.0,0.0,0.0,0.0,0.0,26.32,0.0,0.0,0.0,0.0,0.0,0.0
1782920161.917,0.0,0.0,0.0,0.0,0.0,0.0,0.0,0.0,0.0,26.32,0.0,0.0,0.0,0.0,0.0,0.0
1782920166.943,0.0,0.0,0.0,0.0,0.0,0.0,0.0,0.0,0.0,26.32,0.0,0.0,0.0,0.0,0.0,0.0
1782920171.968,0.0,0.0,0.0,0.0,0.0,0.0,0.0,0.0,0.0,26.32,0.0,0.0,0.0,0.0,0.0,0.0
1782920176.992,0.0,0.0,0.0,0.0,0.0,0.0,0.0,0.0,0.0,26.32,0.0,0.0,0.0,0.0,0.0,0.0
1782920182.016,0.0,0.0,0.0,0.0,0.0,0.0,0.0,0.0,0.0,26.31,0.0,0.0,0.0,0.0,0.0,0.0
1782920187.04,0.0,0.0,0.0,0.0,0.0,0.0,0.0,0.0,0.0,26.31,0.0,0.0,0.0,0.0,0.0,0.0
1782920192.071,0.0,0.0,0.0,0.0,0.0,0.0,0.0,0.0,0.0,26.31,0.0,0.0,0.0,0.0,0.0,0.0
1782920197.097,0.0,0.0,0.0,0.0,0.0,0.0,0.0,0.0,0.0,26.31,0.0,0.0,0.0,0.0,0.0,0.0
1782920202.126,0.0,0.0,0.0,0.0,0.0,0.0,0.0,0.0,0.0,26.31,0.0,0.0,0.0,0.0,0.0,0.0
1782920207.146,0.0,0.0,0.0,0.0,0.0,0.0,0.0,0.0,0.0,26.31,0.0,0.0,0.0,0.0,0.0,0.0
1782920212.174,0.0,0.0,0.0,0.0,0.0,0.0,0.0,0.0,0.0,26.31,0.0,0.0,0.0,0.0,0.0,0.0
1782920217.192,0.0,0.0,0.0,0.0,0.0,0.0,0.0,0.0,0.0,26.32,0.0,0.0,0.0,0.0,0.0,0.0
1782920222.216,0.0,0.0,0.0,0.0,0.0,0.0,0.0,0.0,0.0,26.32,0.0,0.0,0.0,0.0,0.0,0.0
1782920227.241,0.0,0.0,0.0,0.0,0.0,0.0,0.0,0.0,0.0,26.32,0.0,0.0,0.0,0.0,0.0,0.0
1782920232.258,0.0,0.0,0.0,0.0,0.0,0.0,0.0,0.0,0.0,26.32,0.0,0.0,0.0,0.0,0.0,0.0
1782920237.287,0.0,0.0,0.0,0.0,0.0,0.0,0.0,0.0,0.0,26.32,0.0,0.0,0.0,0.0,0.0,0.0
1782920242.304,0.0,0.0,0.0,0.0,0.0,0.0,0.0,0.0,0.0,26.32,0.0,0.0,0.0,0.0,0.0,0.0
1782920247.329,0.0,0.0,0.0,0.0,0.0,0.0,0.0,0.0,0.0,26.32,0.0,0.0,0.0,0.0,0.0,0.0
1782920252.359,0.0,0.0,0.0,0.0,0.0,0.0,0.0,0.0,0.0,26.32,0.0,0.0,0.0,0.0,0.0,0.0
1782920257.379,0.0,0.0,0.0,0.0,0.0,0.0,0.0,0.0,0.0,26.32,0.0,0.0,0.0,0.0,0.0,0.0
1782920262.407,0.0,0.0,0.0,0.0,0.0,0.0,0.0,0.0,0.0,26.32,0.0,0.0,0.0,0.0,0.0,0.0
1782920267.419,0.0,0.0,0.0,0.0,0.0,0.0,0.0,0.0,0.0,26.33,0.0,0.0,0.0,0.0,0.0,0.0
1782920272.443,0.0,0.0,0.0,0.0,0.0,0.0,0.0,0.0,0.0,26.33,0.0,0.0,0.0,0.0,0.0,0.0
1782920277.461,0.0,0.0,0.0,0.0,0.0,0.0,0.0,0.0,0.0,26.33,0.0,0.0,0.0,0.0,0.0,0.0
1782920282.483,0.0,0.0,0.0,0.0,0.0,0.0,0.0,0.0,0.0,26.33,0.0,0.0,0.0,0.0,0.0,0.0
1782920287.517,0.0,0.0,0.0,0.0,0.0,0.0,0.0,0.0,0.0,26.33,0.0,0.0,0.0,0.0,0.0,0.0
1782920292.534,0.0,0.0,0.0,0.0,0.0,0.0,0.0,0.0,0.0,26.33,0.0,0.0,0.0,0.0,0.0,0.0
1782920297.549,0.0,0.0,0.0,0.0,0.0,0.0,0.0,0.0,0.0,26.33,0.0,0.0,0.0,0.0,0.0,0.0
1782920302.574,0.0,0.0,0.0,0.0,0.0,0.0,0.0,0.0,0.0,26.33,0.0,0.0,0.0,0.0,0.0,0.0
1782920307.602,0.0,0.0,0.0,0.0,0.0,0.0,0.0,0.0,0.0,26.33,0.0,0.0,0.0,0.0,0.0,0.0
1782920312.623,0.0,0.0,0.0,0.0,0.0,0.0,0.0,0.0,0.0,26.34,0.0,0.0,0.0,0.0,0.0,0.0
1782920317.646,0.0,0.0,0.0,0.0,0.0,0.0,0.0,0.0,0.0,26.34,0.0,0.0,0.0,0.0,0.0,0.0
1782920322.67,0.0,0.0,0.0,0.0,0.0,0.0,0.0,0.0,0.0,26.34,0.0,0.0,0.0,0.0,0.0,0.0
1782920327.685,0.0,0.0,0.0,0.0,0.0,0.0,0.0,0.0,0.0,26.34,0.0,0.0,0.0,0.0,0.0,0.0
1782920332.714,0.0,0.0,0.0,0.0,0.0,0.0,0.0,0.0,0.0,26.34,0.0,0.0,0.0,0.0,0.0,0.0
1782920337.742,0.0,0.0,0.0,0.0,0.0,0.0,0.0,0.0,0.0,26.34,0.0,0.0,0.0,0.0,0.0,0.0
1782920342.756,0.0,0.0,0.0,0.0,0.0,0.0,0.0,0.0,0.0,26.35,0.0,0.0,0.0,0.0,0.0,0.0
1782920347.776,0.0,0.0,0.0,0.0,0.0,0.0,0.0,0.0,0.0,26.35,0.0,0.0,0.0,0.0,0.0,0.0
1782920352.796,0.0,0.0,0.0,0.0,0.0,0.0,0.0,0.0,0.0,26.35,0.0,0.0,0.0,0.0,0.0,0.0
1782920357.82,0.0,0.0,0.0,0.0,0.0,0.0,0.0,0.0,0.0,26.35,0.0,0.0,0.0,0.0,0.0,0.0
1782920362.854,0.0,0.0,0.0,0.0,0.0,0.0,0.0,0.0,0.0,26.35,0.0,0.0,0.0,0.0,0.0,0.0
1782920367.878,0.0,0.0,0.0,0.0,0.0,0.0,0.0,0.0,0.0,26.35,0.0,0.0,0.0,0.0,0.0,0.0
1782920372.899,0.0,0.0,0.0,0.0,0.0,0.0,0.0,0.0,0.0,26.35,0.0,0.0,0.0,0.0,0.0,0.0
1782920377.924,0.0,0.0,0.0,0.0,0.0,0.0,0.0,0.0,0.0,26.35,0.0,0.0,0.0,0.0,0.0,0.0
1782920382.944,0.0,0.0,0.0,0.0,0.0,0.0,0.0,0.0,0.0,26.36,0.0,0.0,0.0,0.0,0.0,0.0
1782920387.97,0.0,0.0,0.0,0.0,0.0,0.0,0.0,0.0,0.0,26.36,0.0,0.0,0.0,0.0,0.0,0.0
1782920392.994,0.0,0.0,0.0,0.0,0.0,0.0,0.0,0.0,0.0,26.36,0.0,0.0,0.0,0.0,0.0,0.0
1782920398.009,0.0,0.0,0.0,0.0,0.0,0.0,0.0,0.0,0.0,26.36,0.0,0.0,0.0,0.0,0.0,0.0
1782920403.032,0.0,0.0,0.0,0.0,0.0,0.0,0.0,0.0,0.0,26.36,0.0,0.0,0.0,0.0,0.0,0.0
1782920408.063,0.0,0.0,0.0,0.0,0.0,0.0,0.0,0.0,0.0,26.37,0.0,0.0,0.0,0.0,0.0,0.0
1782920413.088,0.0,0.0,0.0,0.0,0.0,0.0,0.0,0.0,0.0,26.37,0.0,0.0,0.0,0.0,0.0,0.0
1782920418.104,0.0,0.0,0.0,0.0,0.0,0.0,0.0,0.0,0.0,26.37,0.0,0.0,0.0,0.0,0.0,0.0
1782920423.129,0.0,0.0,0.0,0.0,0.0,0.0,0.0,0.0,0.0,26.37,0.0,0.0,0.0,0.0,0.0,0.0
1782920428.158,0.0,0.0,0.0,0.0,0.0,0.0,0.0,0.0,0.0,26.38,0.0,0.0,0.0,0.0,0.0,0.0
1782920433.184,0.0,0.0,0.0,0.0,0.0,0.0,0.0,0.0,0.0,26.38,0.0,0.0,0.0,0.0,0.0,0.0
1782920438.212,0.0,0.0,0.0,0.0,0.0,0.0,0.0,0.0,0.0,26.38,0.0,0.0,0.0,0.0,0.0,0.0
1782920443.226,0.0,0.0,0.0,0.0,0.0,0.0,0.0,0.0,0.0,26.38,0.0,0.0,0.0,0.0,0.0,0.0
1782920448.255,0.0,0.0,0.0,0.0,0.0,0.0,0.0,0.0,0.0,26.38,0.0,0.0,0.0,0.0,0.0,0.0
1782920453.274,0.0,0.0,0.0,0.0,0.0,0.0,0.0,0.0,0.0,26.39,0.0,0.0,0.0,0.0,0.0,0.0
1782920458.297,0.0,0.0,0.0,0.0,0.0,0.0,0.0,0.0,0.0,26.39,0.0,0.0,0.0,0.0,0.0,0.0
1782920463.327,0.0,0.0,0.0,0.0,0.0,0.0,0.0,0.0,0.0,26.39,0.0,0.0,0.0,0.0,0.0,0.0
1782920468.345,0.0,0.0,0.0,0.0,0.0,0.0,0.0,0.0,0.0,26.39,0.0,0.0,0.0,0.0,0.0,0.0
1782920473.361,0.0,0.0,0.0,0.0,0.0,0.0,0.0,0.0,0.0,26.4,0.0,0.0,0.0,0.0,0.0,0.0
1782920478.389,0.0,0.0,0.0,0.0,0.0,0.0,0.0,0.0,0.0,26.4,0.0,0.0,0.0,0.0,0.0,0.0
1782920483.412,0.0,0.0,0.0,0.0,0.0,0.0,0.0,0.0,0.0,26.4,0.0,0.0,0.0,0.0,0.0,0.0
1782920488.431,0.0,0.0,0.0,0.0,0.0,0.0,0.0,0.0,0.0,26.4,0.0,0.0,0.0,0.0,0.0,0.0
1782920493.456,0.0,0.0,0.0,0.0,0.0,0.0,0.0,0.0,0.0,26.4,0.0,0.0,0.0,0.0,0.0,0.0
1782920498.48,0.0,0.0,0.0,0.0,0.0,0.0,0.0,0.0,0.0,26.41,0.0,0.0,0.0,0.0,0.0,0.0
1782920503.504,0.0,0.0,0.0,0.0,0.0,0.0,0.0,0.0,0.0,26.41,0.0,0.0,0.0,0.0,0.0,0.0
1782920508.528,0.0,0.0,0.0,0.0,0.0,0.0,0.0,0.0,0.0,26.41,0.0,0.0,0.0,0.0,0.0,0.0
1782920513.551,0.0,0.0,0.0,0.0,0.0,0.0,0.0,0.0,0.0,26.41,0.0,0.0,0.0,0.0,0.0,0.0
1782920518.576,0.0,0.0,0.0,0.0,0.0,0.0,0.0,0.0,0.0,26.41,0.0,0.0,0.0,0.0,0.0,0.0
1782920523.612,0.0,0.0,0.0,0.0,0.0,0.0,0.0,0.0,0.0,26.42,0.0,0.0,0.0,0.0,0.0,0.0
1782920528.636,0.0,0.0,0.0,0.0,0.0,0.0,0.0,0.0,0.0,26.42,0.0,0.0,0.0,0.0,0.0,0.0
1782920533.654,0.0,0.0,0.0,0.0,0.0,0.0,0.0,0.0,0.0,26.42,0.0,0.0,0.0,0.0,0.0,0.0
1782920538.677,0.0,0.0,0.0,0.0,0.0,0.0,0.0,0.0,0.0,26.42,0.0,0.0,0.0,0.0,0.0,0.0
1782920543.706,0.0,0.0,0.0,0.0,0.0,0.0,0.0,0.0,0.0,26.42,0.0,0.0,0.0,0.0,0.0,0.0
1782920548.732,0.0,0.0,0.0,0.0,0.0,0.0,0.0,0.0,0.0,26.43,0.0,0.0,0.0,0.0,0.0,0.0
1782920553.756,0.0,0.0,0.0,0.0,0.0,0.0,0.0,0.0,0.0,26.43,0.0,0.0,0.0,0.0,0.0,0.0
1782920558.776,0.0,0.0,0.0,0.0,0.0,0.0,0.0,0.0,0.0,26.43,0.0,0.0,0.0,0.0,0.0,0.0
1782920563.792,0.0,0.0,0.0,0.0,0.0,0.0,0.0,0.0,0.0,26.43,0.0,0.0,0.0,0.0,0.0,0.0
1782920568.817,0.0,0.0,0.0,0.0,0.0,0.0,0.0,0.0,0.0,26.43,0.0,0.0,0.0,0.0,0.0,0.0
1782920573.838,0.0,0.0,0.0,0.0,0.0,0.0,0.0,0.0,0.0,26.43,0.0,0.0,0.0,0.0,0.0,0.0
1782920578.86,0.0,0.0,0.0,0.0,0.0,0.0,0.0,0.0,0.0,26.44,0.0,0.0,0.0,0.0,0.0,0.0
1782920583.885,0.0,0.0,0.0,0.0,0.0,0.0,0.0,0.0,0.0,26.44,0.0,0.0,0.0,0.0,0.0,0.0
1782920588.91,0.0,0.0,0.0,0.0,0.0,0.0,0.0,0.0,0.0,26.44,0.0,0.0,0.0,0.0,0.0,0.0
1782920593.926,0.0,0.0,0.0,0.0,0.0,0.0,0.0,0.0,0.0,26.44,0.0,0.0,0.0,0.0,0.0,0.0
1782920598.956,0.0,0.0,0.0,0.0,0.0,0.0,0.0,0.0,0.0,26.44,0.0,0.0,0.0,0.0,0.0,0.0
1782920603.973,0.0,0.0,0.0,0.0,0.0,0.0,0.0,0.0,0.0,26.45,0.0,0.0,0.0,0.0,0.0,0.0
1782920608.995,0.0,0.0,0.0,0.0,0.0,0.0,0.0,0.0,0.0,26.45,0.0,0.0,0.0,0.0,0.0,0.0
1782920614.028,0.0,0.0,0.0,0.0,0.0,0.0,0.0,0.0,0.0,26.45,0.0,0.0,0.0,0.0,0.0,0.0
1782920619.052,0.0,0.0,0.0,0.0,0.0,0.0,0.0,0.0,0.0,26.45,0.0,0.0,0.0,0.0,0.0,0.0
1782920624.073,0.0,0.0,0.0,0.0,0.0,0.0,0.0,0.0,0.0,26.46,0.0,0.0,0.0,0.0,0.0,0.0
1782920629.098,0.0,0.0,0.0,0.0,0.0,0.0,0.0,0.0,0.0,26.46,0.0,0.0,0.0,0.0,0.0,0.0
1782920634.118,0.0,0.0,0.0,0.0,0.0,0.0,0.0,0.0,0.0,26.46,0.0,0.0,0.0,0.0,0.0,0.0
1782920639.144,0.0,0.0,0.0,0.0,0.0,0.0,0.0,0.0,0.0,26.46,0.0,0.0,0.0,0.0,0.0,0.0
1782920644.173,0.0,0.0,0.0,0.0,0.0,0.0,0.0,0.0,0.0,26.47,0.0,0.0,0.0,0.0,0.0,0.0
1782920649.185,0.0,0.0,0.0,0.0,0.0,0.0,0.0,0.0,0.0,26.47,0.0,0.0,0.0,0.0,0.0,0.0
1782920654.209,0.0,0.0,0.0,0.0,0.0,0.0,0.0,0.0,0.0,26.47,0.0,0.0,0.0,0.0,0.0,0.0
1782920659.242,0.0,0.0,0.0,0.0,0.0,0.0,0.0,0.0,0.0,26.48,0.0,0.0,0.0,0.0,0.0,0.0
1782920664.267,0.0,0.0,0.0,0.0,0.0,0.0,0.0,0.0,0.0,26.48,0.0,0.0,0.0,0.0,0.0,0.0
1782920669.293,0.0,0.0,0.0,0.0,0.0,0.0,0.0,0.0,0.0,26.48,0.0,0.0,0.0,0.0,0.0,0.0
1782920674.317,0.0,0.0,0.0,0.0,0.0,0.0,0.0,0.0,0.0,26.49,0.0,0.0,0.0,0.0,0.0,0.0
1782920679.336,0.0,0.0,0.0,0.0,0.0,0.0,0.0,0.0,0.0,26.49,0.0,0.0,0.0,0.0,0.0,0.0
1782920684.362,0.0,0.0,0.0,0.0,0.0,0.0,0.0,0.0,0.0,26.49,0.0,0.0,0.0,0.0,0.0,0.0
1782920689.387,0.0,0.0,0.0,0.0,0.0,0.0,0.0,0.0,0.0,26.49,0.0,0.0,0.0,0.0,0.0,0.0
1782920694.403,0.0,0.0,0.0,0.0,0.0,0.0,0.0,0.0,0.0,26.49,0.0,0.0,0.0,0.0,0.0,0.0
1782920699.429,0.0,0.0,0.0,0.0,0.0,0.0,0.0,0.0,0.0,26.5,0.0,0.0,0.0,0.0,0.0,0.0
1782920704.454,0.0,0.0,0.0,0.0,0.0,0.0,0.0,0.0,0.0,26.5,0.0,0.0,0.0,0.0,0.0,0.0
1782920709.472,0.0,0.0,0.0,0.0,0.0,0.0,0.0,0.0,0.0,26.5,0.0,0.0,0.0,0.0,0.0,0.0
1782920714.502,0.0,0.0,0.0,0.0,0.0,0.0,0.0,0.0,0.0,26.5,0.0,0.0,0.0,0.0,0.0,0.0
1782920719.526,0.0,0.0,0.0,0.0,0.0,0.0,0.0,0.0,0.0,26.5,0.0,0.0,0.0,0.0,0.0,0.0
1782920724.541,0.0,0.0,0.0,0.0,0.0,0.0,0.0,0.0,0.0,26.5,0.0,0.0,0.0,0.0,0.0,0.0
1782920729.571,0.0,0.0,0.0,0.0,0.0,0.0,0.0,0.0,0.0,26.5,0.0,0.0,0.0,0.0,0.0,0.0
1782920734.586,0.0,0.0,0.0,0.0,0.0,0.0,0.0,0.0,0.0,26.5,0.0,0.0,0.0,0.0,0.0,0.0
1782920739.616,0.0,0.0,0.0,0.0,0.0,0.0,0.0,0.0,0.0,26.5,0.0,0.0,0.0,0.0,0.0,0.0
1782920744.64,0.0,0.0,0.0,0.0,0.0,0.0,0.0,0.0,0.0,26.5,0.0,0.0,0.0,0.0,0.0,0.0
1782920749.659,0.0,0.0,0.0,0.0,0.0,0.0,0.0,0.0,0.0,26.51,0.0,0.0,0.0,0.0,0.0,0.0
1782920754.679,0.0,0.0,0.0,0.0,0.0,0.0,0.0,0.0,0.0,26.5,0.0,0.0,0.0,0.0,0.0,0.0
1782920759.707,0.0,0.0,0.0,0.0,0.0,0.0,0.0,0.0,0.0,26.51,0.0,0.0,0.0,0.0,0.0,0.0
1782920764.729,0.0,0.0,0.0,0.0,0.0,0.0,0.0,0.0,0.0,26.51,0.0,0.0,0.0,0.0,0.0,0.0
1782920769.748,0.0,0.0,0.0,0.0,0.0,0.0,0.0,0.0,0.0,26.51,0.0,0.0,0.0,0.0,0.0,0.0
1782920774.782,0.0,0.0,0.0,0.0,0.0,0.0,0.0,0.0,0.0,26.51,0.0,0.0,0.0,0.0,0.0,0.0
1782920779.801,0.0,0.0,0.0,0.0,0.0,0.0,0.0,0.0,0.0,26.5,0.0,0.0,0.0,0.0,0.0,0.0
1782920784.821,0.0,0.0,0.0,0.0,0.0,0.0,0.0,0.0,0.0,26.51,0.0,0.0,0.0,0.0,0.0,0.0
1782920789.848,0.0,0.0,0.0,0.0,0.0,0.0,0.0,0.0,0.0,26.5,0.0,0.0,0.0,0.0,0.0,0.0
1782920794.864,0.0,0.0,0.0,0.0,0.0,0.0,0.0,0.0,0.0,26.5,0.0,0.0,0.0,0.0,0.0,0.0
1782920799.884,0.0,0.0,0.0,0.0,0.0,0.0,0.0,0.0,0.0,26.5,0.0,0.0,0.0,0.0,0.0,0.0
1782920804.904,0.0,0.0,0.0,0.0,0.0,0.0,0.0,0.0,0.0,26.5,0.0,0.0,0.0,0.0,0.0,0.0
1782920809.928,0.0,0.0,0.0,0.0,0.0,0.0,0.0,0.0,0.0,26.5,0.0,0.0,0.0,0.0,0.0,0.0
1782920814.948,0.0,0.0,0.0,0.0,0.0,0.0,0.0,0.0,0.0,26.5,0.0,0.0,0.0,0.0,0.0,0.0
1782920819.973,0.0,0.0,0.0,0.0,0.0,0.0,0.0,0.0,0.0,26.5,0.0,0.0,0.0,0.0,0.0,0.0
1782920824.999,0.0,0.0,0.0,0.0,0.0,0.0,0.0,0.0,0.0,26.5,0.0,0.0,0.0,0.0,0.0,0.0
1782920830.023,0.0,0.0,0.0,0.0,0.0,0.0,0.0,0.0,0.0,26.49,0.0,0.0,0.0,0.0,0.0,0.0
1782920835.047,0.0,0.0,0.0,0.0,0.0,0.0,0.0,0.0,0.0,26.49,0.0,0.0,0.0,0.0,0.0,0.0
1782920840.086,0.0,0.0,0.0,0.0,0.0,0.0,0.0,0.0,0.0,26.49,0.0,0.0,0.0,0.0,0.0,0.0
1782920845.104,0.0,0.0,0.0,0.0,0.0,0.0,0.0,0.0,0.0,26.49,0.0,0.0,0.0,0.0,0.0,0.0
1782920850.128,0.0,0.0,0.0,0.0,0.0,0.0,0.0,0.0,0.0,26.49,0.0,0.0,0.0,0.0,0.0,0.0
1782920855.152,0.0,0.0,0.0,0.0,0.0,0.0,0.0,0.0,0.0,26.48,0.0,0.0,0.0,0.0,0.0,0.0
1782920860.166,0.0,0.0,0.0,0.0,0.0,0.0,0.0,0.0,0.0,26.48,0.0,0.0,0.0,0.0,0.0,0.0
1782920865.199,0.0,0.0,0.0,0.0,0.0,0.0,0.0,0.0,0.0,26.48,0.0,0.0,0.0,0.0,0.0,0.0
1782920870.224,0.0,0.0,0.0,0.0,0.0,0.0,0.0,0.0,0.0,26.48,0.0,0.0,0.0,0.0,0.0,0.0
1782920875.243,0.0,0.0,0.0,0.0,0.0,0.0,0.0,0.0,0.0,26.47,0.0,0.0,0.0,0.0,0.0,0.0
1782920880.273,0.0,0.0,0.0,0.0,0.0,0.0,0.0,0.0,0.0,26.46,0.0,0.0,0.0,0.0,0.0,0.0
1782920885.288,0.0,0.0,0.0,0.0,0.0,0.0,0.0,0.0,0.0,26.46,0.0,0.0,0.0,0.0,0.0,0.0
1782920890.317,0.0,0.0,0.0,0.0,0.0,0.0,0.0,0.0,0.0,26.46,0.0,0.0,0.0,0.0,0.0,0.0
1782920895.346,0.0,0.0,0.0,0.0,0.0,0.0,0.0,0.0,0.0,26.45,0.0,0.0,0.0,0.0,0.0,0.0
1782920900.37,0.0,0.0,0.0,0.0,0.0,0.0,0.0,0.0,0.0,26.45,0.0,0.0,0.0,0.0,0.0,0.0
1782920905.39,0.0,0.0,0.0,0.0,0.0,0.0,0.0,0.0,0.0,26.45,0.0,0.0,0.0,0.0,0.0,0.0
1782920910.415,0.0,0.0,0.0,0.0,0.0,0.0,0.0,0.0,0.0,26.45,0.0,0.0,0.0,0.0,0.0,0.0
1782920915.443,0.0,0.0,0.0,0.0,0.0,0.0,0.0,0.0,0.0,26.44,0.0,0.0,0.0,0.0,0.0,0.0
1782920920.467,0.0,0.0,0.0,0.0,0.0,0.0,0.0,0.0,0.0,26.44,0.0,0.0,0.0,0.0,0.0,0.0
1782920925.49,0.0,0.0,0.0,0.0,0.0,0.0,0.0,0.0,0.0,26.44,0.0,0.0,0.0,0.0,0.0,0.0
1782920930.502,0.0,0.0,0.0,0.0,0.0,0.0,0.0,0.0,0.0,26.43,0.0,0.0,0.0,0.0,0.0,0.0
1782920935.517,0.0,0.0,0.0,0.0,0.0,0.0,0.0,0.0,0.0,26.43,0.0,0.0,0.0,0.0,0.0,0.0
1782920940.534,0.0,0.0,0.0,0.0,0.0,0.0,0.0,0.0,0.0,26.43,0.0,0.0,0.0,0.0,0.0,0.0
1782920945.544,0.0,0.0,0.0,0.0,0.0,0.0,0.0,0.0,0.0,26.42,0.0,0.0,0.0,0.0,0.0,0.0
1782920950.564,0.0,0.0,0.0,0.0,0.0,0.0,0.0,0.0,0.0,26.42,0.0,0.0,0.0,0.0,0.0,0.0
1782920955.574,0.0,0.0,0.0,0.0,0.0,0.0,0.0,0.0,0.0,26.42,0.0,0.0,0.0,0.0,0.0,0.0
1782920960.59,0.0,0.0,0.0,0.0,0.0,0.0,0.0,0.0,0.0,26.41,0.0,0.0,0.0,0.0,0.0,0.0
1782920965.622,0.0,0.0,0.0,0.0,0.0,0.0,0.0,0.0,0.0,26.41,0.0,0.0,0.0,0.0,0.0,0.0
1782920970.645,0.0,0.0,0.0,0.0,0.0,0.0,0.0,0.0,0.0,26.4,0.0,0.0,0.0,0.0,0.0,0.0
1782920975.661,0.0,0.0,0.0,0.0,0.0,0.0,0.0,0.0,0.0,26.4,0.0,0.0,0.0,0.0,0.0,0.0
1782920980.681,0.0,0.0,0.0,0.0,0.0,0.0,0.0,0.0,0.0,26.4,0.0,0.0,0.0,0.0,0.0,0.0
1782920985.706,0.0,0.0,0.0,0.0,0.0,0.0,0.0,0.0,0.0,26.39,0.0,0.0,0.0,0.0,0.0,0.0
1782920990.729,0.0,0.0,0.0,0.0,0.0,0.0,0.0,0.0,0.0,26.39,0.0,0.0,0.0,0.0,0.0,0.0
1782920995.758,0.0,0.0,0.0,0.0,0.0,0.0,0.0,0.0,0.0,26.38,0.0,0.0,0.0,0.0,0.0,0.0
1782921000.772,0.0,0.0,0.0,0.0,0.0,0.0,0.0,0.0,0.0,26.38,0.0,0.0,0.0,0.0,0.0,0.0
1782921005.803,0.0,0.0,0.0,0.0,0.0,0.0,0.0,0.0,0.0,26.37,0.0,0.0,0.0,0.0,0.0,0.0
1782921010.831,0.0,0.0,0.0,0.0,0.0,0.0,0.0,0.0,0.0,26.37,0.0,0.0,0.0,0.0,0.0,0.0
1782921015.854,0.0,0.0,0.0,0.0,0.0,0.0,0.0,0.0,0.0,26.37,0.0,0.0,0.0,0.0,0.0,0.0
1782921020.877,0.0,0.0,0.0,0.0,0.0,0.0,0.0,0.0,0.0,26.36,0.0,0.0,0.0,0.0,0.0,0.0
1782921025.901,0.0,0.0,0.0,0.0,0.0,0.0,0.0,0.0,0.0,26.36,0.0,0.0,0.0,0.0,0.0,0.0
1782921030.916,0.0,0.0,0.0,0.0,0.0,0.0,0.0,0.0,0.0,26.35,0.0,0.0,0.0,0.0,0.0,0.0
1782921035.94,0.0,0.0,0.0,0.0,0.0,0.0,0.0,0.0,0.0,26.35,0.0,0.0,0.0,0.0,0.0,0.0
1782921040.974,0.0,0.0,0.0,0.0,0.0,0.0,0.0,0.0,0.0,26.35,0.0,0.0,0.0,0.0,0.0,0.0
1782921045.993,0.0,0.0,0.0,0.0,0.0,0.0,0.0,0.0,0.0,26.35,0.0,0.0,0.0,0.0,0.0,0.0
1782921051.012,0.0,0.0,0.0,0.0,0.0,0.0,0.0,0.0,0.0,26.34,0.0,0.0,0.0,0.0,0.0,0.0
1782921056.037,0.0,0.0,0.0,0.0,0.0,0.0,0.0,0.0,0.0,26.35,0.0,0.0,0.0,0.0,0.0,0.0
1782921061.057,0.0,0.0,0.0,0.0,0.0,0.0,0.0,0.0,0.0,26.35,0.0,0.0,0.0,0.0,0.0,0.0
1782921066.092,0.0,0.0,0.0,0.0,0.0,0.0,0.0,0.0,0.0,26.35,0.0,0.0,0.0,0.0,0.0,0.0
1782921071.114,0.0,0.0,0.0,0.0,0.0,0.0,0.0,0.0,0.0,26.34,0.0,0.0,0.0,0.0,0.0,0.0
1782921076.133,0.0,0.0,0.0,0.0,0.0,0.0,0.0,0.0,0.0,26.35,0.0,0.0,0.0,0.0,0.0,0.0
1782921081.152,0.0,0.0,0.0,0.0,0.0,0.0,0.0,0.0,0.0,26.35,0.0,0.0,0.0,0.0,0.0,0.0
1782921086.176,0.0,0.0,0.0,0.0,0.0,0.0,0.0,0.0,0.0,26.35,0.0,0.0,0.0,0.0,0.0,0.0
1782921091.207,0.0,0.0,0.0,0.0,0.0,0.0,0.0,0.0,0.0,26.35,0.0,0.0,0.0,0.0,0.0,0.0
1782921096.225,0.0,0.0,0.0,0.0,0.0,0.0,0.0,0.0,0.0,26.35,0.0,0.0,0.0,0.0,0.0,0.0
1782921101.24,0.0,0.0,0.0,0.0,0.0,0.0,0.0,0.0,0.0,26.35,0.0,0.0,0.0,0.0,0.0,0.0
1782921106.264,0.0,0.0,0.0,0.0,0.0,0.0,0.0,0.0,0.0,26.35,0.0,0.0,0.0,0.0,0.0,0.0
1782921111.293,0.0,0.0,0.0,0.0,0.0,0.0,0.0,0.0,0.0,26.36,0.0,0.0,0.0,0.0,0.0,0.0
1782921116.317,0.0,0.0,0.0,0.0,0.0,0.0,0.0,0.0,0.0,26.36,0.0,0.0,0.0,0.0,0.0,0.0
1782921121.332,0.0,0.0,0.0,0.0,0.0,0.0,0.0,0.0,0.0,26.36,0.0,0.0,0.0,0.0,0.0,0.0
1782921126.366,0.0,0.0,0.0,0.0,0.0,0.0,0.0,0.0,0.0,26.36,0.0,0.0,0.0,0.0,0.0,0.0
1782921131.381,0.0,0.0,0.0,0.0,0.0,0.0,0.0,0.0,0.0,26.36,0.0,0.0,0.0,0.0,0.0,0.0
1782921136.404,0.0,0.0,0.0,0.0,0.0,0.0,0.0,0.0,0.0,26.37,0.0,0.0,0.0,0.0,0.0,0.0
1782921141.433,0.0,0.0,0.0,0.0,0.0,0.0,0.0,0.0,0.0,26.37,0.0,0.0,0.0,0.0,0.0,0.0
1782921146.452,0.0,0.0,0.0,0.0,0.0,0.0,0.0,0.0,0.0,26.37,0.0,0.0,0.0,0.0,0.0,0.0
1782921151.477,0.0,0.0,0.0,0.0,0.0,0.0,0.0,0.0,0.0,26.38,0.0,0.0,0.0,0.0,0.0,0.0
1782921156.503,0.0,0.0,0.0,0.0,0.0,0.0,0.0,0.0,0.0,26.38,0.0,0.0,0.0,0.0,0.0,0.0
1782921161.524,0.0,0.0,0.0,0.0,0.0,0.0,0.0,0.0,0.0,26.38,0.0,0.0,0.0,0.0,0.0,0.0
1782921166.548,0.0,0.0,0.0,0.0,0.0,0.0,0.0,0.0,0.0,26.39,0.0,0.0,0.0,0.0,0.0,0.0
1782921171.586,0.0,0.0,0.0,0.0,0.0,0.0,0.0,0.0,0.0,26.39,0.0,0.0,0.0,0.0,0.0,0.0
1782921176.61,0.0,0.0,0.0,0.0,0.0,0.0,0.0,0.0,0.0,26.39,0.0,0.0,0.0,0.0,0.0,0.0
1782921181.635,0.0,0.0,0.0,0.0,0.0,0.0,0.0,0.0,0.0,26.39,0.0,0.0,0.0,0.0,0.0,0.0
1782921186.655,0.0,0.0,0.0,0.0,0.0,0.0,0.0,0.0,0.0,26.4,0.0,0.0,0.0,0.0,0.0,0.0
1782921191.684,0.0,0.0,0.0,0.0,0.0,0.0,0.0,0.0,0.0,26.4,0.0,0.0,0.0,0.0,0.0,0.0
1782921196.706,0.0,0.0,0.0,0.0,0.0,0.0,0.0,0.0,0.0,26.4,0.0,0.0,0.0,0.0,0.0,0.0
1782921201.73,0.0,0.0,0.0,0.0,0.0,0.0,0.0,0.0,0.0,26.41,0.0,0.0,0.0,0.0,0.0,0.0
1782921206.75,0.0,0.0,0.0,0.0,0.0,0.0,0.0,0.0,0.0,26.41,0.0,0.0,0.0,0.0,0.0,0.0
1782921211.767,0.0,0.0,0.0,0.0,0.0,0.0,0.0,0.0,0.0,26.41,0.0,0.0,0.0,0.0,0.0,0.0
1782921216.798,0.0,0.0,0.0,0.0,0.0,0.0,0.0,0.0,0.0,26.41,0.0,0.0,0.0,0.0,0.0,0.0
1782921221.822,0.0,0.0,0.0,0.0,0.0,0.0,0.0,0.0,0.0,26.42,0.0,0.0,0.0,0.0,0.0,0.0
1782921226.838,0.0,0.0,0.0,0.0,0.0,0.0,0.0,0.0,0.0,26.42,0.0,0.0,0.0,0.0,0.0,0.0
1782921231.865,0.0,0.0,0.0,0.0,0.0,0.0,0.0,0.0,0.0,26.42,0.0,0.0,0.0,0.0,0.0,0.0
1782921236.885,0.0,0.0,0.0,0.0,0.0,0.0,0.0,0.0,0.0,26.42,0.0,0.0,0.0,0.0,0.0,0.0
1782921241.914,0.0,0.0,0.0,0.0,0.0,0.0,0.0,0.0,0.0,26.43,0.0,0.0,0.0,0.0,0.0,0.0
1782921246.942,0.0,0.0,0.0,0.0,0.0,0.0,0.0,0.0,0.0,26.43,0.0,0.0,0.0,0.0,0.0,0.0
1782921251.966,0.0,0.0,0.0,0.0,0.0,0.0,0.0,0.0,0.0,26.43,0.0,0.0,0.0,0.0,0.0,0.0
1782921256.981,0.0,0.0,0.0,0.0,0.0,0.0,0.0,0.0,0.0,26.44,0.0,0.0,0.0,0.0,0.0,0.0
1782921262.01,0.0,0.0,0.0,0.0,0.0,0.0,0.0,0.0,0.0,26.44,0.0,0.0,0.0,0.0,0.0,0.0
1782921267.038,0.0,0.0,0.0,0.0,0.0,0.0,0.0,0.0,0.0,26.44,0.0,0.0,0.0,0.0,0.0,0.0
1782921272.056,0.0,0.0,0.0,0.0,0.0,0.0,0.0,0.0,0.0,26.44,0.0,0.0,0.0,0.0,0.0,0.0
1782921277.08,0.0,0.0,0.0,0.0,0.0,0.0,0.0,0.0,0.0,26.45,0.0,0.0,0.0,0.0,0.0,0.0
1782921282.095,0.0,0.0,0.0,0.0,0.0,0.0,0.0,0.0,0.0,26.45,0.0,0.0,0.0,0.0,0.0,0.0
1782921287.112,0.0,0.0,0.0,0.0,0.0,0.0,0.0,0.0,0.0,26.46,0.0,0.0,0.0,0.0,0.0,0.0
1782921292.145,0.0,0.0,0.0,0.0,0.0,0.0,0.0,0.0,0.0,26.46,0.0,0.0,0.0,0.0,0.0,0.0
1782921297.165,0.0,0.0,0.0,0.0,0.0,0.0,0.0,0.0,0.0,26.46,0.0,0.0,0.0,0.0,0.0,0.0
1782921302.187,0.0,0.0,0.0,0.0,0.0,0.0,0.0,0.0,0.0,26.47,0.0,0.0,0.0,0.0,0.0,0.0
1782921307.213,0.0,0.0,0.0,0.0,0.0,0.0,0.0,0.0,0.0,26.47,0.0,0.0,0.0,0.0,0.0,0.0
1782921312.233,0.0,0.0,0.0,0.0,0.0,0.0,0.0,0.0,0.0,26.48,0.0,0.0,0.0,0.0,0.0,0.0
1782921317.261,0.0,0.0,0.0,0.0,0.0,0.0,0.0,0.0,0.0,26.48,0.0,0.0,0.0,0.0,0.0,0.0
1782921322.278,0.0,0.0,0.0,0.0,0.0,0.0,0.0,0.0,0.0,26.48,0.0,0.0,0.0,0.0,0.0,0.0
1782921327.284,0.0,0.0,0.0,0.0,0.0,0.0,0.0,0.0,0.0,26.49,0.0,0.0,0.0,0.0,0.0,0.0
1782921332.301,0.0,0.0,0.0,0.0,0.0,0.0,0.0,0.0,0.0,26.49,0.0,0.0,0.0,0.0,0.0,0.0
1782921337.316,0.0,0.0,0.0,0.0,0.0,0.0,0.0,0.0,0.0,26.49,0.0,0.0,0.0,0.0,0.0,0.0
1782921342.326,0.0,0.0,0.0,0.0,0.0,0.0,0.0,0.0,0.0,26.5,0.0,0.0,0.0,0.0,0.0,0.0
1782921347.34,0.0,0.0,0.0,0.0,0.0,0.0,0.0,0.0,0.0,26.5,0.0,0.0,0.0,0.0,0.0,0.0
1782921352.353,0.0,0.0,0.0,0.0,0.0,0.0,0.0,0.0,0.0,26.51,0.0,0.0,0.0,0.0,0.0,0.0
1782921357.364,0.0,0.0,0.0,0.0,0.0,0.0,0.0,0.0,0.0,26.51,0.0,0.0,0.0,0.0,0.0,0.0
1782921362.38,0.0,0.0,0.0,0.0,0.0,0.0,0.0,0.0,0.0,26.51,0.0,0.0,0.0,0.0,0.0,0.0
1782921367.391,0.0,0.0,0.0,0.0,0.0,0.0,0.0,0.0,0.0,26.52,0.0,0.0,0.0,0.0,0.0,0.0
1782921372.402,0.0,0.0,0.0,0.0,0.0,0.0,0.0,0.0,0.0,26.52,0.0,0.0,0.0,0.0,0.0,0.0
1782921377.414,0.0,0.0,0.0,0.0,0.0,0.0,0.0,0.0,0.0,26.52,0.0,0.0,0.0,0.0,0.0,0.0
1782921382.424,0.0,0.0,0.0,0.0,0.0,0.0,0.0,0.0,0.0,26.53,0.0,0.0,0.0,0.0,0.0,0.0
1782921387.438,0.0,0.0,0.0,0.0,0.0,0.0,0.0,0.0,0.0,26.53,0.0,0.0,0.0,0.0,0.0,0.0
1782921392.455,0.0,0.0,0.0,0.0,0.0,0.0,0.0,0.0,0.0,26.53,0.0,0.0,0.0,0.0,0.0,0.0
1782921397.46,0.0,0.0,0.0,0.0,0.0,0.0,0.0,0.0,0.0,26.54,0.0,0.0,0.0,0.0,0.0,0.0
1782921402.472,0.0,0.0,0.0,0.0,0.0,0.0,0.0,0.0,0.0,26.54,0.0,0.0,0.0,0.0,0.0,0.0
1782921407.488,0.0,0.0,0.0,0.0,0.0,0.0,0.0,0.0,0.0,26.54,0.0,0.0,0.0,0.0,0.0,0.0
1782921412.5,0.0,0.0,0.0,0.0,0.0,0.0,0.0,0.0,0.0,26.55,0.0,0.0,0.0,0.0,0.0,0.0
1782921417.511,0.0,0.0,0.0,0.0,0.0,0.0,0.0,0.0,0.0,26.55,0.0,0.0,0.0,0.0,0.0,0.0
1782921422.526,0.0,0.0,0.0,0.0,0.0,0.0,0.0,0.0,0.0,26.55,0.0,0.0,0.0,0.0,0.0,0.0
1782921427.536,0.0,0.0,0.0,0.0,0.0,0.0,0.0,0.0,0.0,26.56,0.0,0.0,0.0,0.0,0.0,0.0
1782921432.552,0.0,0.0,0.0,0.0,0.0,0.0,0.0,0.0,0.0,26.56,0.0,0.0,0.0,0.0,0.0,0.0
1782921437.562,0.0,0.0,0.0,0.0,0.0,0.0,0.0,0.0,0.0,26.57,0.0,0.0,0.0,0.0,0.0,0.0
1782921442.572,0.0,0.0,0.0,0.0,0.0,0.0,0.0,0.0,0.0,26.57,0.0,0.0,0.0,0.0,0.0,0.0
1782921447.584,0.0,0.0,0.0,0.0,0.0,0.0,0.0,0.0,0.0,26.57,0.0,0.0,0.0,0.0,0.0,0.0
1782921452.589,0.0,0.0,0.0,0.0,0.0,0.0,0.0,0.0,0.0,26.58,0.0,0.0,0.0,0.0,0.0,0.0
1782921457.607,0.0,0.0,0.0,0.0,0.0,0.0,0.0,0.0,0.0,26.58,0.0,0.0,0.0,0.0,0.0,0.0
1782921462.621,0.0,0.0,0.0,0.0,0.0,0.0,0.0,0.0,0.0,26.58,0.0,0.0,0.0,0.0,0.0,0.0
1782921467.632,0.0,0.0,0.0,0.0,0.0,0.0,0.0,0.0,0.0,26.59,0.0,0.0,0.0,0.0,0.0,0.0
1782921472.644,0.0,0.0,0.0,0.0,0.0,0.0,0.0,0.0,0.0,26.59,0.0,0.0,0.0,0.0,0.0,0.0
1782921477.653,0.0,0.0,0.0,0.0,0.0,0.0,0.0,0.0,0.0,26.59,0.0,0.0,0.0,0.0,0.0,0.0
1782921482.668,0.0,0.0,0.0,0.0,0.0,0.0,0.0,0.0,0.0,26.6,0.0,0.0,0.0,0.0,0.0,0.0
1782921487.679,0.0,0.0,0.0,0.0,0.0,0.0,0.0,0.0,0.0,26.6,0.0,0.0,0.0,0.0,0.0,0.0
1782921492.693,0.0,0.0,0.0,0.0,0.0,0.0,0.0,0.0,0.0,26.61,0.0,0.0,0.0,0.0,0.0,0.0
1782921497.7,0.0,0.0,0.0,0.0,0.0,0.0,0.0,0.0,0.0,26.61,0.0,0.0,0.0,0.0,0.0,0.0
1782921502.712,0.0,0.0,0.0,0.0,0.0,0.0,0.0,0.0,0.0,26.62,0.0,0.0,0.0,0.0,0.0,0.0
1782921507.727,0.0,0.0,0.0,0.0,0.0,0.0,0.0,0.0,0.0,26.62,0.0,0.0,0.0,0.0,0.0,0.0
1782921512.74,0.0,0.0,0.0,0.0,0.0,0.0,0.0,0.0,0.0,26.62,0.0,0.0,0.0,0.0,0.0,0.0
1782921517.752,0.0,0.0,0.0,0.0,0.0,0.0,0.0,0.0,0.0,26.63,0.0,0.0,0.0,0.0,0.0,0.0
1782921522.763,0.0,0.0,0.0,0.0,0.0,0.0,0.0,0.0,0.0,26.63,0.0,0.0,0.0,0.0,0.0,0.0
1782921527.774,0.0,0.0,0.0,0.0,0.0,0.0,0.0,0.0,0.0,26.63,0.0,0.0,0.0,0.0,0.0,0.0
1782921532.788,0.0,0.0,0.0,0.0,0.0,0.0,0.0,0.0,0.0,26.64,0.0,0.0,0.0,0.0,0.0,0.0
1782921537.797,0.0,0.0,0.0,0.0,0.0,0.0,0.0,0.0,0.0,26.64,0.0,0.0,0.0,0.0,0.0,0.0
1782921542.81,0.0,0.0,0.0,0.0,0.0,0.0,0.0,0.0,0.0,26.65,0.0,0.0,0.0,0.0,0.0,0.0
1782921547.826,0.0,0.0,0.0,0.0,0.0,0.0,0.0,0.0,0.0,26.65,0.0,0.0,0.0,0.0,0.0,0.0
1782921552.838,0.0,0.0,0.0,0.0,0.0,0.0,0.0,0.0,0.0,26.66,0.0,0.0,0.0,0.0,0.0,0.0
1782921557.847,0.0,0.0,0.0,0.0,0.0,0.0,0.0,0.0,0.0,26.66,0.0,0.0,0.0,0.0,0.0,0.0
1782921562.862,0.0,0.0,0.0,0.0,0.0,0.0,0.0,0.0,0.0,26.66,0.0,0.0,0.0,0.0,0.0,0.0
1782921567.873,0.0,0.0,0.0,0.0,0.0,0.0,0.0,0.0,0.0,26.67,0.0,0.0,0.0,0.0,0.0,0.0
1782921572.888,0.0,0.0,0.0,0.0,0.0,0.0,0.0,0.0,0.0,26.67,0.0,0.0,0.0,0.0,0.0,0.0
1782921577.903,0.0,0.0,0.0,0.0,0.0,0.0,0.0,0.0,0.0,26.68,0.0,0.0,0.0,0.0,0.0,0.0
1782921582.912,0.0,0.0,0.0,0.0,0.0,0.0,0.0,0.0,0.0,26.68,0.0,0.0,0.0,0.0,0.0,0.0
1782921587.925,0.0,0.0,0.0,0.0,0.0,0.0,0.0,0.0,0.0,26.68,0.0,0.0,0.0,0.0,0.0,0.0
1782921592.938,0.0,0.0,0.0,0.0,0.0,0.0,0.0,0.0,0.0,26.69,0.0,0.0,0.0,0.0,0.0,0.0
1782921597.947,0.0,0.0,0.0,0.0,0.0,0.0,0.0,0.0,0.0,26.69,0.0,0.0,0.0,0.0,0.0,0.0
